ISO-10303-21;
HEADER;
FILE_DESCRIPTION(('FreeCAD Model'),'2;1');
FILE_NAME('Open CASCADE Shape Model','2026-06-11T06:34:06',(''),(''),
  'Open CASCADE STEP processor 7.8','FreeCAD','Unknown');
FILE_SCHEMA(('AUTOMOTIVE_DESIGN { 1 0 10303 214 1 1 1 1 }'));
ENDSEC;
DATA;
#1 = APPLICATION_PROTOCOL_DEFINITION('international standard',
  'automotive_design',2000,#2);
#2 = APPLICATION_CONTEXT(
  'core data for automotive mechanical design processes');
#3 = SHAPE_DEFINITION_REPRESENTATION(#4,#10);
#4 = PRODUCT_DEFINITION_SHAPE('','',#5);
#5 = PRODUCT_DEFINITION('design','',#6,#9);
#6 = PRODUCT_DEFINITION_FORMATION('','',#7);
#7 = PRODUCT('Pocket002','Pocket002','',(#8));
#8 = PRODUCT_CONTEXT('',#2,'mechanical');
#9 = PRODUCT_DEFINITION_CONTEXT('part definition',#2,'design');
#10 = ADVANCED_BREP_SHAPE_REPRESENTATION('',(#11,#15),#3031);
#11 = AXIS2_PLACEMENT_3D('',#12,#13,#14);
#12 = CARTESIAN_POINT('',(0.,0.,0.));
#13 = DIRECTION('',(0.,0.,1.));
#14 = DIRECTION('',(1.,0.,-0.));
#15 = MANIFOLD_SOLID_BREP('',#16);
#16 = CLOSED_SHELL('',(#17,#58,#608,#641,#666,#736,#794,#827,#845,#910,
    #927,#954,#985,#1013,#1037,#1061,#1089,#1113,#1137,#1165,#1193,#1221
    ,#1249,#1277,#1305,#1333,#1361,#1389,#1417,#1445,#1473,#1501,#1518,
    #1553,#1581,#1609,#1637,#1665,#1682,#1717,#1745,#1773,#1801,#1829,
    #1846,#1881,#1909,#1937,#1958,#1989,#2013,#2037,#2065,#2089,#2113,
    #2137,#2161,#2178,#2213,#2241,#2269,#2297,#2325,#2353,#2374,#2431,
    #2474,#2539,#2557,#2575,#2587,#2613,#2648,#2660,#2689,#2703,#2717,
    #2729,#2746,#2799,#2819,#2839,#2874,#2902,#2930,#2951,#2976,#3001,
    #3013,#3022));
#17 = ADVANCED_FACE('',(#18),#53,.F.);
#18 = FACE_BOUND('',#19,.F.);
#19 = EDGE_LOOP('',(#20,#30,#39,#47));
#20 = ORIENTED_EDGE('',*,*,#21,.T.);
#21 = EDGE_CURVE('',#22,#24,#26,.T.);
#22 = VERTEX_POINT('',#23);
#23 = CARTESIAN_POINT('',(-7.589014910633,22.225,74.0791));
#24 = VERTEX_POINT('',#25);
#25 = CARTESIAN_POINT('',(-7.589014910633,17.045850186097,74.0791));
#26 = LINE('',#27,#28);
#27 = CARTESIAN_POINT('',(-7.589014910633,22.225,74.0791));
#28 = VECTOR('',#29,1.);
#29 = DIRECTION('',(0.,-1.,2.22044604925E-16));
#30 = ORIENTED_EDGE('',*,*,#31,.T.);
#31 = EDGE_CURVE('',#24,#32,#34,.T.);
#32 = VERTEX_POINT('',#33);
#33 = CARTESIAN_POINT('',(-7.589014910633,17.045850186097,60.7949));
#34 = CIRCLE('',#35,7.9375);
#35 = AXIS2_PLACEMENT_3D('',#36,#37,#38);
#36 = CARTESIAN_POINT('',(-7.589014910633,12.7,67.437));
#37 = DIRECTION('',(-1.,0.,0.));
#38 = DIRECTION('',(0.,-1.,0.));
#39 = ORIENTED_EDGE('',*,*,#40,.F.);
#40 = EDGE_CURVE('',#41,#32,#43,.T.);
#41 = VERTEX_POINT('',#42);
#42 = CARTESIAN_POINT('',(-7.589014910633,22.225,60.7949));
#43 = LINE('',#44,#45);
#44 = CARTESIAN_POINT('',(-7.589014910633,22.225,60.7949));
#45 = VECTOR('',#46,1.);
#46 = DIRECTION('',(0.,-1.,2.22044604925E-16));
#47 = ORIENTED_EDGE('',*,*,#48,.F.);
#48 = EDGE_CURVE('',#22,#41,#49,.T.);
#49 = LINE('',#50,#51);
#50 = CARTESIAN_POINT('',(-7.589014910633,22.225,74.0791));
#51 = VECTOR('',#52,1.);
#52 = DIRECTION('',(0.,-2.22044604925E-16,-1.));
#53 = PLANE('',#54);
#54 = AXIS2_PLACEMENT_3D('',#55,#56,#57);
#55 = CARTESIAN_POINT('',(-7.589014910633,22.225,74.0791));
#56 = DIRECTION('',(1.,0.,0.));
#57 = DIRECTION('',(0.,-2.22044604925E-16,-1.));
#58 = ADVANCED_FACE('',(#59,#130,#315,#370,#425,#463,#538),#603,.T.);
#59 = FACE_BOUND('',#60,.T.);
#60 = EDGE_LOOP('',(#61,#62,#77,#85,#100,#108,#116,#124));
#61 = ORIENTED_EDGE('',*,*,#21,.T.);
#62 = ORIENTED_EDGE('',*,*,#63,.F.);
#63 = EDGE_CURVE('',#64,#24,#66,.T.);
#64 = VERTEX_POINT('',#65);
#65 = CARTESIAN_POINT('',(-7.589014910633,8.354149813903,74.0791));
#66 = ( BOUNDED_CURVE() B_SPLINE_CURVE(9,(#67,#68,#69,#70,#71,#72,#73,
#74,#75,#76),.UNSPECIFIED.,.F.,.F.) B_SPLINE_CURVE_WITH_KNOTS((10,10),(
4.721600563207,10.240234449514),.PIECEWISE_BEZIER_KNOTS.) CURVE() 
GEOMETRIC_REPRESENTATION_ITEM() RATIONAL_B_SPLINE_CURVE((1.,1.,1.,1.,1.,
1.,1.,1.,1.,1.)) REPRESENTATION_ITEM('') );
#67 = CARTESIAN_POINT('',(-7.589014910633,8.354149813903,74.0791));
#68 = CARTESIAN_POINT('',(-7.589014910633,9.575431456238,74.0791));
#69 = CARTESIAN_POINT('',(-7.589014910633,10.565259545603,74.0791));
#70 = CARTESIAN_POINT('',(-7.589014910633,11.457106374514,74.0791));
#71 = CARTESIAN_POINT('',(-7.589014910633,12.289287533421,74.0791));
#72 = CARTESIAN_POINT('',(-7.589014910633,13.110712466579,74.0791));
#73 = CARTESIAN_POINT('',(-7.589014910633,13.942893625486,74.0791));
#74 = CARTESIAN_POINT('',(-7.589014910633,14.834740454397,74.0791));
#75 = CARTESIAN_POINT('',(-7.589014910633,15.824568543762,74.0791));
#76 = CARTESIAN_POINT('',(-7.589014910633,17.045850186097,74.0791));
#77 = ORIENTED_EDGE('',*,*,#78,.T.);
#78 = EDGE_CURVE('',#64,#79,#81,.T.);
#79 = VERTEX_POINT('',#80);
#80 = CARTESIAN_POINT('',(-7.589014910633,-8.354149813903,74.0791));
#81 = LINE('',#82,#83);
#82 = CARTESIAN_POINT('',(-7.589014910633,22.225,74.0791));
#83 = VECTOR('',#84,1.);
#84 = DIRECTION('',(0.,-1.,2.22044604925E-16));
#85 = ORIENTED_EDGE('',*,*,#86,.F.);
#86 = EDGE_CURVE('',#87,#79,#89,.T.);
#87 = VERTEX_POINT('',#88);
#88 = CARTESIAN_POINT('',(-7.589014910633,-17.04585018609,74.0791));
#89 = ( BOUNDED_CURVE() B_SPLINE_CURVE(9,(#90,#91,#92,#93,#94,#95,#96,
#97,#98,#99),.UNSPECIFIED.,.F.,.F.) B_SPLINE_CURVE_WITH_KNOTS((10,10),(
4.721600563207,10.240234449514),.PIECEWISE_BEZIER_KNOTS.) CURVE() 
GEOMETRIC_REPRESENTATION_ITEM() RATIONAL_B_SPLINE_CURVE((1.,1.,1.,1.,1.,
1.,1.,1.,1.,1.)) REPRESENTATION_ITEM('') );
#90 = CARTESIAN_POINT('',(-7.589014910633,-17.04585018609,74.0791));
#91 = CARTESIAN_POINT('',(-7.589014910633,-15.82456854376,74.0791));
#92 = CARTESIAN_POINT('',(-7.589014910633,-14.83474045439,74.0791));
#93 = CARTESIAN_POINT('',(-7.589014910633,-13.94289362548,74.0791));
#94 = CARTESIAN_POINT('',(-7.589014910633,-13.11071246657,74.0791));
#95 = CARTESIAN_POINT('',(-7.589014910633,-12.28928753342,74.0791));
#96 = CARTESIAN_POINT('',(-7.589014910633,-11.45710637451,74.0791));
#97 = CARTESIAN_POINT('',(-7.589014910633,-10.5652595456,74.0791));
#98 = CARTESIAN_POINT('',(-7.589014910633,-9.575431456238,74.0791));
#99 = CARTESIAN_POINT('',(-7.589014910633,-8.354149813903,74.0791));
#100 = ORIENTED_EDGE('',*,*,#101,.T.);
#101 = EDGE_CURVE('',#87,#102,#104,.T.);
#102 = VERTEX_POINT('',#103);
#103 = CARTESIAN_POINT('',(-7.589014910633,-22.225,74.0791));
#104 = LINE('',#105,#106);
#105 = CARTESIAN_POINT('',(-7.589014910633,22.225,74.0791));
#106 = VECTOR('',#107,1.);
#107 = DIRECTION('',(0.,-1.,2.22044604925E-16));
#108 = ORIENTED_EDGE('',*,*,#109,.T.);
#109 = EDGE_CURVE('',#102,#110,#112,.T.);
#110 = VERTEX_POINT('',#111);
#111 = CARTESIAN_POINT('',(1.935985089367,-22.225,74.0791));
#112 = LINE('',#113,#114);
#113 = CARTESIAN_POINT('',(-7.589014910633,-22.225,74.0791));
#114 = VECTOR('',#115,1.);
#115 = DIRECTION('',(1.,0.,0.));
#116 = ORIENTED_EDGE('',*,*,#117,.F.);
#117 = EDGE_CURVE('',#118,#110,#120,.T.);
#118 = VERTEX_POINT('',#119);
#119 = CARTESIAN_POINT('',(1.935985089367,22.225,74.0791));
#120 = LINE('',#121,#122);
#121 = CARTESIAN_POINT('',(1.935985089367,22.225,74.0791));
#122 = VECTOR('',#123,1.);
#123 = DIRECTION('',(0.,-1.,2.22044604925E-16));
#124 = ORIENTED_EDGE('',*,*,#125,.F.);
#125 = EDGE_CURVE('',#22,#118,#126,.T.);
#126 = LINE('',#127,#128);
#127 = CARTESIAN_POINT('',(-7.589014910633,22.225,74.0791));
#128 = VECTOR('',#129,1.);
#129 = DIRECTION('',(1.,0.,0.));
#130 = FACE_BOUND('',#131,.T.);
#131 = EDGE_LOOP('',(#132,#142,#150,#159,#168,#177,#186,#195,#204,#213,
    #222,#231,#240,#249,#258,#267,#275,#283,#292,#300,#308));
#132 = ORIENTED_EDGE('',*,*,#133,.F.);
#133 = EDGE_CURVE('',#134,#136,#138,.T.);
#134 = VERTEX_POINT('',#135);
#135 = CARTESIAN_POINT('',(-3.792637404736,14.482025008098,74.0791));
#136 = VERTEX_POINT('',#137);
#137 = CARTESIAN_POINT('',(-3.792637404736,13.542722973899,74.0791));
#138 = LINE('',#139,#140);
#139 = CARTESIAN_POINT('',(-3.792637404736,14.482025008098,74.0791));
#140 = VECTOR('',#141,1.);
#141 = DIRECTION('',(-2.22044604925E-16,-1.,0.));
#142 = ORIENTED_EDGE('',*,*,#143,.F.);
#143 = EDGE_CURVE('',#144,#134,#146,.T.);
#144 = VERTEX_POINT('',#145);
#145 = CARTESIAN_POINT('',(-4.200900720381,14.683270585928,74.0791));
#146 = LINE('',#147,#148);
#147 = CARTESIAN_POINT('',(-4.200900720381,14.683270585928,74.0791));
#148 = VECTOR('',#149,1.);
#149 = DIRECTION('',(0.896949078742,-0.442133859984,0.));
#150 = ORIENTED_EDGE('',*,*,#151,.F.);
#151 = EDGE_CURVE('',#152,#144,#154,.T.);
#152 = VERTEX_POINT('',#153);
#153 = CARTESIAN_POINT('',(-4.623360429501,13.633829499057,74.0791));
#154 = B_SPLINE_CURVE_WITH_KNOTS('',3,(#155,#156,#157,#158),
  .UNSPECIFIED.,.F.,.F.,(4,4),(0.,1.),.PIECEWISE_BEZIER_KNOTS.);
#155 = CARTESIAN_POINT('',(-4.623360429501,13.633829499057,74.0791));
#156 = CARTESIAN_POINT('',(-4.412130574941,13.844747344969,74.0791));
#157 = CARTESIAN_POINT('',(-4.30167951362,14.117910916116,74.0791));
#158 = CARTESIAN_POINT('',(-4.200900720381,14.683270585928,74.0791));
#159 = ORIENTED_EDGE('',*,*,#160,.F.);
#160 = EDGE_CURVE('',#161,#152,#163,.T.);
#161 = VERTEX_POINT('',#162);
#162 = CARTESIAN_POINT('',(-5.430058788384,13.307936466431,74.0791));
#163 = B_SPLINE_CURVE_WITH_KNOTS('',3,(#164,#165,#166,#167),
  .UNSPECIFIED.,.F.,.F.,(4,4),(0.,1.),.PIECEWISE_BEZIER_KNOTS.);
#164 = CARTESIAN_POINT('',(-5.430058788384,13.307936466431,74.0791));
#165 = CARTESIAN_POINT('',(-5.084353206623,13.307936466431,74.0791));
#166 = CARTESIAN_POINT('',(-4.863451083982,13.399042991588,74.0791));
#167 = CARTESIAN_POINT('',(-4.623360429501,13.633829499057,74.0791));
#168 = ORIENTED_EDGE('',*,*,#169,.F.);
#169 = EDGE_CURVE('',#170,#161,#172,.T.);
#170 = VERTEX_POINT('',#171);
#171 = CARTESIAN_POINT('',(-6.284806479029,13.624157230975,74.0791));
#172 = B_SPLINE_CURVE_WITH_KNOTS('',3,(#173,#174,#175,#176),
  .UNSPECIFIED.,.F.,.F.,(4,4),(0.,1.),.PIECEWISE_BEZIER_KNOTS.);
#173 = CARTESIAN_POINT('',(-6.284806479029,13.624157230975,74.0791));
#174 = CARTESIAN_POINT('',(-6.068740490428,13.408559255346,74.0791));
#175 = CARTESIAN_POINT('',(-5.794952901985,13.307936466431,74.0791));
#176 = CARTESIAN_POINT('',(-5.430058788384,13.307936466431,74.0791));
#177 = ORIENTED_EDGE('',*,*,#178,.F.);
#178 = EDGE_CURVE('',#179,#170,#181,.T.);
#179 = VERTEX_POINT('',#180);
#180 = CARTESIAN_POINT('',(-6.65890484774,14.611508596934,74.0791));
#181 = B_SPLINE_CURVE_WITH_KNOTS('',3,(#182,#183,#184,#185),
  .UNSPECIFIED.,.F.,.F.,(4,4),(0.,1.),.PIECEWISE_BEZIER_KNOTS.);
#182 = CARTESIAN_POINT('',(-6.65890484774,14.611508596934,74.0791));
#183 = CARTESIAN_POINT('',(-6.65890484774,14.213697570991,74.0791));
#184 = CARTESIAN_POINT('',(-6.529577263227,13.868616006525,74.0791));
#185 = CARTESIAN_POINT('',(-6.284806479029,13.624157230975,74.0791));
#186 = ORIENTED_EDGE('',*,*,#187,.F.);
#187 = EDGE_CURVE('',#188,#179,#190,.T.);
#188 = VERTEX_POINT('',#189);
#189 = CARTESIAN_POINT('',(-6.361560606387,15.196056798585,74.0791));
#190 = B_SPLINE_CURVE_WITH_KNOTS('',3,(#191,#192,#193,#194),
  .UNSPECIFIED.,.F.,.F.,(4,4),(0.,1.),.PIECEWISE_BEZIER_KNOTS.);
#191 = CARTESIAN_POINT('',(-6.361560606387,15.196056798585,74.0791));
#192 = CARTESIAN_POINT('',(-6.543929661026,15.196056798585,74.0791));
#193 = CARTESIAN_POINT('',(-6.65890484774,14.975622688915,74.0791));
#194 = CARTESIAN_POINT('',(-6.65890484774,14.611508596934,74.0791));
#195 = ORIENTED_EDGE('',*,*,#196,.F.);
#196 = EDGE_CURVE('',#197,#188,#199,.T.);
#197 = VERTEX_POINT('',#198);
#198 = CARTESIAN_POINT('',(-6.18402768579,14.994811220755,74.0791));
#199 = B_SPLINE_CURVE_WITH_KNOTS('',3,(#200,#201,#202,#203),
  .UNSPECIFIED.,.F.,.F.,(4,4),(0.,1.),.PIECEWISE_BEZIER_KNOTS.);
#200 = CARTESIAN_POINT('',(-6.18402768579,14.994811220755,74.0791));
#201 = CARTESIAN_POINT('',(-6.18402768579,15.128974939308,74.0791));
#202 = CARTESIAN_POINT('',(-6.241593281309,15.196056798585,74.0791));
#203 = CARTESIAN_POINT('',(-6.361560606387,15.196056798585,74.0791));
#204 = ORIENTED_EDGE('',*,*,#205,.F.);
#205 = EDGE_CURVE('',#206,#197,#208,.T.);
#206 = VERTEX_POINT('',#207);
#207 = CARTESIAN_POINT('',(-6.342372074548,14.625860994733,74.0791));
#208 = B_SPLINE_CURVE_WITH_KNOTS('',3,(#209,#210,#211,#212),
  .UNSPECIFIED.,.F.,.F.,(4,4),(0.,1.),.PIECEWISE_BEZIER_KNOTS.);
#209 = CARTESIAN_POINT('',(-6.342372074548,14.625860994733,74.0791));
#210 = CARTESIAN_POINT('',(-6.22724088351,14.779213245126,74.0791));
#211 = CARTESIAN_POINT('',(-6.18402768579,14.884672168082,74.0791));
#212 = CARTESIAN_POINT('',(-6.18402768579,14.994811220755,74.0791));
#213 = ORIENTED_EDGE('',*,*,#214,.F.);
#214 = EDGE_CURVE('',#215,#206,#217,.T.);
#215 = VERTEX_POINT('',#216);
#216 = CARTESIAN_POINT('',(-6.48168393579,14.309484225865,74.0791));
#217 = B_SPLINE_CURVE_WITH_KNOTS('',3,(#218,#219,#220,#221),
  .UNSPECIFIED.,.F.,.F.,(4,4),(0.,1.),.PIECEWISE_BEZIER_KNOTS.);
#218 = CARTESIAN_POINT('',(-6.48168393579,14.309484225865,74.0791));
#219 = CARTESIAN_POINT('',(-6.48168393579,14.405426885063,74.0791));
#220 = CARTESIAN_POINT('',(-6.447987001828,14.482025008098,74.0791));
#221 = CARTESIAN_POINT('',(-6.342372074548,14.625860994733,74.0791));
#222 = ORIENTED_EDGE('',*,*,#223,.F.);
#223 = EDGE_CURVE('',#224,#215,#226,.T.);
#224 = VERTEX_POINT('',#225);
#225 = CARTESIAN_POINT('',(-5.660633179107,13.643345762814,74.0791));
#226 = B_SPLINE_CURVE_WITH_KNOTS('',3,(#227,#228,#229,#230),
  .UNSPECIFIED.,.F.,.F.,(4,4),(0.,1.),.PIECEWISE_BEZIER_KNOTS.);
#227 = CARTESIAN_POINT('',(-5.660633179107,13.643345762814,74.0791));
#228 = CARTESIAN_POINT('',(-6.121469951906,13.643345762814,74.0791));
#229 = CARTESIAN_POINT('',(-6.48168393579,13.930861731761,74.0791));
#230 = CARTESIAN_POINT('',(-6.48168393579,14.309484225865,74.0791));
#231 = ORIENTED_EDGE('',*,*,#232,.F.);
#232 = EDGE_CURVE('',#233,#224,#235,.T.);
#233 = VERTEX_POINT('',#234);
#234 = CARTESIAN_POINT('',(-4.709786824941,14.443647944418,74.0791));
#235 = B_SPLINE_CURVE_WITH_KNOTS('',3,(#236,#237,#238,#239),
  .UNSPECIFIED.,.F.,.F.,(4,4),(0.,1.),.PIECEWISE_BEZIER_KNOTS.);
#236 = CARTESIAN_POINT('',(-4.709786824941,14.443647944418,74.0791));
#237 = CARTESIAN_POINT('',(-4.887475749862,13.892640672406,74.0791));
#238 = CARTESIAN_POINT('',(-5.180451870145,13.643345762814,74.0791));
#239 = CARTESIAN_POINT('',(-5.660633179107,13.643345762814,74.0791));
#240 = ORIENTED_EDGE('',*,*,#241,.F.);
#241 = EDGE_CURVE('',#242,#233,#244,.T.);
#242 = VERTEX_POINT('',#243);
#243 = CARTESIAN_POINT('',(-4.613844165743,14.985294956997,74.0791));
#244 = B_SPLINE_CURVE_WITH_KNOTS('',3,(#245,#246,#247,#248),
  .UNSPECIFIED.,.F.,.F.,(4,4),(0.,1.),.PIECEWISE_BEZIER_KNOTS.);
#245 = CARTESIAN_POINT('',(-4.613844165743,14.985294956997,74.0791));
#246 = CARTESIAN_POINT('',(-4.613844165743,14.831942706604,74.0791));
#247 = CARTESIAN_POINT('',(-4.647385095381,14.645049526572,74.0791));
#248 = CARTESIAN_POINT('',(-4.709786824941,14.443647944418,74.0791));
#249 = ORIENTED_EDGE('',*,*,#250,.F.);
#250 = EDGE_CURVE('',#251,#242,#253,.T.);
#251 = VERTEX_POINT('',#252);
#252 = CARTESIAN_POINT('',(-4.57531109774,15.042704548192,74.0791));
#253 = B_SPLINE_CURVE_WITH_KNOTS('',3,(#254,#255,#256,#257),
  .UNSPECIFIED.,.F.,.F.,(4,4),(0.,1.),.PIECEWISE_BEZIER_KNOTS.);
#254 = CARTESIAN_POINT('',(-4.57531109774,15.042704548192,74.0791));
#255 = CARTESIAN_POINT('',(-4.604171897661,15.042704548192,74.0791));
#256 = CARTESIAN_POINT('',(-4.613844165743,15.023672020676,74.0791));
#257 = CARTESIAN_POINT('',(-4.613844165743,14.985294956997,74.0791));
#258 = ORIENTED_EDGE('',*,*,#259,.F.);
#259 = EDGE_CURVE('',#260,#251,#262,.T.);
#260 = VERTEX_POINT('',#261);
#261 = CARTESIAN_POINT('',(-4.551442436183,15.038024418475,74.0791));
#262 = B_SPLINE_CURVE_WITH_KNOTS('',3,(#263,#264,#265,#266),
  .UNSPECIFIED.,.F.,.F.,(4,4),(0.,1.),.PIECEWISE_BEZIER_KNOTS.);
#263 = CARTESIAN_POINT('',(-4.551442436183,15.038024418475,74.0791));
#264 = CARTESIAN_POINT('',(-4.560958699941,15.042704548192,74.0791));
#265 = CARTESIAN_POINT('',(-4.565794833982,15.042704548192,74.0791));
#266 = CARTESIAN_POINT('',(-4.57531109774,15.042704548192,74.0791));
#267 = ORIENTED_EDGE('',*,*,#268,.F.);
#268 = EDGE_CURVE('',#269,#260,#271,.T.);
#269 = VERTEX_POINT('',#270);
#270 = CARTESIAN_POINT('',(-3.414014910633,14.515565937736,74.0791));
#271 = LINE('',#272,#273);
#272 = CARTESIAN_POINT('',(-3.414014910633,14.515565937736,74.0791));
#273 = VECTOR('',#274,1.);
#274 = DIRECTION('',(-0.908720288708,0.417405602371,0.));
#275 = ORIENTED_EDGE('',*,*,#276,.F.);
#276 = EDGE_CURVE('',#277,#269,#279,.T.);
#277 = VERTEX_POINT('',#278);
#278 = CARTESIAN_POINT('',(-3.414014910633,13.514018178302,74.0791));
#279 = LINE('',#280,#281);
#280 = CARTESIAN_POINT('',(-3.414014910633,13.514018178302,74.0791));
#281 = VECTOR('',#282,1.);
#282 = DIRECTION('',(2.22044604925E-16,1.,0.));
#283 = ORIENTED_EDGE('',*,*,#284,.F.);
#284 = EDGE_CURVE('',#285,#277,#287,.T.);
#285 = VERTEX_POINT('',#286);
#286 = CARTESIAN_POINT('',(-3.289523460161,13.293584068632,74.0791));
#287 = B_SPLINE_CURVE_WITH_KNOTS('',3,(#288,#289,#290,#291),
  .UNSPECIFIED.,.F.,.F.,(4,4),(0.,1.),.PIECEWISE_BEZIER_KNOTS.);
#288 = CARTESIAN_POINT('',(-3.289523460161,13.293584068632,74.0791));
#289 = CARTESIAN_POINT('',(-3.385310115035,13.36550206195,74.0791));
#290 = CARTESIAN_POINT('',(-3.414014910633,13.408559255346,74.0791));
#291 = CARTESIAN_POINT('',(-3.414014910633,13.514018178302,74.0791));
#292 = ORIENTED_EDGE('',*,*,#293,.F.);
#293 = EDGE_CURVE('',#294,#285,#296,.T.);
#294 = VERTEX_POINT('',#295);
#295 = CARTESIAN_POINT('',(-3.323064389799,13.250370870912,74.0791));
#296 = LINE('',#297,#298);
#297 = CARTESIAN_POINT('',(-3.323064389799,13.250370870912,74.0791));
#298 = VECTOR('',#299,1.);
#299 = DIRECTION('',(0.613150559542,0.789966069735,0.));
#300 = ORIENTED_EDGE('',*,*,#301,.F.);
#301 = EDGE_CURVE('',#302,#294,#304,.T.);
#302 = VERTEX_POINT('',#303);
#303 = CARTESIAN_POINT('',(-3.74958021134,13.432583921226,74.0791));
#304 = LINE('',#305,#306);
#305 = CARTESIAN_POINT('',(-3.74958021134,13.432583921226,74.0791));
#306 = VECTOR('',#307,1.);
#307 = DIRECTION('',(0.919596764583,-0.392863577554,0.));
#308 = ORIENTED_EDGE('',*,*,#309,.F.);
#309 = EDGE_CURVE('',#136,#302,#310,.T.);
#310 = B_SPLINE_CURVE_WITH_KNOTS('',3,(#311,#312,#313,#314),
  .UNSPECIFIED.,.F.,.F.,(4,4),(0.,1.),.PIECEWISE_BEZIER_KNOTS.);
#311 = CARTESIAN_POINT('',(-3.792637404736,13.542722973899,74.0791));
#312 = CARTESIAN_POINT('',(-3.792637404736,13.461288716824,74.0791));
#313 = CARTESIAN_POINT('',(-3.787957275019,13.446936319025,74.0791));
#314 = CARTESIAN_POINT('',(-3.74958021134,13.432583921226,74.0791));
#315 = FACE_BOUND('',#316,.T.);
#316 = EDGE_LOOP('',(#317,#328,#336,#345,#354,#363));
#317 = ORIENTED_EDGE('',*,*,#318,.F.);
#318 = EDGE_CURVE('',#319,#321,#323,.T.);
#319 = VERTEX_POINT('',#320);
#320 = CARTESIAN_POINT('',(-4.528353796246,11.520282918868,74.0791));
#321 = VERTEX_POINT('',#322);
#322 = CARTESIAN_POINT('',(-4.336624482174,11.48674198923,74.0791));
#323 = B_SPLINE_CURVE_WITH_KNOTS('',3,(#324,#325,#326,#327),
  .UNSPECIFIED.,.F.,.F.,(4,4),(0.,1.),.PIECEWISE_BEZIER_KNOTS.);
#324 = CARTESIAN_POINT('',(-4.528353796246,11.520282918868,74.0791));
#325 = CARTESIAN_POINT('',(-4.442083405129,11.505930521069,74.0791));
#326 = CARTESIAN_POINT('',(-4.379837679894,11.496414257311,74.0791));
#327 = CARTESIAN_POINT('',(-4.336624482174,11.48674198923,74.0791));
#328 = ORIENTED_EDGE('',*,*,#329,.F.);
#329 = EDGE_CURVE('',#330,#319,#332,.T.);
#330 = VERTEX_POINT('',#331);
#331 = CARTESIAN_POINT('',(-4.528353796246,11.620905707783,74.0791));
#332 = LINE('',#333,#334);
#333 = CARTESIAN_POINT('',(-4.528353796246,11.620905707783,74.0791));
#334 = VECTOR('',#335,1.);
#335 = DIRECTION('',(-2.22044604925E-16,-1.,0.));
#336 = ORIENTED_EDGE('',*,*,#337,.F.);
#337 = EDGE_CURVE('',#338,#330,#340,.T.);
#338 = VERTEX_POINT('',#339);
#339 = CARTESIAN_POINT('',(-3.550674698368,11.774257958176,74.0791));
#340 = B_SPLINE_CURVE_WITH_KNOTS('',3,(#341,#342,#343,#344),
  .UNSPECIFIED.,.F.,.F.,(4,4),(0.,1.),.PIECEWISE_BEZIER_KNOTS.);
#341 = CARTESIAN_POINT('',(-3.550674698368,11.774257958176,74.0791));
#342 = CARTESIAN_POINT('',(-3.632108955444,11.774257958176,74.0791));
#343 = CARTESIAN_POINT('',(-4.063460911026,11.707176098899,74.0791));
#344 = CARTESIAN_POINT('',(-4.528353796246,11.620905707783,74.0791));
#345 = ORIENTED_EDGE('',*,*,#346,.F.);
#346 = EDGE_CURVE('',#347,#338,#349,.T.);
#347 = VERTEX_POINT('',#348);
#348 = CARTESIAN_POINT('',(-3.354109250255,11.568176246305,74.0791));
#349 = B_SPLINE_CURVE_WITH_KNOTS('',3,(#350,#351,#352,#353),
  .UNSPECIFIED.,.F.,.F.,(4,4),(0.,1.),.PIECEWISE_BEZIER_KNOTS.);
#350 = CARTESIAN_POINT('',(-3.354109250255,11.568176246305,74.0791));
#351 = CARTESIAN_POINT('',(-3.354109250255,11.683307437343,74.0791));
#352 = CARTESIAN_POINT('',(-3.440379641372,11.774257958176,74.0791));
#353 = CARTESIAN_POINT('',(-3.550674698368,11.774257958176,74.0791));
#354 = ORIENTED_EDGE('',*,*,#355,.F.);
#355 = EDGE_CURVE('',#356,#347,#358,.T.);
#356 = VERTEX_POINT('',#357);
#357 = CARTESIAN_POINT('',(-3.545838564328,11.366930668475,74.0791));
#358 = B_SPLINE_CURVE_WITH_KNOTS('',3,(#359,#360,#361,#362),
  .UNSPECIFIED.,.F.,.F.,(4,4),(0.,1.),.PIECEWISE_BEZIER_KNOTS.);
#359 = CARTESIAN_POINT('',(-3.545838564328,11.366930668475,74.0791));
#360 = CARTESIAN_POINT('',(-3.440379641372,11.366930668475,74.0791));
#361 = CARTESIAN_POINT('',(-3.354109250255,11.458037193632,74.0791));
#362 = CARTESIAN_POINT('',(-3.354109250255,11.568176246305,74.0791));
#363 = ORIENTED_EDGE('',*,*,#364,.F.);
#364 = EDGE_CURVE('',#321,#356,#365,.T.);
#365 = B_SPLINE_CURVE_WITH_KNOTS('',3,(#366,#367,#368,#369),
  .UNSPECIFIED.,.F.,.F.,(4,4),(0.,1.),.PIECEWISE_BEZIER_KNOTS.);
#366 = CARTESIAN_POINT('',(-4.336624482174,11.48674198923,74.0791));
#367 = CARTESIAN_POINT('',(-3.972354385868,11.410143866195,74.0791));
#368 = CARTESIAN_POINT('',(-3.684838416922,11.366930668475,74.0791));
#369 = CARTESIAN_POINT('',(-3.545838564328,11.366930668475,74.0791));
#370 = FACE_BOUND('',#371,.T.);
#371 = EDGE_LOOP('',(#372,#383,#391,#400,#409,#418));
#372 = ORIENTED_EDGE('',*,*,#373,.F.);
#373 = EDGE_CURVE('',#374,#376,#378,.T.);
#374 = VERTEX_POINT('',#375);
#375 = CARTESIAN_POINT('',(-4.528353796246,12.330257368553,74.0791));
#376 = VERTEX_POINT('',#377);
#377 = CARTESIAN_POINT('',(-4.336624482174,12.296716438915,74.0791));
#378 = B_SPLINE_CURVE_WITH_KNOTS('',3,(#379,#380,#381,#382),
  .UNSPECIFIED.,.F.,.F.,(4,4),(0.,1.),.PIECEWISE_BEZIER_KNOTS.);
#379 = CARTESIAN_POINT('',(-4.528353796246,12.330257368553,74.0791));
#380 = CARTESIAN_POINT('',(-4.442083405129,12.315904970755,74.0791));
#381 = CARTESIAN_POINT('',(-4.379837679894,12.306232702673,74.0791));
#382 = CARTESIAN_POINT('',(-4.336624482174,12.296716438915,74.0791));
#383 = ORIENTED_EDGE('',*,*,#384,.F.);
#384 = EDGE_CURVE('',#385,#374,#387,.T.);
#385 = VERTEX_POINT('',#386);
#386 = CARTESIAN_POINT('',(-4.528353796246,12.430880157469,74.0791));
#387 = LINE('',#388,#389);
#388 = CARTESIAN_POINT('',(-4.528353796246,12.430880157469,74.0791));
#389 = VECTOR('',#390,1.);
#390 = DIRECTION('',(-2.22044604925E-16,-1.,0.));
#391 = ORIENTED_EDGE('',*,*,#392,.F.);
#392 = EDGE_CURVE('',#393,#385,#395,.T.);
#393 = VERTEX_POINT('',#394);
#394 = CARTESIAN_POINT('',(-3.550674698368,12.584232407862,74.0791));
#395 = B_SPLINE_CURVE_WITH_KNOTS('',3,(#396,#397,#398,#399),
  .UNSPECIFIED.,.F.,.F.,(4,4),(0.,1.),.PIECEWISE_BEZIER_KNOTS.);
#396 = CARTESIAN_POINT('',(-3.550674698368,12.584232407862,74.0791));
#397 = CARTESIAN_POINT('',(-3.632108955444,12.584232407862,74.0791));
#398 = CARTESIAN_POINT('',(-4.063460911026,12.517150548585,74.0791));
#399 = CARTESIAN_POINT('',(-4.528353796246,12.430880157469,74.0791));
#400 = ORIENTED_EDGE('',*,*,#401,.F.);
#401 = EDGE_CURVE('',#402,#393,#404,.T.);
#402 = VERTEX_POINT('',#403);
#403 = CARTESIAN_POINT('',(-3.354109250255,12.378150695991,74.0791));
#404 = B_SPLINE_CURVE_WITH_KNOTS('',3,(#405,#406,#407,#408),
  .UNSPECIFIED.,.F.,.F.,(4,4),(0.,1.),.PIECEWISE_BEZIER_KNOTS.);
#405 = CARTESIAN_POINT('',(-3.354109250255,12.378150695991,74.0791));
#406 = CARTESIAN_POINT('',(-3.354109250255,12.493125882704,74.0791));
#407 = CARTESIAN_POINT('',(-3.440379641372,12.584232407862,74.0791));
#408 = CARTESIAN_POINT('',(-3.550674698368,12.584232407862,74.0791));
#409 = ORIENTED_EDGE('',*,*,#410,.F.);
#410 = EDGE_CURVE('',#411,#402,#413,.T.);
#411 = VERTEX_POINT('',#412);
#412 = CARTESIAN_POINT('',(-3.545838564328,12.17690511816,74.0791));
#413 = B_SPLINE_CURVE_WITH_KNOTS('',3,(#414,#415,#416,#417),
  .UNSPECIFIED.,.F.,.F.,(4,4),(0.,1.),.PIECEWISE_BEZIER_KNOTS.);
#414 = CARTESIAN_POINT('',(-3.545838564328,12.17690511816,74.0791));
#415 = CARTESIAN_POINT('',(-3.440379641372,12.17690511816,74.0791));
#416 = CARTESIAN_POINT('',(-3.354109250255,12.268011643318,74.0791));
#417 = CARTESIAN_POINT('',(-3.354109250255,12.378150695991,74.0791));
#418 = ORIENTED_EDGE('',*,*,#419,.F.);
#419 = EDGE_CURVE('',#376,#411,#420,.T.);
#420 = B_SPLINE_CURVE_WITH_KNOTS('',3,(#421,#422,#423,#424),
  .UNSPECIFIED.,.F.,.F.,(4,4),(0.,1.),.PIECEWISE_BEZIER_KNOTS.);
#421 = CARTESIAN_POINT('',(-4.336624482174,12.296716438915,74.0791));
#422 = CARTESIAN_POINT('',(-3.972354385868,12.219962311557,74.0791));
#423 = CARTESIAN_POINT('',(-3.684838416922,12.17690511816,74.0791));
#424 = CARTESIAN_POINT('',(-3.545838564328,12.17690511816,74.0791));
#425 = FACE_BOUND('',#426,.T.);
#426 = EDGE_LOOP('',(#427,#438,#447,#456));
#427 = ORIENTED_EDGE('',*,*,#428,.F.);
#428 = EDGE_CURVE('',#429,#431,#433,.T.);
#429 = VERTEX_POINT('',#430);
#430 = CARTESIAN_POINT('',(-6.107117554107,18.34484807217,74.0791));
#431 = VERTEX_POINT('',#432);
#432 = CARTESIAN_POINT('',(-6.380281125255,18.608339375236,74.0791));
#433 = B_SPLINE_CURVE_WITH_KNOTS('',3,(#434,#435,#436,#437),
  .UNSPECIFIED.,.F.,.F.,(4,4),(0.,1.),.PIECEWISE_BEZIER_KNOTS.);
#434 = CARTESIAN_POINT('',(-6.107117554107,18.34484807217,74.0791));
#435 = CARTESIAN_POINT('',(-6.107117554107,18.488528054481,74.0791));
#436 = CARTESIAN_POINT('',(-6.226928874862,18.608339375236,74.0791));
#437 = CARTESIAN_POINT('',(-6.380281125255,18.608339375236,74.0791));
#438 = ORIENTED_EDGE('',*,*,#439,.F.);
#439 = EDGE_CURVE('',#440,#429,#442,.T.);
#440 = VERTEX_POINT('',#441);
#441 = CARTESIAN_POINT('',(-6.380281125255,18.076364630739,74.0791));
#442 = B_SPLINE_CURVE_WITH_KNOTS('',3,(#443,#444,#445,#446),
  .UNSPECIFIED.,.F.,.F.,(4,4),(0.,1.),.PIECEWISE_BEZIER_KNOTS.);
#443 = CARTESIAN_POINT('',(-6.380281125255,18.076364630739,74.0791));
#444 = CARTESIAN_POINT('',(-6.231609004579,18.076364630739,74.0791));
#445 = CARTESIAN_POINT('',(-6.107117554107,18.201012085535,74.0791));
#446 = CARTESIAN_POINT('',(-6.107117554107,18.34484807217,74.0791));
#447 = ORIENTED_EDGE('',*,*,#448,.F.);
#448 = EDGE_CURVE('',#449,#440,#451,.T.);
#449 = VERTEX_POINT('',#450);
#450 = CARTESIAN_POINT('',(-6.63893629428,18.349528201887,74.0791));
#451 = B_SPLINE_CURVE_WITH_KNOTS('',3,(#452,#453,#454,#455),
  .UNSPECIFIED.,.F.,.F.,(4,4),(0.,1.),.PIECEWISE_BEZIER_KNOTS.);
#452 = CARTESIAN_POINT('',(-6.63893629428,18.349528201887,74.0791));
#453 = CARTESIAN_POINT('',(-6.63893629428,18.201012085535,74.0791));
#454 = CARTESIAN_POINT('',(-6.523961107567,18.076364630739,74.0791));
#455 = CARTESIAN_POINT('',(-6.380281125255,18.076364630739,74.0791));
#456 = ORIENTED_EDGE('',*,*,#457,.F.);
#457 = EDGE_CURVE('',#431,#449,#458,.T.);
#458 = B_SPLINE_CURVE_WITH_KNOTS('',3,(#459,#460,#461,#462),
  .UNSPECIFIED.,.F.,.F.,(4,4),(0.,1.),.PIECEWISE_BEZIER_KNOTS.);
#459 = CARTESIAN_POINT('',(-6.380281125255,18.608339375236,74.0791));
#460 = CARTESIAN_POINT('',(-6.51928097785,18.608339375236,74.0791));
#461 = CARTESIAN_POINT('',(-6.63893629428,18.488528054481,74.0791));
#462 = CARTESIAN_POINT('',(-6.63893629428,18.349528201887,74.0791));
#463 = FACE_BOUND('',#464,.T.);
#464 = EDGE_LOOP('',(#465,#475,#483,#491,#499,#507,#515,#524,#532));
#465 = ORIENTED_EDGE('',*,*,#466,.F.);
#466 = EDGE_CURVE('',#467,#469,#471,.T.);
#467 = VERTEX_POINT('',#468);
#468 = CARTESIAN_POINT('',(-3.414014910633,15.593867824528,74.0791));
#469 = VERTEX_POINT('',#470);
#470 = CARTESIAN_POINT('',(-3.414014910633,17.367168974292,74.0791));
#471 = LINE('',#472,#473);
#472 = CARTESIAN_POINT('',(-3.414014910633,15.593867824528,74.0791));
#473 = VECTOR('',#474,1.);
#474 = DIRECTION('',(2.22044604925E-16,1.,0.));
#475 = ORIENTED_EDGE('',*,*,#476,.F.);
#476 = EDGE_CURVE('',#477,#467,#479,.T.);
#477 = VERTEX_POINT('',#478);
#478 = CARTESIAN_POINT('',(-3.490769037991,15.593867824528,74.0791));
#479 = LINE('',#480,#481);
#480 = CARTESIAN_POINT('',(-3.490769037991,15.593867824528,74.0791));
#481 = VECTOR('',#482,1.);
#482 = DIRECTION('',(1.,-2.22044604925E-16,0.));
#483 = ORIENTED_EDGE('',*,*,#484,.F.);
#484 = EDGE_CURVE('',#485,#477,#487,.T.);
#485 = VERTEX_POINT('',#486);
#486 = CARTESIAN_POINT('',(-6.628952017551,16.609923986085,74.0791));
#487 = LINE('',#488,#489);
#488 = CARTESIAN_POINT('',(-6.628952017551,16.609923986085,74.0791));
#489 = VECTOR('',#490,1.);
#490 = DIRECTION('',(0.951376868482,-0.308029307239,0.));
#491 = ORIENTED_EDGE('',*,*,#492,.F.);
#492 = EDGE_CURVE('',#493,#485,#495,.T.);
#493 = VERTEX_POINT('',#494);
#494 = CARTESIAN_POINT('',(-6.628952017551,16.921464620912,74.0791));
#495 = LINE('',#496,#497);
#496 = CARTESIAN_POINT('',(-6.628952017551,16.921464620912,74.0791));
#497 = VECTOR('',#498,1.);
#498 = DIRECTION('',(-2.22044604925E-16,-1.,0.));
#499 = ORIENTED_EDGE('',*,*,#500,.F.);
#500 = EDGE_CURVE('',#501,#493,#503,.T.);
#501 = VERTEX_POINT('',#502);
#502 = CARTESIAN_POINT('',(-3.76876874318,15.972490318632,74.0791));
#503 = LINE('',#504,#505);
#504 = CARTESIAN_POINT('',(-3.76876874318,15.972490318632,74.0791));
#505 = VECTOR('',#506,1.);
#506 = DIRECTION('',(-0.949122411255,0.314907364877,0.));
#507 = ORIENTED_EDGE('',*,*,#508,.F.);
#508 = EDGE_CURVE('',#509,#501,#511,.T.);
#509 = VERTEX_POINT('',#510);
#510 = CARTESIAN_POINT('',(-3.76876874318,17.012415141745,74.0791));
#511 = LINE('',#512,#513);
#512 = CARTESIAN_POINT('',(-3.76876874318,17.012415141745,74.0791));
#513 = VECTOR('',#514,1.);
#514 = DIRECTION('',(-2.22044604925E-16,-1.,0.));
#515 = ORIENTED_EDGE('',*,*,#516,.F.);
#516 = EDGE_CURVE('',#517,#509,#519,.T.);
#517 = VERTEX_POINT('',#518);
#518 = CARTESIAN_POINT('',(-4.157531518337,17.568414552123,74.0791));
#519 = B_SPLINE_CURVE_WITH_KNOTS('',3,(#520,#521,#522,#523),
  .UNSPECIFIED.,.F.,.F.,(4,4),(0.,1.),.PIECEWISE_BEZIER_KNOTS.);
#520 = CARTESIAN_POINT('',(-4.157531518337,17.568414552123,74.0791));
#521 = CARTESIAN_POINT('',(-3.835850602457,17.371849104009,74.0791));
#522 = CARTESIAN_POINT('',(-3.773448872897,17.280898583176,74.0791));
#523 = CARTESIAN_POINT('',(-3.76876874318,17.012415141745,74.0791));
#524 = ORIENTED_EDGE('',*,*,#525,.F.);
#525 = EDGE_CURVE('',#526,#517,#528,.T.);
#526 = VERTEX_POINT('',#527);
#527 = CARTESIAN_POINT('',(-4.118998450334,17.649848809198,74.0791));
#528 = LINE('',#529,#530);
#529 = CARTESIAN_POINT('',(-4.118998450334,17.649848809198,74.0791));
#530 = VECTOR('',#531,1.);
#531 = DIRECTION('',(-0.427714124201,-0.903914060052,0.));
#532 = ORIENTED_EDGE('',*,*,#533,.F.);
#533 = EDGE_CURVE('',#469,#526,#534,.T.);
#534 = LINE('',#535,#536);
#535 = CARTESIAN_POINT('',(-3.414014910633,17.367168974292,74.0791));
#536 = VECTOR('',#537,1.);
#537 = DIRECTION('',(-0.928164735365,0.372169617278,0.));
#538 = FACE_BOUND('',#539,.T.);
#539 = EDGE_LOOP('',(#540,#551,#560,#569,#578,#587,#596));
#540 = ORIENTED_EDGE('',*,*,#541,.F.);
#541 = EDGE_CURVE('',#542,#544,#546,.T.);
#542 = VERTEX_POINT('',#543);
#543 = CARTESIAN_POINT('',(-3.354109250255,20.122829351651,74.0791));
#544 = VERTEX_POINT('',#545);
#545 = CARTESIAN_POINT('',(-3.603248155523,20.764943148821,74.0791));
#546 = B_SPLINE_CURVE_WITH_KNOTS('',3,(#547,#548,#549,#550),
  .UNSPECIFIED.,.F.,.F.,(4,4),(0.,1.),.PIECEWISE_BEZIER_KNOTS.);
#547 = CARTESIAN_POINT('',(-3.354109250255,20.122829351651,74.0791));
#548 = CARTESIAN_POINT('',(-3.354109250255,20.386320654717,74.0791));
#549 = CARTESIAN_POINT('',(-3.430863377614,20.587722236871,74.0791));
#550 = CARTESIAN_POINT('',(-3.603248155523,20.764943148821,74.0791));
#551 = ORIENTED_EDGE('',*,*,#552,.F.);
#552 = EDGE_CURVE('',#553,#542,#555,.T.);
#553 = VERTEX_POINT('',#554);
#554 = CARTESIAN_POINT('',(-5.011343183038,19.058879862657,74.0791));
#555 = B_SPLINE_CURVE_WITH_KNOTS('',3,(#556,#557,#558,#559),
  .UNSPECIFIED.,.F.,.F.,(4,4),(0.,1.),.PIECEWISE_BEZIER_KNOTS.);
#556 = CARTESIAN_POINT('',(-5.011343183038,19.058879862657,74.0791));
#557 = CARTESIAN_POINT('',(-4.02960797274,19.058879862657,74.0791));
#558 = CARTESIAN_POINT('',(-3.354109250255,19.494911947956,74.0791));
#559 = CARTESIAN_POINT('',(-3.354109250255,20.122829351651,74.0791));
#560 = ORIENTED_EDGE('',*,*,#561,.F.);
#561 = EDGE_CURVE('',#562,#553,#564,.T.);
#562 = VERTEX_POINT('',#563);
#563 = CARTESIAN_POINT('',(-6.409921946796,19.518936613836,74.0791));
#564 = B_SPLINE_CURVE_WITH_KNOTS('',3,(#565,#566,#567,#568),
  .UNSPECIFIED.,.F.,.F.,(4,4),(0.,1.),.PIECEWISE_BEZIER_KNOTS.);
#565 = CARTESIAN_POINT('',(-6.409921946796,19.518936613836,74.0791));
#566 = CARTESIAN_POINT('',(-6.14643064373,19.240936908648,74.0791));
#567 = CARTESIAN_POINT('',(-5.590899246324,19.058879862657,74.0791));
#568 = CARTESIAN_POINT('',(-5.011343183038,19.058879862657,74.0791));
#569 = ORIENTED_EDGE('',*,*,#570,.F.);
#570 = EDGE_CURVE('',#571,#562,#573,.T.);
#571 = VERTEX_POINT('',#572);
#572 = CARTESIAN_POINT('',(-6.65890484774,20.142017883491,74.0791));
#573 = B_SPLINE_CURVE_WITH_KNOTS('',3,(#574,#575,#576,#577),
  .UNSPECIFIED.,.F.,.F.,(4,4),(0.,1.),.PIECEWISE_BEZIER_KNOTS.);
#574 = CARTESIAN_POINT('',(-6.65890484774,20.142017883491,74.0791));
#575 = CARTESIAN_POINT('',(-6.65890484774,19.89755910794,74.0791));
#576 = CARTESIAN_POINT('',(-6.577470590664,19.691477396069,74.0791));
#577 = CARTESIAN_POINT('',(-6.409921946796,19.518936613836,74.0791));
#578 = ORIENTED_EDGE('',*,*,#579,.F.);
#579 = EDGE_CURVE('',#580,#571,#582,.T.);
#580 = VERTEX_POINT('',#581);
#581 = CARTESIAN_POINT('',(-6.333167819438,20.841697276179,74.0791));
#582 = B_SPLINE_CURVE_WITH_KNOTS('',3,(#583,#584,#585,#586),
  .UNSPECIFIED.,.F.,.F.,(4,4),(0.,1.),.PIECEWISE_BEZIER_KNOTS.);
#583 = CARTESIAN_POINT('',(-6.333167819438,20.841697276179,74.0791));
#584 = CARTESIAN_POINT('',(-6.543929661026,20.664320359906,74.0791));
#585 = CARTESIAN_POINT('',(-6.65890484774,20.419861584355,74.0791));
#586 = CARTESIAN_POINT('',(-6.65890484774,20.142017883491,74.0791));
#587 = ORIENTED_EDGE('',*,*,#588,.F.);
#588 = EDGE_CURVE('',#589,#580,#591,.T.);
#589 = VERTEX_POINT('',#590);
#590 = CARTESIAN_POINT('',(-4.982638387441,21.2249999,74.0791));
#591 = B_SPLINE_CURVE_WITH_KNOTS('',3,(#592,#593,#594,#595),
  .UNSPECIFIED.,.F.,.F.,(4,4),(0.,1.),.PIECEWISE_BEZIER_KNOTS.);
#592 = CARTESIAN_POINT('',(-4.982638387441,21.2249999,74.0791));
#593 = CARTESIAN_POINT('',(-5.509464989249,21.2249999,74.0791));
#594 = CARTESIAN_POINT('',(-6.064996386655,21.066811515566,74.0791));
#595 = CARTESIAN_POINT('',(-6.333167819438,20.841697276179,74.0791));
#596 = ORIENTED_EDGE('',*,*,#597,.F.);
#597 = EDGE_CURVE('',#544,#589,#598,.T.);
#598 = B_SPLINE_CURVE_WITH_KNOTS('',3,(#599,#600,#601,#602),
  .UNSPECIFIED.,.F.,.F.,(4,4),(0.,1.),.PIECEWISE_BEZIER_KNOTS.);
#599 = CARTESIAN_POINT('',(-3.603248155523,20.764943148821,74.0791));
#600 = CARTESIAN_POINT('',(-3.871419588306,21.042942854009,74.0791));
#601 = CARTESIAN_POINT('',(-4.422270855994,21.2249999,74.0791));
#602 = CARTESIAN_POINT('',(-4.982638387441,21.2249999,74.0791));
#603 = PLANE('',#604);
#604 = AXIS2_PLACEMENT_3D('',#605,#606,#607);
#605 = CARTESIAN_POINT('',(-7.589014910633,22.225,74.0791));
#606 = DIRECTION('',(0.,2.22044604925E-16,1.));
#607 = DIRECTION('',(1.,0.,0.));
#608 = ADVANCED_FACE('',(#609),#636,.F.);
#609 = FACE_BOUND('',#610,.T.);
#610 = EDGE_LOOP('',(#611,#619,#620,#629));
#611 = ORIENTED_EDGE('',*,*,#612,.F.);
#612 = EDGE_CURVE('',#24,#613,#615,.T.);
#613 = VERTEX_POINT('',#614);
#614 = CARTESIAN_POINT('',(-10.76401491063,15.307510111658,71.42226));
#615 = ( BOUNDED_CURVE() B_SPLINE_CURVE(2,(#616,#617,#618),
.UNSPECIFIED.,.F.,.F.) B_SPLINE_CURVE_WITH_KNOTS((3,3),(0.,
5.518633886307),.PIECEWISE_BEZIER_KNOTS.) CURVE() 
GEOMETRIC_REPRESENTATION_ITEM() RATIONAL_B_SPLINE_CURVE((1.,
0.707106781187,1.)) REPRESENTATION_ITEM('') );
#616 = CARTESIAN_POINT('',(-7.589014910633,17.045850186097,74.0791));
#617 = CARTESIAN_POINT('',(-7.589014910633,15.307510111658,71.42226));
#618 = CARTESIAN_POINT('',(-10.76401491063,15.307510111658,71.42226));
#619 = ORIENTED_EDGE('',*,*,#31,.T.);
#620 = ORIENTED_EDGE('',*,*,#621,.T.);
#621 = EDGE_CURVE('',#32,#622,#624,.T.);
#622 = VERTEX_POINT('',#623);
#623 = CARTESIAN_POINT('',(-10.76401491063,15.307510111658,63.45174));
#624 = CIRCLE('',#625,3.175);
#625 = AXIS2_PLACEMENT_3D('',#626,#627,#628);
#626 = CARTESIAN_POINT('',(-10.76401491063,17.045850186097,60.7949));
#627 = DIRECTION('',(0.,-0.8368,-0.547508684863));
#628 = DIRECTION('',(0.,0.547508684863,-0.8368));
#629 = ORIENTED_EDGE('',*,*,#630,.F.);
#630 = EDGE_CURVE('',#613,#622,#631,.T.);
#631 = CIRCLE('',#632,4.7625);
#632 = AXIS2_PLACEMENT_3D('',#633,#634,#635);
#633 = CARTESIAN_POINT('',(-10.76401491063,12.7,67.437));
#634 = DIRECTION('',(-1.,0.,0.));
#635 = DIRECTION('',(0.,-1.,0.));
#636 = TOROIDAL_SURFACE('',#637,7.9375,3.175);
#637 = AXIS2_PLACEMENT_3D('',#638,#639,#640);
#638 = CARTESIAN_POINT('',(-10.76401491063,12.7,67.437));
#639 = DIRECTION('',(1.,0.,0.));
#640 = DIRECTION('',(0.,-1.,0.));
#641 = ADVANCED_FACE('',(#642),#661,.T.);
#642 = FACE_BOUND('',#643,.F.);
#643 = EDGE_LOOP('',(#644,#645,#653,#660));
#644 = ORIENTED_EDGE('',*,*,#48,.T.);
#645 = ORIENTED_EDGE('',*,*,#646,.T.);
#646 = EDGE_CURVE('',#41,#647,#649,.T.);
#647 = VERTEX_POINT('',#648);
#648 = CARTESIAN_POINT('',(1.935985089367,22.225,60.7949));
#649 = LINE('',#650,#651);
#650 = CARTESIAN_POINT('',(-7.589014910633,22.225,60.7949));
#651 = VECTOR('',#652,1.);
#652 = DIRECTION('',(1.,0.,0.));
#653 = ORIENTED_EDGE('',*,*,#654,.F.);
#654 = EDGE_CURVE('',#118,#647,#655,.T.);
#655 = CIRCLE('',#656,9.525);
#656 = AXIS2_PLACEMENT_3D('',#657,#658,#659);
#657 = CARTESIAN_POINT('',(8.763,22.225,67.437));
#658 = DIRECTION('',(0.,-1.,2.22044604925E-16));
#659 = DIRECTION('',(1.,0.,0.));
#660 = ORIENTED_EDGE('',*,*,#125,.F.);
#661 = PLANE('',#662);
#662 = AXIS2_PLACEMENT_3D('',#663,#664,#665);
#663 = CARTESIAN_POINT('',(-3.192143181244,22.225,67.437));
#664 = DIRECTION('',(0.,1.,0.));
#665 = DIRECTION('',(0.,0.,1.));
#666 = ADVANCED_FACE('',(#667),#731,.F.);
#667 = FACE_BOUND('',#668,.F.);
#668 = EDGE_LOOP('',(#669,#670,#685,#693,#708,#716,#724,#730));
#669 = ORIENTED_EDGE('',*,*,#40,.T.);
#670 = ORIENTED_EDGE('',*,*,#671,.T.);
#671 = EDGE_CURVE('',#32,#672,#674,.T.);
#672 = VERTEX_POINT('',#673);
#673 = CARTESIAN_POINT('',(-7.589014910633,8.354149813903,60.7949));
#674 = ( BOUNDED_CURVE() B_SPLINE_CURVE(9,(#675,#676,#677,#678,#679,#680
    ,#681,#682,#683,#684),.UNSPECIFIED.,.F.,.F.) 
B_SPLINE_CURVE_WITH_KNOTS((10,10),(19.683435575928,25.202069462236),
.PIECEWISE_BEZIER_KNOTS.) CURVE() GEOMETRIC_REPRESENTATION_ITEM() 
RATIONAL_B_SPLINE_CURVE((1.,1.,1.,1.,1.,1.,1.,1.,1.,1.)) 
REPRESENTATION_ITEM('') );
#675 = CARTESIAN_POINT('',(-7.589014910633,17.045850186097,60.7949));
#676 = CARTESIAN_POINT('',(-7.589014910633,15.824568543762,60.7949));
#677 = CARTESIAN_POINT('',(-7.589014910633,14.834740454397,60.7949));
#678 = CARTESIAN_POINT('',(-7.589014910633,13.942893625486,60.7949));
#679 = CARTESIAN_POINT('',(-7.589014910633,13.110712466579,60.7949));
#680 = CARTESIAN_POINT('',(-7.589014910633,12.289287533421,60.7949));
#681 = CARTESIAN_POINT('',(-7.589014910633,11.457106374514,60.7949));
#682 = CARTESIAN_POINT('',(-7.589014910633,10.565259545603,60.7949));
#683 = CARTESIAN_POINT('',(-7.589014910633,9.575431456238,60.7949));
#684 = CARTESIAN_POINT('',(-7.589014910633,8.354149813903,60.7949));
#685 = ORIENTED_EDGE('',*,*,#686,.T.);
#686 = EDGE_CURVE('',#672,#687,#689,.T.);
#687 = VERTEX_POINT('',#688);
#688 = CARTESIAN_POINT('',(-7.589014910633,-8.354149813903,60.7949));
#689 = LINE('',#690,#691);
#690 = CARTESIAN_POINT('',(-7.589014910633,22.225,60.7949));
#691 = VECTOR('',#692,1.);
#692 = DIRECTION('',(0.,-1.,2.22044604925E-16));
#693 = ORIENTED_EDGE('',*,*,#694,.T.);
#694 = EDGE_CURVE('',#687,#695,#697,.T.);
#695 = VERTEX_POINT('',#696);
#696 = CARTESIAN_POINT('',(-7.589014910633,-17.04585018609,60.7949));
#697 = ( BOUNDED_CURVE() B_SPLINE_CURVE(9,(#698,#699,#700,#701,#702,#703
    ,#704,#705,#706,#707),.UNSPECIFIED.,.F.,.F.) 
B_SPLINE_CURVE_WITH_KNOTS((10,10),(19.683435575928,25.202069462236),
.PIECEWISE_BEZIER_KNOTS.) CURVE() GEOMETRIC_REPRESENTATION_ITEM() 
RATIONAL_B_SPLINE_CURVE((1.,1.,1.,1.,1.,1.,1.,1.,1.,1.)) 
REPRESENTATION_ITEM('') );
#698 = CARTESIAN_POINT('',(-7.589014910633,-8.354149813903,60.7949));
#699 = CARTESIAN_POINT('',(-7.589014910633,-9.575431456238,60.7949));
#700 = CARTESIAN_POINT('',(-7.589014910633,-10.5652595456,60.7949));
#701 = CARTESIAN_POINT('',(-7.589014910633,-11.45710637451,60.7949));
#702 = CARTESIAN_POINT('',(-7.589014910633,-12.28928753342,60.7949));
#703 = CARTESIAN_POINT('',(-7.589014910633,-13.11071246657,60.7949));
#704 = CARTESIAN_POINT('',(-7.589014910633,-13.94289362548,60.7949));
#705 = CARTESIAN_POINT('',(-7.589014910633,-14.83474045439,60.7949));
#706 = CARTESIAN_POINT('',(-7.589014910633,-15.82456854376,60.7949));
#707 = CARTESIAN_POINT('',(-7.589014910633,-17.04585018609,60.7949));
#708 = ORIENTED_EDGE('',*,*,#709,.T.);
#709 = EDGE_CURVE('',#695,#710,#712,.T.);
#710 = VERTEX_POINT('',#711);
#711 = CARTESIAN_POINT('',(-7.589014910633,-22.225,60.7949));
#712 = LINE('',#713,#714);
#713 = CARTESIAN_POINT('',(-7.589014910633,22.225,60.7949));
#714 = VECTOR('',#715,1.);
#715 = DIRECTION('',(0.,-1.,2.22044604925E-16));
#716 = ORIENTED_EDGE('',*,*,#717,.T.);
#717 = EDGE_CURVE('',#710,#718,#720,.T.);
#718 = VERTEX_POINT('',#719);
#719 = CARTESIAN_POINT('',(1.935985089367,-22.225,60.7949));
#720 = LINE('',#721,#722);
#721 = CARTESIAN_POINT('',(-7.589014910633,-22.225,60.7949));
#722 = VECTOR('',#723,1.);
#723 = DIRECTION('',(1.,0.,0.));
#724 = ORIENTED_EDGE('',*,*,#725,.F.);
#725 = EDGE_CURVE('',#647,#718,#726,.T.);
#726 = LINE('',#727,#728);
#727 = CARTESIAN_POINT('',(1.935985089367,22.225,60.7949));
#728 = VECTOR('',#729,1.);
#729 = DIRECTION('',(0.,-1.,2.22044604925E-16));
#730 = ORIENTED_EDGE('',*,*,#646,.F.);
#731 = PLANE('',#732);
#732 = AXIS2_PLACEMENT_3D('',#733,#734,#735);
#733 = CARTESIAN_POINT('',(-7.589014910633,22.225,60.7949));
#734 = DIRECTION('',(0.,2.22044604925E-16,1.));
#735 = DIRECTION('',(1.,0.,0.));
#736 = ADVANCED_FACE('',(#737),#763,.T.);
#737 = FACE_BOUND('',#738,.T.);
#738 = EDGE_LOOP('',(#739,#748,#749,#750));
#739 = ORIENTED_EDGE('',*,*,#740,.F.);
#740 = EDGE_CURVE('',#64,#741,#743,.T.);
#741 = VERTEX_POINT('',#742);
#742 = CARTESIAN_POINT('',(-10.76401491063,10.092489888342,71.42226));
#743 = CIRCLE('',#744,3.175);
#744 = AXIS2_PLACEMENT_3D('',#745,#746,#747);
#745 = CARTESIAN_POINT('',(-10.76401491063,8.354149813903,74.0791));
#746 = DIRECTION('',(-0.,0.8368,0.547508684863));
#747 = DIRECTION('',(0.,-0.547508684863,0.8368));
#748 = ORIENTED_EDGE('',*,*,#63,.T.);
#749 = ORIENTED_EDGE('',*,*,#612,.T.);
#750 = ORIENTED_EDGE('',*,*,#751,.F.);
#751 = EDGE_CURVE('',#741,#613,#752,.T.);
#752 = ( BOUNDED_CURVE() B_SPLINE_CURVE(9,(#753,#754,#755,#756,#757,#758
    ,#759,#760,#761,#762),.UNSPECIFIED.,.F.,.F.) 
B_SPLINE_CURVE_WITH_KNOTS((10,10),(4.721600563207,10.240234449514),
.PIECEWISE_BEZIER_KNOTS.) CURVE() GEOMETRIC_REPRESENTATION_ITEM() 
RATIONAL_B_SPLINE_CURVE((1.,1.,1.,1.,1.,1.,1.,1.,1.,1.)) 
REPRESENTATION_ITEM('') );
#753 = CARTESIAN_POINT('',(-10.76401491063,10.092489888342,71.42226));
#754 = CARTESIAN_POINT('',(-10.76401491063,10.60559982193,
    71.757981970517));
#755 = CARTESIAN_POINT('',(-10.60676752297,11.167338758663,
    72.019382747582));
#756 = CARTESIAN_POINT('',(-10.50432321397,11.76540191686,
    72.198410648863));
#757 = CARTESIAN_POINT('',(-10.42069904102,12.385931787276,
    72.289393879462));
#758 = CARTESIAN_POINT('',(-10.42069904102,13.014068212724,
    72.289393879462));
#759 = CARTESIAN_POINT('',(-10.50432321397,13.63459808314,
    72.198410648864));
#760 = CARTESIAN_POINT('',(-10.60676752297,14.232661241338,
    72.019382747582));
#761 = CARTESIAN_POINT('',(-10.76401491063,14.79440017807,
    71.757981970517));
#762 = CARTESIAN_POINT('',(-10.76401491063,15.307510111658,71.42226));
#763 = ( BOUNDED_SURFACE() B_SPLINE_SURFACE(2,9,(
    (#764,#765,#766,#767,#768,#769,#770,#771,#772,#773)
    ,(#774,#775,#776,#777,#778,#779,#780,#781,#782,#783)
    ,(#784,#785,#786,#787,#788,#789,#790,#791,#792,#793
)),.UNSPECIFIED.,.F.,.F.,.F.) B_SPLINE_SURFACE_WITH_KNOTS((3,3),(10,10),
  (0.,5.518633886307),(4.721600563207,10.240234449514),
.PIECEWISE_BEZIER_KNOTS.) GEOMETRIC_REPRESENTATION_ITEM() 
RATIONAL_B_SPLINE_SURFACE((
    (1.,1.,1.,1.,1.,1.,1.,1.,1.,1.)
    ,(0.707106781187,0.78156593879,0.816769243619,0.840716920674
      ,0.849446816312,0.849446816312,0.840716920674,0.816769243619
      ,0.78156593879,0.707106781187)
,(1.,1.,1.,1.,1.,1.,1.,1.,1.,1.))) REPRESENTATION_ITEM('') SURFACE() );
#764 = CARTESIAN_POINT('',(-10.76401491063,10.092489888342,71.42226));
#765 = CARTESIAN_POINT('',(-10.76401491063,10.60559982193,
    71.757981970517));
#766 = CARTESIAN_POINT('',(-10.60676752297,11.167338758663,
    72.019382747582));
#767 = CARTESIAN_POINT('',(-10.50432321397,11.76540191686,
    72.198410648863));
#768 = CARTESIAN_POINT('',(-10.42069904102,12.385931787276,
    72.289393879462));
#769 = CARTESIAN_POINT('',(-10.42069904102,13.014068212724,
    72.289393879462));
#770 = CARTESIAN_POINT('',(-10.50432321397,13.63459808314,
    72.198410648864));
#771 = CARTESIAN_POINT('',(-10.60676752297,14.232661241338,
    72.019382747582));
#772 = CARTESIAN_POINT('',(-10.76401491063,14.79440017807,
    71.757981970517));
#773 = CARTESIAN_POINT('',(-10.76401491063,15.307510111658,71.42226));
#774 = CARTESIAN_POINT('',(-7.589014910633,10.092489888342,71.42226));
#775 = CARTESIAN_POINT('',(-8.193974297062,10.556716251757,
    71.725998008738));
#776 = CARTESIAN_POINT('',(-8.372060104706,11.128448296566,
    72.007729463108));
#777 = CARTESIAN_POINT('',(-8.444098517317,11.729648602451,
    72.191780095145));
#778 = CARTESIAN_POINT('',(-8.455639404047,12.382988209868,
    72.293546467431));
#779 = CARTESIAN_POINT('',(-8.455639404048,13.017011790132,
    72.293546467431));
#780 = CARTESIAN_POINT('',(-8.444098517317,13.670351397549,
    72.191780095145));
#781 = CARTESIAN_POINT('',(-8.372060104706,14.271551703434,
    72.007729463108));
#782 = CARTESIAN_POINT('',(-8.193974297062,14.843283748243,
    71.725998008738));
#783 = CARTESIAN_POINT('',(-7.589014910633,15.307510111658,71.42226));
#784 = CARTESIAN_POINT('',(-7.589014910633,8.354149813903,74.0791));
#785 = CARTESIAN_POINT('',(-7.589014910633,9.575431456238,74.0791));
#786 = CARTESIAN_POINT('',(-7.589014910633,10.565259545603,74.0791));
#787 = CARTESIAN_POINT('',(-7.589014910633,11.457106374514,74.0791));
#788 = CARTESIAN_POINT('',(-7.589014910633,12.289287533421,74.0791));
#789 = CARTESIAN_POINT('',(-7.589014910633,13.110712466579,74.0791));
#790 = CARTESIAN_POINT('',(-7.589014910633,13.942893625486,74.0791));
#791 = CARTESIAN_POINT('',(-7.589014910633,14.834740454397,74.0791));
#792 = CARTESIAN_POINT('',(-7.589014910633,15.824568543762,74.0791));
#793 = CARTESIAN_POINT('',(-7.589014910633,17.045850186097,74.0791));
#794 = ADVANCED_FACE('',(#795),#822,.F.);
#795 = FACE_BOUND('',#796,.F.);
#796 = EDGE_LOOP('',(#797,#798,#805,#806,#815));
#797 = ORIENTED_EDGE('',*,*,#78,.T.);
#798 = ORIENTED_EDGE('',*,*,#799,.T.);
#799 = EDGE_CURVE('',#79,#687,#800,.T.);
#800 = CIRCLE('',#801,7.9375);
#801 = AXIS2_PLACEMENT_3D('',#802,#803,#804);
#802 = CARTESIAN_POINT('',(-7.589014910633,-12.7,67.437));
#803 = DIRECTION('',(-1.,-0.,0.));
#804 = DIRECTION('',(0.,-1.,-2.98390650188E-15));
#805 = ORIENTED_EDGE('',*,*,#686,.F.);
#806 = ORIENTED_EDGE('',*,*,#807,.T.);
#807 = EDGE_CURVE('',#672,#808,#810,.T.);
#808 = VERTEX_POINT('',#809);
#809 = CARTESIAN_POINT('',(-7.589014910633,4.7625,67.437));
#810 = CIRCLE('',#811,7.9375);
#811 = AXIS2_PLACEMENT_3D('',#812,#813,#814);
#812 = CARTESIAN_POINT('',(-7.589014910633,12.7,67.437));
#813 = DIRECTION('',(-1.,0.,0.));
#814 = DIRECTION('',(0.,-1.,0.));
#815 = ORIENTED_EDGE('',*,*,#816,.T.);
#816 = EDGE_CURVE('',#808,#64,#817,.T.);
#817 = CIRCLE('',#818,7.9375);
#818 = AXIS2_PLACEMENT_3D('',#819,#820,#821);
#819 = CARTESIAN_POINT('',(-7.589014910633,12.7,67.437));
#820 = DIRECTION('',(-1.,0.,0.));
#821 = DIRECTION('',(0.,-1.,0.));
#822 = PLANE('',#823);
#823 = AXIS2_PLACEMENT_3D('',#824,#825,#826);
#824 = CARTESIAN_POINT('',(-7.589014910633,22.225,74.0791));
#825 = DIRECTION('',(1.,0.,0.));
#826 = DIRECTION('',(0.,-2.22044604925E-16,-1.));
#827 = ADVANCED_FACE('',(#828),#840,.F.);
#828 = FACE_BOUND('',#829,.T.);
#829 = EDGE_LOOP('',(#830,#831,#838,#839));
#830 = ORIENTED_EDGE('',*,*,#117,.T.);
#831 = ORIENTED_EDGE('',*,*,#832,.T.);
#832 = EDGE_CURVE('',#110,#718,#833,.T.);
#833 = CIRCLE('',#834,9.525);
#834 = AXIS2_PLACEMENT_3D('',#835,#836,#837);
#835 = CARTESIAN_POINT('',(8.763,-22.225,67.437));
#836 = DIRECTION('',(0.,-1.,2.22044604925E-16));
#837 = DIRECTION('',(1.,0.,0.));
#838 = ORIENTED_EDGE('',*,*,#725,.F.);
#839 = ORIENTED_EDGE('',*,*,#654,.F.);
#840 = CYLINDRICAL_SURFACE('',#841,9.525);
#841 = AXIS2_PLACEMENT_3D('',#842,#843,#844);
#842 = CARTESIAN_POINT('',(8.763,22.225,67.437));
#843 = DIRECTION('',(0.,1.,-2.22044604925E-16));
#844 = DIRECTION('',(1.,0.,0.));
#845 = ADVANCED_FACE('',(#846),#879,.T.);
#846 = FACE_BOUND('',#847,.T.);
#847 = EDGE_LOOP('',(#848,#857,#858,#866));
#848 = ORIENTED_EDGE('',*,*,#849,.F.);
#849 = EDGE_CURVE('',#87,#850,#852,.T.);
#850 = VERTEX_POINT('',#851);
#851 = CARTESIAN_POINT('',(-10.76401491063,-15.30751011165,71.42226));
#852 = CIRCLE('',#853,3.175);
#853 = AXIS2_PLACEMENT_3D('',#854,#855,#856);
#854 = CARTESIAN_POINT('',(-10.76401491063,-17.04585018609,74.0791));
#855 = DIRECTION('',(-0.,0.8368,0.547508684863));
#856 = DIRECTION('',(0.,-0.547508684863,0.8368));
#857 = ORIENTED_EDGE('',*,*,#86,.T.);
#858 = ORIENTED_EDGE('',*,*,#859,.T.);
#859 = EDGE_CURVE('',#79,#860,#862,.T.);
#860 = VERTEX_POINT('',#861);
#861 = CARTESIAN_POINT('',(-10.76401491063,-10.09248988834,71.42226));
#862 = ( BOUNDED_CURVE() B_SPLINE_CURVE(2,(#863,#864,#865),
.UNSPECIFIED.,.F.,.F.) B_SPLINE_CURVE_WITH_KNOTS((3,3),(0.,
5.518633886307),.PIECEWISE_BEZIER_KNOTS.) CURVE() 
GEOMETRIC_REPRESENTATION_ITEM() RATIONAL_B_SPLINE_CURVE((1.,
0.707106781187,1.)) REPRESENTATION_ITEM('') );
#863 = CARTESIAN_POINT('',(-7.589014910633,-8.354149813903,74.0791));
#864 = CARTESIAN_POINT('',(-7.589014910633,-10.09248988834,71.42226));
#865 = CARTESIAN_POINT('',(-10.76401491063,-10.09248988834,71.42226));
#866 = ORIENTED_EDGE('',*,*,#867,.F.);
#867 = EDGE_CURVE('',#850,#860,#868,.T.);
#868 = ( BOUNDED_CURVE() B_SPLINE_CURVE(9,(#869,#870,#871,#872,#873,#874
    ,#875,#876,#877,#878),.UNSPECIFIED.,.F.,.F.) 
B_SPLINE_CURVE_WITH_KNOTS((10,10),(4.721600563207,10.240234449514),
.PIECEWISE_BEZIER_KNOTS.) CURVE() GEOMETRIC_REPRESENTATION_ITEM() 
RATIONAL_B_SPLINE_CURVE((1.,1.,1.,1.,1.,1.,1.,1.,1.,1.)) 
REPRESENTATION_ITEM('') );
#869 = CARTESIAN_POINT('',(-10.76401491063,-15.30751011165,71.42226));
#870 = CARTESIAN_POINT('',(-10.76401491063,-14.79440017807,
    71.757981970517));
#871 = CARTESIAN_POINT('',(-10.60676752297,-14.23266124133,
    72.019382747582));
#872 = CARTESIAN_POINT('',(-10.50432321397,-13.63459808314,
    72.198410648863));
#873 = CARTESIAN_POINT('',(-10.42069904102,-13.01406821272,
    72.289393879462));
#874 = CARTESIAN_POINT('',(-10.42069904102,-12.38593178727,
    72.289393879462));
#875 = CARTESIAN_POINT('',(-10.50432321397,-11.76540191685,
    72.198410648863));
#876 = CARTESIAN_POINT('',(-10.60676752297,-11.16733875866,
    72.019382747582));
#877 = CARTESIAN_POINT('',(-10.76401491063,-10.60559982192,
    71.757981970517));
#878 = CARTESIAN_POINT('',(-10.76401491063,-10.09248988834,71.42226));
#879 = ( BOUNDED_SURFACE() B_SPLINE_SURFACE(2,9,(
    (#880,#881,#882,#883,#884,#885,#886,#887,#888,#889)
    ,(#890,#891,#892,#893,#894,#895,#896,#897,#898,#899)
    ,(#900,#901,#902,#903,#904,#905,#906,#907,#908,#909
)),.UNSPECIFIED.,.F.,.F.,.F.) B_SPLINE_SURFACE_WITH_KNOTS((3,3),(10,10),
  (0.,5.518633886307),(4.721600563207,10.240234449514),
.PIECEWISE_BEZIER_KNOTS.) GEOMETRIC_REPRESENTATION_ITEM() 
RATIONAL_B_SPLINE_SURFACE((
    (1.,1.,1.,1.,1.,1.,1.,1.,1.,1.)
    ,(0.707106781187,0.78156593879,0.816769243619,0.840716920674
      ,0.849446816312,0.849446816312,0.840716920674,0.816769243619
      ,0.78156593879,0.707106781187)
,(1.,1.,1.,1.,1.,1.,1.,1.,1.,1.))) REPRESENTATION_ITEM('') SURFACE() );
#880 = CARTESIAN_POINT('',(-10.76401491063,-15.30751011165,71.42226));
#881 = CARTESIAN_POINT('',(-10.76401491063,-14.79440017807,
    71.757981970517));
#882 = CARTESIAN_POINT('',(-10.60676752297,-14.23266124133,
    72.019382747582));
#883 = CARTESIAN_POINT('',(-10.50432321397,-13.63459808314,
    72.198410648863));
#884 = CARTESIAN_POINT('',(-10.42069904102,-13.01406821272,
    72.289393879462));
#885 = CARTESIAN_POINT('',(-10.42069904102,-12.38593178727,
    72.289393879462));
#886 = CARTESIAN_POINT('',(-10.50432321397,-11.76540191685,
    72.198410648863));
#887 = CARTESIAN_POINT('',(-10.60676752297,-11.16733875866,
    72.019382747582));
#888 = CARTESIAN_POINT('',(-10.76401491063,-10.60559982192,
    71.757981970517));
#889 = CARTESIAN_POINT('',(-10.76401491063,-10.09248988834,71.42226));
#890 = CARTESIAN_POINT('',(-7.589014910633,-15.30751011165,71.42226));
#891 = CARTESIAN_POINT('',(-8.193974297062,-14.84328374824,
    71.725998008738));
#892 = CARTESIAN_POINT('',(-8.372060104706,-14.27155170343,
    72.007729463108));
#893 = CARTESIAN_POINT('',(-8.444098517317,-13.67035139754,
    72.191780095145));
#894 = CARTESIAN_POINT('',(-8.455639404047,-13.01701179013,
    72.293546467431));
#895 = CARTESIAN_POINT('',(-8.455639404048,-12.38298820986,
    72.293546467431));
#896 = CARTESIAN_POINT('',(-8.444098517317,-11.72964860245,
    72.191780095145));
#897 = CARTESIAN_POINT('',(-8.372060104706,-11.12844829656,
    72.007729463108));
#898 = CARTESIAN_POINT('',(-8.193974297062,-10.55671625175,
    71.725998008738));
#899 = CARTESIAN_POINT('',(-7.589014910633,-10.09248988834,71.42226));
#900 = CARTESIAN_POINT('',(-7.589014910633,-17.04585018609,74.0791));
#901 = CARTESIAN_POINT('',(-7.589014910633,-15.82456854376,74.0791));
#902 = CARTESIAN_POINT('',(-7.589014910633,-14.83474045439,74.0791));
#903 = CARTESIAN_POINT('',(-7.589014910633,-13.94289362548,74.0791));
#904 = CARTESIAN_POINT('',(-7.589014910633,-13.11071246657,74.0791));
#905 = CARTESIAN_POINT('',(-7.589014910633,-12.28928753342,74.0791));
#906 = CARTESIAN_POINT('',(-7.589014910633,-11.45710637451,74.0791));
#907 = CARTESIAN_POINT('',(-7.589014910633,-10.5652595456,74.0791));
#908 = CARTESIAN_POINT('',(-7.589014910633,-9.575431456238,74.0791));
#909 = CARTESIAN_POINT('',(-7.589014910633,-8.354149813903,74.0791));
#910 = ADVANCED_FACE('',(#911),#922,.F.);
#911 = FACE_BOUND('',#912,.T.);
#912 = EDGE_LOOP('',(#913,#919,#920,#921));
#913 = ORIENTED_EDGE('',*,*,#914,.T.);
#914 = EDGE_CURVE('',#102,#710,#915,.T.);
#915 = LINE('',#916,#917);
#916 = CARTESIAN_POINT('',(-7.589014910633,-22.225,74.0791));
#917 = VECTOR('',#918,1.);
#918 = DIRECTION('',(0.,-2.22044604925E-16,-1.));
#919 = ORIENTED_EDGE('',*,*,#717,.T.);
#920 = ORIENTED_EDGE('',*,*,#832,.F.);
#921 = ORIENTED_EDGE('',*,*,#109,.F.);
#922 = PLANE('',#923);
#923 = AXIS2_PLACEMENT_3D('',#924,#925,#926);
#924 = CARTESIAN_POINT('',(-3.192143181244,-22.225,67.437));
#925 = DIRECTION('',(0.,1.,0.));
#926 = DIRECTION('',(0.,0.,1.));
#927 = ADVANCED_FACE('',(#928),#949,.F.);
#928 = FACE_BOUND('',#929,.F.);
#929 = EDGE_LOOP('',(#930,#931,#932,#933,#942));
#930 = ORIENTED_EDGE('',*,*,#101,.T.);
#931 = ORIENTED_EDGE('',*,*,#914,.T.);
#932 = ORIENTED_EDGE('',*,*,#709,.F.);
#933 = ORIENTED_EDGE('',*,*,#934,.T.);
#934 = EDGE_CURVE('',#695,#935,#937,.T.);
#935 = VERTEX_POINT('',#936);
#936 = CARTESIAN_POINT('',(-7.589014910633,-20.6375,67.437));
#937 = CIRCLE('',#938,7.9375);
#938 = AXIS2_PLACEMENT_3D('',#939,#940,#941);
#939 = CARTESIAN_POINT('',(-7.589014910633,-12.7,67.437));
#940 = DIRECTION('',(-1.,-0.,0.));
#941 = DIRECTION('',(0.,-1.,-2.98390650188E-15));
#942 = ORIENTED_EDGE('',*,*,#943,.T.);
#943 = EDGE_CURVE('',#935,#87,#944,.T.);
#944 = CIRCLE('',#945,7.9375);
#945 = AXIS2_PLACEMENT_3D('',#946,#947,#948);
#946 = CARTESIAN_POINT('',(-7.589014910633,-12.7,67.437));
#947 = DIRECTION('',(-1.,-0.,0.));
#948 = DIRECTION('',(0.,-1.,-2.98390650188E-15));
#949 = PLANE('',#950);
#950 = AXIS2_PLACEMENT_3D('',#951,#952,#953);
#951 = CARTESIAN_POINT('',(-7.589014910633,22.225,74.0791));
#952 = DIRECTION('',(1.,0.,0.));
#953 = DIRECTION('',(0.,-2.22044604925E-16,-1.));
#954 = ADVANCED_FACE('',(#955),#980,.F.);
#955 = FACE_BOUND('',#956,.F.);
#956 = EDGE_LOOP('',(#957,#965,#973,#979));
#957 = ORIENTED_EDGE('',*,*,#958,.T.);
#958 = EDGE_CURVE('',#134,#959,#961,.T.);
#959 = VERTEX_POINT('',#960);
#960 = CARTESIAN_POINT('',(-3.792637404736,14.482025008098,73.0791));
#961 = LINE('',#962,#963);
#962 = CARTESIAN_POINT('',(-3.792637404736,14.482025008098,74.0791));
#963 = VECTOR('',#964,1.);
#964 = DIRECTION('',(-0.,-0.,-1.));
#965 = ORIENTED_EDGE('',*,*,#966,.T.);
#966 = EDGE_CURVE('',#959,#967,#969,.T.);
#967 = VERTEX_POINT('',#968);
#968 = CARTESIAN_POINT('',(-3.792637404736,13.542722973899,73.0791));
#969 = LINE('',#970,#971);
#970 = CARTESIAN_POINT('',(-3.792637404736,14.482025008098,73.0791));
#971 = VECTOR('',#972,1.);
#972 = DIRECTION('',(-2.22044604925E-16,-1.,0.));
#973 = ORIENTED_EDGE('',*,*,#974,.F.);
#974 = EDGE_CURVE('',#136,#967,#975,.T.);
#975 = LINE('',#976,#977);
#976 = CARTESIAN_POINT('',(-3.792637404736,13.542722973899,74.0791));
#977 = VECTOR('',#978,1.);
#978 = DIRECTION('',(-0.,-0.,-1.));
#979 = ORIENTED_EDGE('',*,*,#133,.F.);
#980 = PLANE('',#981);
#981 = AXIS2_PLACEMENT_3D('',#982,#983,#984);
#982 = CARTESIAN_POINT('',(-3.792637404736,14.482025008098,74.0791));
#983 = DIRECTION('',(-1.,2.22044604925E-16,0.));
#984 = DIRECTION('',(-2.22044604925E-16,-1.,0.));
#985 = ADVANCED_FACE('',(#986),#1005,.F.);
#986 = FACE_BOUND('',#987,.F.);
#987 = EDGE_LOOP('',(#988,#989,#998,#1004));
#988 = ORIENTED_EDGE('',*,*,#974,.T.);
#989 = ORIENTED_EDGE('',*,*,#990,.T.);
#990 = EDGE_CURVE('',#967,#991,#993,.T.);
#991 = VERTEX_POINT('',#992);
#992 = CARTESIAN_POINT('',(-3.74958021134,13.432583921226,73.0791));
#993 = B_SPLINE_CURVE_WITH_KNOTS('',3,(#994,#995,#996,#997),
  .UNSPECIFIED.,.F.,.F.,(4,4),(0.,1.),.PIECEWISE_BEZIER_KNOTS.);
#994 = CARTESIAN_POINT('',(-3.792637404736,13.542722973899,73.0791));
#995 = CARTESIAN_POINT('',(-3.792637404736,13.461288716824,73.0791));
#996 = CARTESIAN_POINT('',(-3.787957275019,13.446936319025,73.0791));
#997 = CARTESIAN_POINT('',(-3.74958021134,13.432583921226,73.0791));
#998 = ORIENTED_EDGE('',*,*,#999,.F.);
#999 = EDGE_CURVE('',#302,#991,#1000,.T.);
#1000 = LINE('',#1001,#1002);
#1001 = CARTESIAN_POINT('',(-3.74958021134,13.432583921226,74.0791));
#1002 = VECTOR('',#1003,1.);
#1003 = DIRECTION('',(-0.,-0.,-1.));
#1004 = ORIENTED_EDGE('',*,*,#309,.F.);
#1005 = SURFACE_OF_LINEAR_EXTRUSION('',#1006,#1011);
#1006 = B_SPLINE_CURVE_WITH_KNOTS('',3,(#1007,#1008,#1009,#1010),
  .UNSPECIFIED.,.F.,.F.,(4,4),(0.,1.),.PIECEWISE_BEZIER_KNOTS.);
#1007 = CARTESIAN_POINT('',(-3.792637404736,13.542722973899,74.0791));
#1008 = CARTESIAN_POINT('',(-3.792637404736,13.461288716824,74.0791));
#1009 = CARTESIAN_POINT('',(-3.787957275019,13.446936319025,74.0791));
#1010 = CARTESIAN_POINT('',(-3.74958021134,13.432583921226,74.0791));
#1011 = VECTOR('',#1012,1.);
#1012 = DIRECTION('',(0.,0.,1.));
#1013 = ADVANCED_FACE('',(#1014),#1032,.F.);
#1014 = FACE_BOUND('',#1015,.F.);
#1015 = EDGE_LOOP('',(#1016,#1017,#1025,#1031));
#1016 = ORIENTED_EDGE('',*,*,#999,.T.);
#1017 = ORIENTED_EDGE('',*,*,#1018,.T.);
#1018 = EDGE_CURVE('',#991,#1019,#1021,.T.);
#1019 = VERTEX_POINT('',#1020);
#1020 = CARTESIAN_POINT('',(-3.323064389799,13.250370870912,73.0791));
#1021 = LINE('',#1022,#1023);
#1022 = CARTESIAN_POINT('',(-3.74958021134,13.432583921226,73.0791));
#1023 = VECTOR('',#1024,1.);
#1024 = DIRECTION('',(0.919596764583,-0.392863577554,0.));
#1025 = ORIENTED_EDGE('',*,*,#1026,.F.);
#1026 = EDGE_CURVE('',#294,#1019,#1027,.T.);
#1027 = LINE('',#1028,#1029);
#1028 = CARTESIAN_POINT('',(-3.323064389799,13.250370870912,74.0791));
#1029 = VECTOR('',#1030,1.);
#1030 = DIRECTION('',(-0.,-0.,-1.));
#1031 = ORIENTED_EDGE('',*,*,#301,.F.);
#1032 = PLANE('',#1033);
#1033 = AXIS2_PLACEMENT_3D('',#1034,#1035,#1036);
#1034 = CARTESIAN_POINT('',(-3.74958021134,13.432583921226,74.0791));
#1035 = DIRECTION('',(-0.392863577554,-0.919596764583,0.));
#1036 = DIRECTION('',(0.919596764583,-0.392863577554,0.));
#1037 = ADVANCED_FACE('',(#1038),#1056,.F.);
#1038 = FACE_BOUND('',#1039,.F.);
#1039 = EDGE_LOOP('',(#1040,#1041,#1049,#1055));
#1040 = ORIENTED_EDGE('',*,*,#1026,.T.);
#1041 = ORIENTED_EDGE('',*,*,#1042,.T.);
#1042 = EDGE_CURVE('',#1019,#1043,#1045,.T.);
#1043 = VERTEX_POINT('',#1044);
#1044 = CARTESIAN_POINT('',(-3.289523460161,13.293584068632,73.0791));
#1045 = LINE('',#1046,#1047);
#1046 = CARTESIAN_POINT('',(-3.323064389799,13.250370870912,73.0791));
#1047 = VECTOR('',#1048,1.);
#1048 = DIRECTION('',(0.613150559542,0.789966069735,0.));
#1049 = ORIENTED_EDGE('',*,*,#1050,.F.);
#1050 = EDGE_CURVE('',#285,#1043,#1051,.T.);
#1051 = LINE('',#1052,#1053);
#1052 = CARTESIAN_POINT('',(-3.289523460161,13.293584068632,74.0791));
#1053 = VECTOR('',#1054,1.);
#1054 = DIRECTION('',(-0.,-0.,-1.));
#1055 = ORIENTED_EDGE('',*,*,#293,.F.);
#1056 = PLANE('',#1057);
#1057 = AXIS2_PLACEMENT_3D('',#1058,#1059,#1060);
#1058 = CARTESIAN_POINT('',(-3.323064389799,13.250370870912,74.0791));
#1059 = DIRECTION('',(0.789966069735,-0.613150559542,0.));
#1060 = DIRECTION('',(0.613150559542,0.789966069735,0.));
#1061 = ADVANCED_FACE('',(#1062),#1081,.F.);
#1062 = FACE_BOUND('',#1063,.F.);
#1063 = EDGE_LOOP('',(#1064,#1065,#1074,#1080));
#1064 = ORIENTED_EDGE('',*,*,#1050,.T.);
#1065 = ORIENTED_EDGE('',*,*,#1066,.T.);
#1066 = EDGE_CURVE('',#1043,#1067,#1069,.T.);
#1067 = VERTEX_POINT('',#1068);
#1068 = CARTESIAN_POINT('',(-3.414014910633,13.514018178302,73.0791));
#1069 = B_SPLINE_CURVE_WITH_KNOTS('',3,(#1070,#1071,#1072,#1073),
  .UNSPECIFIED.,.F.,.F.,(4,4),(0.,1.),.PIECEWISE_BEZIER_KNOTS.);
#1070 = CARTESIAN_POINT('',(-3.289523460161,13.293584068632,73.0791));
#1071 = CARTESIAN_POINT('',(-3.385310115035,13.36550206195,73.0791));
#1072 = CARTESIAN_POINT('',(-3.414014910633,13.408559255346,73.0791));
#1073 = CARTESIAN_POINT('',(-3.414014910633,13.514018178302,73.0791));
#1074 = ORIENTED_EDGE('',*,*,#1075,.F.);
#1075 = EDGE_CURVE('',#277,#1067,#1076,.T.);
#1076 = LINE('',#1077,#1078);
#1077 = CARTESIAN_POINT('',(-3.414014910633,13.514018178302,74.0791));
#1078 = VECTOR('',#1079,1.);
#1079 = DIRECTION('',(-0.,-0.,-1.));
#1080 = ORIENTED_EDGE('',*,*,#284,.F.);
#1081 = SURFACE_OF_LINEAR_EXTRUSION('',#1082,#1087);
#1082 = B_SPLINE_CURVE_WITH_KNOTS('',3,(#1083,#1084,#1085,#1086),
  .UNSPECIFIED.,.F.,.F.,(4,4),(0.,1.),.PIECEWISE_BEZIER_KNOTS.);
#1083 = CARTESIAN_POINT('',(-3.289523460161,13.293584068632,74.0791));
#1084 = CARTESIAN_POINT('',(-3.385310115035,13.36550206195,74.0791));
#1085 = CARTESIAN_POINT('',(-3.414014910633,13.408559255346,74.0791));
#1086 = CARTESIAN_POINT('',(-3.414014910633,13.514018178302,74.0791));
#1087 = VECTOR('',#1088,1.);
#1088 = DIRECTION('',(0.,0.,1.));
#1089 = ADVANCED_FACE('',(#1090),#1108,.F.);
#1090 = FACE_BOUND('',#1091,.F.);
#1091 = EDGE_LOOP('',(#1092,#1093,#1101,#1107));
#1092 = ORIENTED_EDGE('',*,*,#1075,.T.);
#1093 = ORIENTED_EDGE('',*,*,#1094,.T.);
#1094 = EDGE_CURVE('',#1067,#1095,#1097,.T.);
#1095 = VERTEX_POINT('',#1096);
#1096 = CARTESIAN_POINT('',(-3.414014910633,14.515565937736,73.0791));
#1097 = LINE('',#1098,#1099);
#1098 = CARTESIAN_POINT('',(-3.414014910633,13.514018178302,73.0791));
#1099 = VECTOR('',#1100,1.);
#1100 = DIRECTION('',(2.22044604925E-16,1.,0.));
#1101 = ORIENTED_EDGE('',*,*,#1102,.F.);
#1102 = EDGE_CURVE('',#269,#1095,#1103,.T.);
#1103 = LINE('',#1104,#1105);
#1104 = CARTESIAN_POINT('',(-3.414014910633,14.515565937736,74.0791));
#1105 = VECTOR('',#1106,1.);
#1106 = DIRECTION('',(-0.,-0.,-1.));
#1107 = ORIENTED_EDGE('',*,*,#276,.F.);
#1108 = PLANE('',#1109);
#1109 = AXIS2_PLACEMENT_3D('',#1110,#1111,#1112);
#1110 = CARTESIAN_POINT('',(-3.414014910633,13.514018178302,74.0791));
#1111 = DIRECTION('',(1.,-2.22044604925E-16,0.));
#1112 = DIRECTION('',(2.22044604925E-16,1.,0.));
#1113 = ADVANCED_FACE('',(#1114),#1132,.F.);
#1114 = FACE_BOUND('',#1115,.F.);
#1115 = EDGE_LOOP('',(#1116,#1117,#1125,#1131));
#1116 = ORIENTED_EDGE('',*,*,#1102,.T.);
#1117 = ORIENTED_EDGE('',*,*,#1118,.T.);
#1118 = EDGE_CURVE('',#1095,#1119,#1121,.T.);
#1119 = VERTEX_POINT('',#1120);
#1120 = CARTESIAN_POINT('',(-4.551442436183,15.038024418475,73.0791));
#1121 = LINE('',#1122,#1123);
#1122 = CARTESIAN_POINT('',(-3.414014910633,14.515565937736,73.0791));
#1123 = VECTOR('',#1124,1.);
#1124 = DIRECTION('',(-0.908720288708,0.417405602371,0.));
#1125 = ORIENTED_EDGE('',*,*,#1126,.F.);
#1126 = EDGE_CURVE('',#260,#1119,#1127,.T.);
#1127 = LINE('',#1128,#1129);
#1128 = CARTESIAN_POINT('',(-4.551442436183,15.038024418475,74.0791));
#1129 = VECTOR('',#1130,1.);
#1130 = DIRECTION('',(-0.,-0.,-1.));
#1131 = ORIENTED_EDGE('',*,*,#268,.F.);
#1132 = PLANE('',#1133);
#1133 = AXIS2_PLACEMENT_3D('',#1134,#1135,#1136);
#1134 = CARTESIAN_POINT('',(-3.414014910633,14.515565937736,74.0791));
#1135 = DIRECTION('',(0.417405602371,0.908720288708,-0.));
#1136 = DIRECTION('',(-0.908720288708,0.417405602371,0.));
#1137 = ADVANCED_FACE('',(#1138),#1157,.F.);
#1138 = FACE_BOUND('',#1139,.F.);
#1139 = EDGE_LOOP('',(#1140,#1141,#1150,#1156));
#1140 = ORIENTED_EDGE('',*,*,#1126,.T.);
#1141 = ORIENTED_EDGE('',*,*,#1142,.T.);
#1142 = EDGE_CURVE('',#1119,#1143,#1145,.T.);
#1143 = VERTEX_POINT('',#1144);
#1144 = CARTESIAN_POINT('',(-4.57531109774,15.042704548192,73.0791));
#1145 = B_SPLINE_CURVE_WITH_KNOTS('',3,(#1146,#1147,#1148,#1149),
  .UNSPECIFIED.,.F.,.F.,(4,4),(0.,1.),.PIECEWISE_BEZIER_KNOTS.);
#1146 = CARTESIAN_POINT('',(-4.551442436183,15.038024418475,73.0791));
#1147 = CARTESIAN_POINT('',(-4.560958699941,15.042704548192,73.0791));
#1148 = CARTESIAN_POINT('',(-4.565794833982,15.042704548192,73.0791));
#1149 = CARTESIAN_POINT('',(-4.57531109774,15.042704548192,73.0791));
#1150 = ORIENTED_EDGE('',*,*,#1151,.F.);
#1151 = EDGE_CURVE('',#251,#1143,#1152,.T.);
#1152 = LINE('',#1153,#1154);
#1153 = CARTESIAN_POINT('',(-4.57531109774,15.042704548192,74.0791));
#1154 = VECTOR('',#1155,1.);
#1155 = DIRECTION('',(-0.,-0.,-1.));
#1156 = ORIENTED_EDGE('',*,*,#259,.F.);
#1157 = SURFACE_OF_LINEAR_EXTRUSION('',#1158,#1163);
#1158 = B_SPLINE_CURVE_WITH_KNOTS('',3,(#1159,#1160,#1161,#1162),
  .UNSPECIFIED.,.F.,.F.,(4,4),(0.,1.),.PIECEWISE_BEZIER_KNOTS.);
#1159 = CARTESIAN_POINT('',(-4.551442436183,15.038024418475,74.0791));
#1160 = CARTESIAN_POINT('',(-4.560958699941,15.042704548192,74.0791));
#1161 = CARTESIAN_POINT('',(-4.565794833982,15.042704548192,74.0791));
#1162 = CARTESIAN_POINT('',(-4.57531109774,15.042704548192,74.0791));
#1163 = VECTOR('',#1164,1.);
#1164 = DIRECTION('',(0.,0.,1.));
#1165 = ADVANCED_FACE('',(#1166),#1185,.F.);
#1166 = FACE_BOUND('',#1167,.F.);
#1167 = EDGE_LOOP('',(#1168,#1169,#1178,#1184));
#1168 = ORIENTED_EDGE('',*,*,#1151,.T.);
#1169 = ORIENTED_EDGE('',*,*,#1170,.T.);
#1170 = EDGE_CURVE('',#1143,#1171,#1173,.T.);
#1171 = VERTEX_POINT('',#1172);
#1172 = CARTESIAN_POINT('',(-4.613844165743,14.985294956997,73.0791));
#1173 = B_SPLINE_CURVE_WITH_KNOTS('',3,(#1174,#1175,#1176,#1177),
  .UNSPECIFIED.,.F.,.F.,(4,4),(0.,1.),.PIECEWISE_BEZIER_KNOTS.);
#1174 = CARTESIAN_POINT('',(-4.57531109774,15.042704548192,73.0791));
#1175 = CARTESIAN_POINT('',(-4.604171897661,15.042704548192,73.0791));
#1176 = CARTESIAN_POINT('',(-4.613844165743,15.023672020676,73.0791));
#1177 = CARTESIAN_POINT('',(-4.613844165743,14.985294956997,73.0791));
#1178 = ORIENTED_EDGE('',*,*,#1179,.F.);
#1179 = EDGE_CURVE('',#242,#1171,#1180,.T.);
#1180 = LINE('',#1181,#1182);
#1181 = CARTESIAN_POINT('',(-4.613844165743,14.985294956997,74.0791));
#1182 = VECTOR('',#1183,1.);
#1183 = DIRECTION('',(-0.,-0.,-1.));
#1184 = ORIENTED_EDGE('',*,*,#250,.F.);
#1185 = SURFACE_OF_LINEAR_EXTRUSION('',#1186,#1191);
#1186 = B_SPLINE_CURVE_WITH_KNOTS('',3,(#1187,#1188,#1189,#1190),
  .UNSPECIFIED.,.F.,.F.,(4,4),(0.,1.),.PIECEWISE_BEZIER_KNOTS.);
#1187 = CARTESIAN_POINT('',(-4.57531109774,15.042704548192,74.0791));
#1188 = CARTESIAN_POINT('',(-4.604171897661,15.042704548192,74.0791));
#1189 = CARTESIAN_POINT('',(-4.613844165743,15.023672020676,74.0791));
#1190 = CARTESIAN_POINT('',(-4.613844165743,14.985294956997,74.0791));
#1191 = VECTOR('',#1192,1.);
#1192 = DIRECTION('',(0.,0.,1.));
#1193 = ADVANCED_FACE('',(#1194),#1213,.F.);
#1194 = FACE_BOUND('',#1195,.F.);
#1195 = EDGE_LOOP('',(#1196,#1197,#1206,#1212));
#1196 = ORIENTED_EDGE('',*,*,#1179,.T.);
#1197 = ORIENTED_EDGE('',*,*,#1198,.T.);
#1198 = EDGE_CURVE('',#1171,#1199,#1201,.T.);
#1199 = VERTEX_POINT('',#1200);
#1200 = CARTESIAN_POINT('',(-4.709786824941,14.443647944418,73.0791));
#1201 = B_SPLINE_CURVE_WITH_KNOTS('',3,(#1202,#1203,#1204,#1205),
  .UNSPECIFIED.,.F.,.F.,(4,4),(0.,1.),.PIECEWISE_BEZIER_KNOTS.);
#1202 = CARTESIAN_POINT('',(-4.613844165743,14.985294956997,73.0791));
#1203 = CARTESIAN_POINT('',(-4.613844165743,14.831942706604,73.0791));
#1204 = CARTESIAN_POINT('',(-4.647385095381,14.645049526572,73.0791));
#1205 = CARTESIAN_POINT('',(-4.709786824941,14.443647944418,73.0791));
#1206 = ORIENTED_EDGE('',*,*,#1207,.F.);
#1207 = EDGE_CURVE('',#233,#1199,#1208,.T.);
#1208 = LINE('',#1209,#1210);
#1209 = CARTESIAN_POINT('',(-4.709786824941,14.443647944418,74.0791));
#1210 = VECTOR('',#1211,1.);
#1211 = DIRECTION('',(-0.,-0.,-1.));
#1212 = ORIENTED_EDGE('',*,*,#241,.F.);
#1213 = SURFACE_OF_LINEAR_EXTRUSION('',#1214,#1219);
#1214 = B_SPLINE_CURVE_WITH_KNOTS('',3,(#1215,#1216,#1217,#1218),
  .UNSPECIFIED.,.F.,.F.,(4,4),(0.,1.),.PIECEWISE_BEZIER_KNOTS.);
#1215 = CARTESIAN_POINT('',(-4.613844165743,14.985294956997,74.0791));
#1216 = CARTESIAN_POINT('',(-4.613844165743,14.831942706604,74.0791));
#1217 = CARTESIAN_POINT('',(-4.647385095381,14.645049526572,74.0791));
#1218 = CARTESIAN_POINT('',(-4.709786824941,14.443647944418,74.0791));
#1219 = VECTOR('',#1220,1.);
#1220 = DIRECTION('',(0.,0.,1.));
#1221 = ADVANCED_FACE('',(#1222),#1241,.F.);
#1222 = FACE_BOUND('',#1223,.F.);
#1223 = EDGE_LOOP('',(#1224,#1225,#1234,#1240));
#1224 = ORIENTED_EDGE('',*,*,#1207,.T.);
#1225 = ORIENTED_EDGE('',*,*,#1226,.T.);
#1226 = EDGE_CURVE('',#1199,#1227,#1229,.T.);
#1227 = VERTEX_POINT('',#1228);
#1228 = CARTESIAN_POINT('',(-5.660633179107,13.643345762814,73.0791));
#1229 = B_SPLINE_CURVE_WITH_KNOTS('',3,(#1230,#1231,#1232,#1233),
  .UNSPECIFIED.,.F.,.F.,(4,4),(0.,1.),.PIECEWISE_BEZIER_KNOTS.);
#1230 = CARTESIAN_POINT('',(-4.709786824941,14.443647944418,73.0791));
#1231 = CARTESIAN_POINT('',(-4.887475749862,13.892640672406,73.0791));
#1232 = CARTESIAN_POINT('',(-5.180451870145,13.643345762814,73.0791));
#1233 = CARTESIAN_POINT('',(-5.660633179107,13.643345762814,73.0791));
#1234 = ORIENTED_EDGE('',*,*,#1235,.F.);
#1235 = EDGE_CURVE('',#224,#1227,#1236,.T.);
#1236 = LINE('',#1237,#1238);
#1237 = CARTESIAN_POINT('',(-5.660633179107,13.643345762814,74.0791));
#1238 = VECTOR('',#1239,1.);
#1239 = DIRECTION('',(-0.,-0.,-1.));
#1240 = ORIENTED_EDGE('',*,*,#232,.F.);
#1241 = SURFACE_OF_LINEAR_EXTRUSION('',#1242,#1247);
#1242 = B_SPLINE_CURVE_WITH_KNOTS('',3,(#1243,#1244,#1245,#1246),
  .UNSPECIFIED.,.F.,.F.,(4,4),(0.,1.),.PIECEWISE_BEZIER_KNOTS.);
#1243 = CARTESIAN_POINT('',(-4.709786824941,14.443647944418,74.0791));
#1244 = CARTESIAN_POINT('',(-4.887475749862,13.892640672406,74.0791));
#1245 = CARTESIAN_POINT('',(-5.180451870145,13.643345762814,74.0791));
#1246 = CARTESIAN_POINT('',(-5.660633179107,13.643345762814,74.0791));
#1247 = VECTOR('',#1248,1.);
#1248 = DIRECTION('',(0.,0.,1.));
#1249 = ADVANCED_FACE('',(#1250),#1269,.F.);
#1250 = FACE_BOUND('',#1251,.F.);
#1251 = EDGE_LOOP('',(#1252,#1253,#1262,#1268));
#1252 = ORIENTED_EDGE('',*,*,#1235,.T.);
#1253 = ORIENTED_EDGE('',*,*,#1254,.T.);
#1254 = EDGE_CURVE('',#1227,#1255,#1257,.T.);
#1255 = VERTEX_POINT('',#1256);
#1256 = CARTESIAN_POINT('',(-6.48168393579,14.309484225865,73.0791));
#1257 = B_SPLINE_CURVE_WITH_KNOTS('',3,(#1258,#1259,#1260,#1261),
  .UNSPECIFIED.,.F.,.F.,(4,4),(0.,1.),.PIECEWISE_BEZIER_KNOTS.);
#1258 = CARTESIAN_POINT('',(-5.660633179107,13.643345762814,73.0791));
#1259 = CARTESIAN_POINT('',(-6.121469951906,13.643345762814,73.0791));
#1260 = CARTESIAN_POINT('',(-6.48168393579,13.930861731761,73.0791));
#1261 = CARTESIAN_POINT('',(-6.48168393579,14.309484225865,73.0791));
#1262 = ORIENTED_EDGE('',*,*,#1263,.F.);
#1263 = EDGE_CURVE('',#215,#1255,#1264,.T.);
#1264 = LINE('',#1265,#1266);
#1265 = CARTESIAN_POINT('',(-6.48168393579,14.309484225865,74.0791));
#1266 = VECTOR('',#1267,1.);
#1267 = DIRECTION('',(-0.,-0.,-1.));
#1268 = ORIENTED_EDGE('',*,*,#223,.F.);
#1269 = SURFACE_OF_LINEAR_EXTRUSION('',#1270,#1275);
#1270 = B_SPLINE_CURVE_WITH_KNOTS('',3,(#1271,#1272,#1273,#1274),
  .UNSPECIFIED.,.F.,.F.,(4,4),(0.,1.),.PIECEWISE_BEZIER_KNOTS.);
#1271 = CARTESIAN_POINT('',(-5.660633179107,13.643345762814,74.0791));
#1272 = CARTESIAN_POINT('',(-6.121469951906,13.643345762814,74.0791));
#1273 = CARTESIAN_POINT('',(-6.48168393579,13.930861731761,74.0791));
#1274 = CARTESIAN_POINT('',(-6.48168393579,14.309484225865,74.0791));
#1275 = VECTOR('',#1276,1.);
#1276 = DIRECTION('',(0.,0.,1.));
#1277 = ADVANCED_FACE('',(#1278),#1297,.F.);
#1278 = FACE_BOUND('',#1279,.F.);
#1279 = EDGE_LOOP('',(#1280,#1281,#1290,#1296));
#1280 = ORIENTED_EDGE('',*,*,#1263,.T.);
#1281 = ORIENTED_EDGE('',*,*,#1282,.T.);
#1282 = EDGE_CURVE('',#1255,#1283,#1285,.T.);
#1283 = VERTEX_POINT('',#1284);
#1284 = CARTESIAN_POINT('',(-6.342372074548,14.625860994733,73.0791));
#1285 = B_SPLINE_CURVE_WITH_KNOTS('',3,(#1286,#1287,#1288,#1289),
  .UNSPECIFIED.,.F.,.F.,(4,4),(0.,1.),.PIECEWISE_BEZIER_KNOTS.);
#1286 = CARTESIAN_POINT('',(-6.48168393579,14.309484225865,73.0791));
#1287 = CARTESIAN_POINT('',(-6.48168393579,14.405426885063,73.0791));
#1288 = CARTESIAN_POINT('',(-6.447987001828,14.482025008098,73.0791));
#1289 = CARTESIAN_POINT('',(-6.342372074548,14.625860994733,73.0791));
#1290 = ORIENTED_EDGE('',*,*,#1291,.F.);
#1291 = EDGE_CURVE('',#206,#1283,#1292,.T.);
#1292 = LINE('',#1293,#1294);
#1293 = CARTESIAN_POINT('',(-6.342372074548,14.625860994733,74.0791));
#1294 = VECTOR('',#1295,1.);
#1295 = DIRECTION('',(-0.,-0.,-1.));
#1296 = ORIENTED_EDGE('',*,*,#214,.F.);
#1297 = SURFACE_OF_LINEAR_EXTRUSION('',#1298,#1303);
#1298 = B_SPLINE_CURVE_WITH_KNOTS('',3,(#1299,#1300,#1301,#1302),
  .UNSPECIFIED.,.F.,.F.,(4,4),(0.,1.),.PIECEWISE_BEZIER_KNOTS.);
#1299 = CARTESIAN_POINT('',(-6.48168393579,14.309484225865,74.0791));
#1300 = CARTESIAN_POINT('',(-6.48168393579,14.405426885063,74.0791));
#1301 = CARTESIAN_POINT('',(-6.447987001828,14.482025008098,74.0791));
#1302 = CARTESIAN_POINT('',(-6.342372074548,14.625860994733,74.0791));
#1303 = VECTOR('',#1304,1.);
#1304 = DIRECTION('',(0.,0.,1.));
#1305 = ADVANCED_FACE('',(#1306),#1325,.F.);
#1306 = FACE_BOUND('',#1307,.F.);
#1307 = EDGE_LOOP('',(#1308,#1309,#1318,#1324));
#1308 = ORIENTED_EDGE('',*,*,#1291,.T.);
#1309 = ORIENTED_EDGE('',*,*,#1310,.T.);
#1310 = EDGE_CURVE('',#1283,#1311,#1313,.T.);
#1311 = VERTEX_POINT('',#1312);
#1312 = CARTESIAN_POINT('',(-6.18402768579,14.994811220755,73.0791));
#1313 = B_SPLINE_CURVE_WITH_KNOTS('',3,(#1314,#1315,#1316,#1317),
  .UNSPECIFIED.,.F.,.F.,(4,4),(0.,1.),.PIECEWISE_BEZIER_KNOTS.);
#1314 = CARTESIAN_POINT('',(-6.342372074548,14.625860994733,73.0791));
#1315 = CARTESIAN_POINT('',(-6.22724088351,14.779213245126,73.0791));
#1316 = CARTESIAN_POINT('',(-6.18402768579,14.884672168082,73.0791));
#1317 = CARTESIAN_POINT('',(-6.18402768579,14.994811220755,73.0791));
#1318 = ORIENTED_EDGE('',*,*,#1319,.F.);
#1319 = EDGE_CURVE('',#197,#1311,#1320,.T.);
#1320 = LINE('',#1321,#1322);
#1321 = CARTESIAN_POINT('',(-6.18402768579,14.994811220755,74.0791));
#1322 = VECTOR('',#1323,1.);
#1323 = DIRECTION('',(-0.,-0.,-1.));
#1324 = ORIENTED_EDGE('',*,*,#205,.F.);
#1325 = SURFACE_OF_LINEAR_EXTRUSION('',#1326,#1331);
#1326 = B_SPLINE_CURVE_WITH_KNOTS('',3,(#1327,#1328,#1329,#1330),
  .UNSPECIFIED.,.F.,.F.,(4,4),(0.,1.),.PIECEWISE_BEZIER_KNOTS.);
#1327 = CARTESIAN_POINT('',(-6.342372074548,14.625860994733,74.0791));
#1328 = CARTESIAN_POINT('',(-6.22724088351,14.779213245126,74.0791));
#1329 = CARTESIAN_POINT('',(-6.18402768579,14.884672168082,74.0791));
#1330 = CARTESIAN_POINT('',(-6.18402768579,14.994811220755,74.0791));
#1331 = VECTOR('',#1332,1.);
#1332 = DIRECTION('',(0.,0.,1.));
#1333 = ADVANCED_FACE('',(#1334),#1353,.F.);
#1334 = FACE_BOUND('',#1335,.F.);
#1335 = EDGE_LOOP('',(#1336,#1337,#1346,#1352));
#1336 = ORIENTED_EDGE('',*,*,#1319,.T.);
#1337 = ORIENTED_EDGE('',*,*,#1338,.T.);
#1338 = EDGE_CURVE('',#1311,#1339,#1341,.T.);
#1339 = VERTEX_POINT('',#1340);
#1340 = CARTESIAN_POINT('',(-6.361560606387,15.196056798585,73.0791));
#1341 = B_SPLINE_CURVE_WITH_KNOTS('',3,(#1342,#1343,#1344,#1345),
  .UNSPECIFIED.,.F.,.F.,(4,4),(0.,1.),.PIECEWISE_BEZIER_KNOTS.);
#1342 = CARTESIAN_POINT('',(-6.18402768579,14.994811220755,73.0791));
#1343 = CARTESIAN_POINT('',(-6.18402768579,15.128974939308,73.0791));
#1344 = CARTESIAN_POINT('',(-6.241593281309,15.196056798585,73.0791));
#1345 = CARTESIAN_POINT('',(-6.361560606387,15.196056798585,73.0791));
#1346 = ORIENTED_EDGE('',*,*,#1347,.F.);
#1347 = EDGE_CURVE('',#188,#1339,#1348,.T.);
#1348 = LINE('',#1349,#1350);
#1349 = CARTESIAN_POINT('',(-6.361560606387,15.196056798585,74.0791));
#1350 = VECTOR('',#1351,1.);
#1351 = DIRECTION('',(-0.,-0.,-1.));
#1352 = ORIENTED_EDGE('',*,*,#196,.F.);
#1353 = SURFACE_OF_LINEAR_EXTRUSION('',#1354,#1359);
#1354 = B_SPLINE_CURVE_WITH_KNOTS('',3,(#1355,#1356,#1357,#1358),
  .UNSPECIFIED.,.F.,.F.,(4,4),(0.,1.),.PIECEWISE_BEZIER_KNOTS.);
#1355 = CARTESIAN_POINT('',(-6.18402768579,14.994811220755,74.0791));
#1356 = CARTESIAN_POINT('',(-6.18402768579,15.128974939308,74.0791));
#1357 = CARTESIAN_POINT('',(-6.241593281309,15.196056798585,74.0791));
#1358 = CARTESIAN_POINT('',(-6.361560606387,15.196056798585,74.0791));
#1359 = VECTOR('',#1360,1.);
#1360 = DIRECTION('',(0.,0.,1.));
#1361 = ADVANCED_FACE('',(#1362),#1381,.F.);
#1362 = FACE_BOUND('',#1363,.F.);
#1363 = EDGE_LOOP('',(#1364,#1365,#1374,#1380));
#1364 = ORIENTED_EDGE('',*,*,#1347,.T.);
#1365 = ORIENTED_EDGE('',*,*,#1366,.T.);
#1366 = EDGE_CURVE('',#1339,#1367,#1369,.T.);
#1367 = VERTEX_POINT('',#1368);
#1368 = CARTESIAN_POINT('',(-6.65890484774,14.611508596934,73.0791));
#1369 = B_SPLINE_CURVE_WITH_KNOTS('',3,(#1370,#1371,#1372,#1373),
  .UNSPECIFIED.,.F.,.F.,(4,4),(0.,1.),.PIECEWISE_BEZIER_KNOTS.);
#1370 = CARTESIAN_POINT('',(-6.361560606387,15.196056798585,73.0791));
#1371 = CARTESIAN_POINT('',(-6.543929661026,15.196056798585,73.0791));
#1372 = CARTESIAN_POINT('',(-6.65890484774,14.975622688915,73.0791));
#1373 = CARTESIAN_POINT('',(-6.65890484774,14.611508596934,73.0791));
#1374 = ORIENTED_EDGE('',*,*,#1375,.F.);
#1375 = EDGE_CURVE('',#179,#1367,#1376,.T.);
#1376 = LINE('',#1377,#1378);
#1377 = CARTESIAN_POINT('',(-6.65890484774,14.611508596934,74.0791));
#1378 = VECTOR('',#1379,1.);
#1379 = DIRECTION('',(-0.,-0.,-1.));
#1380 = ORIENTED_EDGE('',*,*,#187,.F.);
#1381 = SURFACE_OF_LINEAR_EXTRUSION('',#1382,#1387);
#1382 = B_SPLINE_CURVE_WITH_KNOTS('',3,(#1383,#1384,#1385,#1386),
  .UNSPECIFIED.,.F.,.F.,(4,4),(0.,1.),.PIECEWISE_BEZIER_KNOTS.);
#1383 = CARTESIAN_POINT('',(-6.361560606387,15.196056798585,74.0791));
#1384 = CARTESIAN_POINT('',(-6.543929661026,15.196056798585,74.0791));
#1385 = CARTESIAN_POINT('',(-6.65890484774,14.975622688915,74.0791));
#1386 = CARTESIAN_POINT('',(-6.65890484774,14.611508596934,74.0791));
#1387 = VECTOR('',#1388,1.);
#1388 = DIRECTION('',(0.,0.,1.));
#1389 = ADVANCED_FACE('',(#1390),#1409,.F.);
#1390 = FACE_BOUND('',#1391,.F.);
#1391 = EDGE_LOOP('',(#1392,#1393,#1402,#1408));
#1392 = ORIENTED_EDGE('',*,*,#1375,.T.);
#1393 = ORIENTED_EDGE('',*,*,#1394,.T.);
#1394 = EDGE_CURVE('',#1367,#1395,#1397,.T.);
#1395 = VERTEX_POINT('',#1396);
#1396 = CARTESIAN_POINT('',(-6.284806479029,13.624157230975,73.0791));
#1397 = B_SPLINE_CURVE_WITH_KNOTS('',3,(#1398,#1399,#1400,#1401),
  .UNSPECIFIED.,.F.,.F.,(4,4),(0.,1.),.PIECEWISE_BEZIER_KNOTS.);
#1398 = CARTESIAN_POINT('',(-6.65890484774,14.611508596934,73.0791));
#1399 = CARTESIAN_POINT('',(-6.65890484774,14.213697570991,73.0791));
#1400 = CARTESIAN_POINT('',(-6.529577263227,13.868616006525,73.0791));
#1401 = CARTESIAN_POINT('',(-6.284806479029,13.624157230975,73.0791));
#1402 = ORIENTED_EDGE('',*,*,#1403,.F.);
#1403 = EDGE_CURVE('',#170,#1395,#1404,.T.);
#1404 = LINE('',#1405,#1406);
#1405 = CARTESIAN_POINT('',(-6.284806479029,13.624157230975,74.0791));
#1406 = VECTOR('',#1407,1.);
#1407 = DIRECTION('',(-0.,-0.,-1.));
#1408 = ORIENTED_EDGE('',*,*,#178,.F.);
#1409 = SURFACE_OF_LINEAR_EXTRUSION('',#1410,#1415);
#1410 = B_SPLINE_CURVE_WITH_KNOTS('',3,(#1411,#1412,#1413,#1414),
  .UNSPECIFIED.,.F.,.F.,(4,4),(0.,1.),.PIECEWISE_BEZIER_KNOTS.);
#1411 = CARTESIAN_POINT('',(-6.65890484774,14.611508596934,74.0791));
#1412 = CARTESIAN_POINT('',(-6.65890484774,14.213697570991,74.0791));
#1413 = CARTESIAN_POINT('',(-6.529577263227,13.868616006525,74.0791));
#1414 = CARTESIAN_POINT('',(-6.284806479029,13.624157230975,74.0791));
#1415 = VECTOR('',#1416,1.);
#1416 = DIRECTION('',(0.,0.,1.));
#1417 = ADVANCED_FACE('',(#1418),#1437,.F.);
#1418 = FACE_BOUND('',#1419,.F.);
#1419 = EDGE_LOOP('',(#1420,#1421,#1430,#1436));
#1420 = ORIENTED_EDGE('',*,*,#1403,.T.);
#1421 = ORIENTED_EDGE('',*,*,#1422,.T.);
#1422 = EDGE_CURVE('',#1395,#1423,#1425,.T.);
#1423 = VERTEX_POINT('',#1424);
#1424 = CARTESIAN_POINT('',(-5.430058788384,13.307936466431,73.0791));
#1425 = B_SPLINE_CURVE_WITH_KNOTS('',3,(#1426,#1427,#1428,#1429),
  .UNSPECIFIED.,.F.,.F.,(4,4),(0.,1.),.PIECEWISE_BEZIER_KNOTS.);
#1426 = CARTESIAN_POINT('',(-6.284806479029,13.624157230975,73.0791));
#1427 = CARTESIAN_POINT('',(-6.068740490428,13.408559255346,73.0791));
#1428 = CARTESIAN_POINT('',(-5.794952901985,13.307936466431,73.0791));
#1429 = CARTESIAN_POINT('',(-5.430058788384,13.307936466431,73.0791));
#1430 = ORIENTED_EDGE('',*,*,#1431,.F.);
#1431 = EDGE_CURVE('',#161,#1423,#1432,.T.);
#1432 = LINE('',#1433,#1434);
#1433 = CARTESIAN_POINT('',(-5.430058788384,13.307936466431,74.0791));
#1434 = VECTOR('',#1435,1.);
#1435 = DIRECTION('',(-0.,-0.,-1.));
#1436 = ORIENTED_EDGE('',*,*,#169,.F.);
#1437 = SURFACE_OF_LINEAR_EXTRUSION('',#1438,#1443);
#1438 = B_SPLINE_CURVE_WITH_KNOTS('',3,(#1439,#1440,#1441,#1442),
  .UNSPECIFIED.,.F.,.F.,(4,4),(0.,1.),.PIECEWISE_BEZIER_KNOTS.);
#1439 = CARTESIAN_POINT('',(-6.284806479029,13.624157230975,74.0791));
#1440 = CARTESIAN_POINT('',(-6.068740490428,13.408559255346,74.0791));
#1441 = CARTESIAN_POINT('',(-5.794952901985,13.307936466431,74.0791));
#1442 = CARTESIAN_POINT('',(-5.430058788384,13.307936466431,74.0791));
#1443 = VECTOR('',#1444,1.);
#1444 = DIRECTION('',(0.,0.,1.));
#1445 = ADVANCED_FACE('',(#1446),#1465,.F.);
#1446 = FACE_BOUND('',#1447,.F.);
#1447 = EDGE_LOOP('',(#1448,#1449,#1458,#1464));
#1448 = ORIENTED_EDGE('',*,*,#1431,.T.);
#1449 = ORIENTED_EDGE('',*,*,#1450,.T.);
#1450 = EDGE_CURVE('',#1423,#1451,#1453,.T.);
#1451 = VERTEX_POINT('',#1452);
#1452 = CARTESIAN_POINT('',(-4.623360429501,13.633829499057,73.0791));
#1453 = B_SPLINE_CURVE_WITH_KNOTS('',3,(#1454,#1455,#1456,#1457),
  .UNSPECIFIED.,.F.,.F.,(4,4),(0.,1.),.PIECEWISE_BEZIER_KNOTS.);
#1454 = CARTESIAN_POINT('',(-5.430058788384,13.307936466431,73.0791));
#1455 = CARTESIAN_POINT('',(-5.084353206623,13.307936466431,73.0791));
#1456 = CARTESIAN_POINT('',(-4.863451083982,13.399042991588,73.0791));
#1457 = CARTESIAN_POINT('',(-4.623360429501,13.633829499057,73.0791));
#1458 = ORIENTED_EDGE('',*,*,#1459,.F.);
#1459 = EDGE_CURVE('',#152,#1451,#1460,.T.);
#1460 = LINE('',#1461,#1462);
#1461 = CARTESIAN_POINT('',(-4.623360429501,13.633829499057,74.0791));
#1462 = VECTOR('',#1463,1.);
#1463 = DIRECTION('',(-0.,-0.,-1.));
#1464 = ORIENTED_EDGE('',*,*,#160,.F.);
#1465 = SURFACE_OF_LINEAR_EXTRUSION('',#1466,#1471);
#1466 = B_SPLINE_CURVE_WITH_KNOTS('',3,(#1467,#1468,#1469,#1470),
  .UNSPECIFIED.,.F.,.F.,(4,4),(0.,1.),.PIECEWISE_BEZIER_KNOTS.);
#1467 = CARTESIAN_POINT('',(-5.430058788384,13.307936466431,74.0791));
#1468 = CARTESIAN_POINT('',(-5.084353206623,13.307936466431,74.0791));
#1469 = CARTESIAN_POINT('',(-4.863451083982,13.399042991588,74.0791));
#1470 = CARTESIAN_POINT('',(-4.623360429501,13.633829499057,74.0791));
#1471 = VECTOR('',#1472,1.);
#1472 = DIRECTION('',(0.,0.,1.));
#1473 = ADVANCED_FACE('',(#1474),#1493,.F.);
#1474 = FACE_BOUND('',#1475,.F.);
#1475 = EDGE_LOOP('',(#1476,#1477,#1486,#1492));
#1476 = ORIENTED_EDGE('',*,*,#1459,.T.);
#1477 = ORIENTED_EDGE('',*,*,#1478,.T.);
#1478 = EDGE_CURVE('',#1451,#1479,#1481,.T.);
#1479 = VERTEX_POINT('',#1480);
#1480 = CARTESIAN_POINT('',(-4.200900720381,14.683270585928,73.0791));
#1481 = B_SPLINE_CURVE_WITH_KNOTS('',3,(#1482,#1483,#1484,#1485),
  .UNSPECIFIED.,.F.,.F.,(4,4),(0.,1.),.PIECEWISE_BEZIER_KNOTS.);
#1482 = CARTESIAN_POINT('',(-4.623360429501,13.633829499057,73.0791));
#1483 = CARTESIAN_POINT('',(-4.412130574941,13.844747344969,73.0791));
#1484 = CARTESIAN_POINT('',(-4.30167951362,14.117910916116,73.0791));
#1485 = CARTESIAN_POINT('',(-4.200900720381,14.683270585928,73.0791));
#1486 = ORIENTED_EDGE('',*,*,#1487,.F.);
#1487 = EDGE_CURVE('',#144,#1479,#1488,.T.);
#1488 = LINE('',#1489,#1490);
#1489 = CARTESIAN_POINT('',(-4.200900720381,14.683270585928,74.0791));
#1490 = VECTOR('',#1491,1.);
#1491 = DIRECTION('',(-0.,-0.,-1.));
#1492 = ORIENTED_EDGE('',*,*,#151,.F.);
#1493 = SURFACE_OF_LINEAR_EXTRUSION('',#1494,#1499);
#1494 = B_SPLINE_CURVE_WITH_KNOTS('',3,(#1495,#1496,#1497,#1498),
  .UNSPECIFIED.,.F.,.F.,(4,4),(0.,1.),.PIECEWISE_BEZIER_KNOTS.);
#1495 = CARTESIAN_POINT('',(-4.623360429501,13.633829499057,74.0791));
#1496 = CARTESIAN_POINT('',(-4.412130574941,13.844747344969,74.0791));
#1497 = CARTESIAN_POINT('',(-4.30167951362,14.117910916116,74.0791));
#1498 = CARTESIAN_POINT('',(-4.200900720381,14.683270585928,74.0791));
#1499 = VECTOR('',#1500,1.);
#1500 = DIRECTION('',(0.,0.,1.));
#1501 = ADVANCED_FACE('',(#1502),#1513,.F.);
#1502 = FACE_BOUND('',#1503,.F.);
#1503 = EDGE_LOOP('',(#1504,#1505,#1511,#1512));
#1504 = ORIENTED_EDGE('',*,*,#1487,.T.);
#1505 = ORIENTED_EDGE('',*,*,#1506,.T.);
#1506 = EDGE_CURVE('',#1479,#959,#1507,.T.);
#1507 = LINE('',#1508,#1509);
#1508 = CARTESIAN_POINT('',(-4.200900720381,14.683270585928,73.0791));
#1509 = VECTOR('',#1510,1.);
#1510 = DIRECTION('',(0.896949078742,-0.442133859984,0.));
#1511 = ORIENTED_EDGE('',*,*,#958,.F.);
#1512 = ORIENTED_EDGE('',*,*,#143,.F.);
#1513 = PLANE('',#1514);
#1514 = AXIS2_PLACEMENT_3D('',#1515,#1516,#1517);
#1515 = CARTESIAN_POINT('',(-4.200900720381,14.683270585928,74.0791));
#1516 = DIRECTION('',(-0.442133859984,-0.896949078742,0.));
#1517 = DIRECTION('',(0.896949078742,-0.442133859984,0.));
#1518 = ADVANCED_FACE('',(#1519),#1545,.F.);
#1519 = FACE_BOUND('',#1520,.F.);
#1520 = EDGE_LOOP('',(#1521,#1529,#1538,#1544));
#1521 = ORIENTED_EDGE('',*,*,#1522,.T.);
#1522 = EDGE_CURVE('',#319,#1523,#1525,.T.);
#1523 = VERTEX_POINT('',#1524);
#1524 = CARTESIAN_POINT('',(-4.528353796246,11.520282918868,73.0791));
#1525 = LINE('',#1526,#1527);
#1526 = CARTESIAN_POINT('',(-4.528353796246,11.520282918868,74.0791));
#1527 = VECTOR('',#1528,1.);
#1528 = DIRECTION('',(-0.,-0.,-1.));
#1529 = ORIENTED_EDGE('',*,*,#1530,.T.);
#1530 = EDGE_CURVE('',#1523,#1531,#1533,.T.);
#1531 = VERTEX_POINT('',#1532);
#1532 = CARTESIAN_POINT('',(-4.336624482174,11.48674198923,73.0791));
#1533 = B_SPLINE_CURVE_WITH_KNOTS('',3,(#1534,#1535,#1536,#1537),
  .UNSPECIFIED.,.F.,.F.,(4,4),(0.,1.),.PIECEWISE_BEZIER_KNOTS.);
#1534 = CARTESIAN_POINT('',(-4.528353796246,11.520282918868,73.0791));
#1535 = CARTESIAN_POINT('',(-4.442083405129,11.505930521069,73.0791));
#1536 = CARTESIAN_POINT('',(-4.379837679894,11.496414257311,73.0791));
#1537 = CARTESIAN_POINT('',(-4.336624482174,11.48674198923,73.0791));
#1538 = ORIENTED_EDGE('',*,*,#1539,.F.);
#1539 = EDGE_CURVE('',#321,#1531,#1540,.T.);
#1540 = LINE('',#1541,#1542);
#1541 = CARTESIAN_POINT('',(-4.336624482174,11.48674198923,74.0791));
#1542 = VECTOR('',#1543,1.);
#1543 = DIRECTION('',(-0.,-0.,-1.));
#1544 = ORIENTED_EDGE('',*,*,#318,.F.);
#1545 = SURFACE_OF_LINEAR_EXTRUSION('',#1546,#1551);
#1546 = B_SPLINE_CURVE_WITH_KNOTS('',3,(#1547,#1548,#1549,#1550),
  .UNSPECIFIED.,.F.,.F.,(4,4),(0.,1.),.PIECEWISE_BEZIER_KNOTS.);
#1547 = CARTESIAN_POINT('',(-4.528353796246,11.520282918868,74.0791));
#1548 = CARTESIAN_POINT('',(-4.442083405129,11.505930521069,74.0791));
#1549 = CARTESIAN_POINT('',(-4.379837679894,11.496414257311,74.0791));
#1550 = CARTESIAN_POINT('',(-4.336624482174,11.48674198923,74.0791));
#1551 = VECTOR('',#1552,1.);
#1552 = DIRECTION('',(0.,0.,1.));
#1553 = ADVANCED_FACE('',(#1554),#1573,.F.);
#1554 = FACE_BOUND('',#1555,.F.);
#1555 = EDGE_LOOP('',(#1556,#1557,#1566,#1572));
#1556 = ORIENTED_EDGE('',*,*,#1539,.T.);
#1557 = ORIENTED_EDGE('',*,*,#1558,.T.);
#1558 = EDGE_CURVE('',#1531,#1559,#1561,.T.);
#1559 = VERTEX_POINT('',#1560);
#1560 = CARTESIAN_POINT('',(-3.545838564328,11.366930668475,73.0791));
#1561 = B_SPLINE_CURVE_WITH_KNOTS('',3,(#1562,#1563,#1564,#1565),
  .UNSPECIFIED.,.F.,.F.,(4,4),(0.,1.),.PIECEWISE_BEZIER_KNOTS.);
#1562 = CARTESIAN_POINT('',(-4.336624482174,11.48674198923,73.0791));
#1563 = CARTESIAN_POINT('',(-3.972354385868,11.410143866195,73.0791));
#1564 = CARTESIAN_POINT('',(-3.684838416922,11.366930668475,73.0791));
#1565 = CARTESIAN_POINT('',(-3.545838564328,11.366930668475,73.0791));
#1566 = ORIENTED_EDGE('',*,*,#1567,.F.);
#1567 = EDGE_CURVE('',#356,#1559,#1568,.T.);
#1568 = LINE('',#1569,#1570);
#1569 = CARTESIAN_POINT('',(-3.545838564328,11.366930668475,74.0791));
#1570 = VECTOR('',#1571,1.);
#1571 = DIRECTION('',(-0.,-0.,-1.));
#1572 = ORIENTED_EDGE('',*,*,#364,.F.);
#1573 = SURFACE_OF_LINEAR_EXTRUSION('',#1574,#1579);
#1574 = B_SPLINE_CURVE_WITH_KNOTS('',3,(#1575,#1576,#1577,#1578),
  .UNSPECIFIED.,.F.,.F.,(4,4),(0.,1.),.PIECEWISE_BEZIER_KNOTS.);
#1575 = CARTESIAN_POINT('',(-4.336624482174,11.48674198923,74.0791));
#1576 = CARTESIAN_POINT('',(-3.972354385868,11.410143866195,74.0791));
#1577 = CARTESIAN_POINT('',(-3.684838416922,11.366930668475,74.0791));
#1578 = CARTESIAN_POINT('',(-3.545838564328,11.366930668475,74.0791));
#1579 = VECTOR('',#1580,1.);
#1580 = DIRECTION('',(0.,0.,1.));
#1581 = ADVANCED_FACE('',(#1582),#1601,.F.);
#1582 = FACE_BOUND('',#1583,.F.);
#1583 = EDGE_LOOP('',(#1584,#1585,#1594,#1600));
#1584 = ORIENTED_EDGE('',*,*,#1567,.T.);
#1585 = ORIENTED_EDGE('',*,*,#1586,.T.);
#1586 = EDGE_CURVE('',#1559,#1587,#1589,.T.);
#1587 = VERTEX_POINT('',#1588);
#1588 = CARTESIAN_POINT('',(-3.354109250255,11.568176246305,73.0791));
#1589 = B_SPLINE_CURVE_WITH_KNOTS('',3,(#1590,#1591,#1592,#1593),
  .UNSPECIFIED.,.F.,.F.,(4,4),(0.,1.),.PIECEWISE_BEZIER_KNOTS.);
#1590 = CARTESIAN_POINT('',(-3.545838564328,11.366930668475,73.0791));
#1591 = CARTESIAN_POINT('',(-3.440379641372,11.366930668475,73.0791));
#1592 = CARTESIAN_POINT('',(-3.354109250255,11.458037193632,73.0791));
#1593 = CARTESIAN_POINT('',(-3.354109250255,11.568176246305,73.0791));
#1594 = ORIENTED_EDGE('',*,*,#1595,.F.);
#1595 = EDGE_CURVE('',#347,#1587,#1596,.T.);
#1596 = LINE('',#1597,#1598);
#1597 = CARTESIAN_POINT('',(-3.354109250255,11.568176246305,74.0791));
#1598 = VECTOR('',#1599,1.);
#1599 = DIRECTION('',(-0.,-0.,-1.));
#1600 = ORIENTED_EDGE('',*,*,#355,.F.);
#1601 = SURFACE_OF_LINEAR_EXTRUSION('',#1602,#1607);
#1602 = B_SPLINE_CURVE_WITH_KNOTS('',3,(#1603,#1604,#1605,#1606),
  .UNSPECIFIED.,.F.,.F.,(4,4),(0.,1.),.PIECEWISE_BEZIER_KNOTS.);
#1603 = CARTESIAN_POINT('',(-3.545838564328,11.366930668475,74.0791));
#1604 = CARTESIAN_POINT('',(-3.440379641372,11.366930668475,74.0791));
#1605 = CARTESIAN_POINT('',(-3.354109250255,11.458037193632,74.0791));
#1606 = CARTESIAN_POINT('',(-3.354109250255,11.568176246305,74.0791));
#1607 = VECTOR('',#1608,1.);
#1608 = DIRECTION('',(0.,0.,1.));
#1609 = ADVANCED_FACE('',(#1610),#1629,.F.);
#1610 = FACE_BOUND('',#1611,.F.);
#1611 = EDGE_LOOP('',(#1612,#1613,#1622,#1628));
#1612 = ORIENTED_EDGE('',*,*,#1595,.T.);
#1613 = ORIENTED_EDGE('',*,*,#1614,.T.);
#1614 = EDGE_CURVE('',#1587,#1615,#1617,.T.);
#1615 = VERTEX_POINT('',#1616);
#1616 = CARTESIAN_POINT('',(-3.550674698368,11.774257958176,73.0791));
#1617 = B_SPLINE_CURVE_WITH_KNOTS('',3,(#1618,#1619,#1620,#1621),
  .UNSPECIFIED.,.F.,.F.,(4,4),(0.,1.),.PIECEWISE_BEZIER_KNOTS.);
#1618 = CARTESIAN_POINT('',(-3.354109250255,11.568176246305,73.0791));
#1619 = CARTESIAN_POINT('',(-3.354109250255,11.683307437343,73.0791));
#1620 = CARTESIAN_POINT('',(-3.440379641372,11.774257958176,73.0791));
#1621 = CARTESIAN_POINT('',(-3.550674698368,11.774257958176,73.0791));
#1622 = ORIENTED_EDGE('',*,*,#1623,.F.);
#1623 = EDGE_CURVE('',#338,#1615,#1624,.T.);
#1624 = LINE('',#1625,#1626);
#1625 = CARTESIAN_POINT('',(-3.550674698368,11.774257958176,74.0791));
#1626 = VECTOR('',#1627,1.);
#1627 = DIRECTION('',(-0.,-0.,-1.));
#1628 = ORIENTED_EDGE('',*,*,#346,.F.);
#1629 = SURFACE_OF_LINEAR_EXTRUSION('',#1630,#1635);
#1630 = B_SPLINE_CURVE_WITH_KNOTS('',3,(#1631,#1632,#1633,#1634),
  .UNSPECIFIED.,.F.,.F.,(4,4),(0.,1.),.PIECEWISE_BEZIER_KNOTS.);
#1631 = CARTESIAN_POINT('',(-3.354109250255,11.568176246305,74.0791));
#1632 = CARTESIAN_POINT('',(-3.354109250255,11.683307437343,74.0791));
#1633 = CARTESIAN_POINT('',(-3.440379641372,11.774257958176,74.0791));
#1634 = CARTESIAN_POINT('',(-3.550674698368,11.774257958176,74.0791));
#1635 = VECTOR('',#1636,1.);
#1636 = DIRECTION('',(0.,0.,1.));
#1637 = ADVANCED_FACE('',(#1638),#1657,.F.);
#1638 = FACE_BOUND('',#1639,.F.);
#1639 = EDGE_LOOP('',(#1640,#1641,#1650,#1656));
#1640 = ORIENTED_EDGE('',*,*,#1623,.T.);
#1641 = ORIENTED_EDGE('',*,*,#1642,.T.);
#1642 = EDGE_CURVE('',#1615,#1643,#1645,.T.);
#1643 = VERTEX_POINT('',#1644);
#1644 = CARTESIAN_POINT('',(-4.528353796246,11.620905707783,73.0791));
#1645 = B_SPLINE_CURVE_WITH_KNOTS('',3,(#1646,#1647,#1648,#1649),
  .UNSPECIFIED.,.F.,.F.,(4,4),(0.,1.),.PIECEWISE_BEZIER_KNOTS.);
#1646 = CARTESIAN_POINT('',(-3.550674698368,11.774257958176,73.0791));
#1647 = CARTESIAN_POINT('',(-3.632108955444,11.774257958176,73.0791));
#1648 = CARTESIAN_POINT('',(-4.063460911026,11.707176098899,73.0791));
#1649 = CARTESIAN_POINT('',(-4.528353796246,11.620905707783,73.0791));
#1650 = ORIENTED_EDGE('',*,*,#1651,.F.);
#1651 = EDGE_CURVE('',#330,#1643,#1652,.T.);
#1652 = LINE('',#1653,#1654);
#1653 = CARTESIAN_POINT('',(-4.528353796246,11.620905707783,74.0791));
#1654 = VECTOR('',#1655,1.);
#1655 = DIRECTION('',(-0.,-0.,-1.));
#1656 = ORIENTED_EDGE('',*,*,#337,.F.);
#1657 = SURFACE_OF_LINEAR_EXTRUSION('',#1658,#1663);
#1658 = B_SPLINE_CURVE_WITH_KNOTS('',3,(#1659,#1660,#1661,#1662),
  .UNSPECIFIED.,.F.,.F.,(4,4),(0.,1.),.PIECEWISE_BEZIER_KNOTS.);
#1659 = CARTESIAN_POINT('',(-3.550674698368,11.774257958176,74.0791));
#1660 = CARTESIAN_POINT('',(-3.632108955444,11.774257958176,74.0791));
#1661 = CARTESIAN_POINT('',(-4.063460911026,11.707176098899,74.0791));
#1662 = CARTESIAN_POINT('',(-4.528353796246,11.620905707783,74.0791));
#1663 = VECTOR('',#1664,1.);
#1664 = DIRECTION('',(0.,0.,1.));
#1665 = ADVANCED_FACE('',(#1666),#1677,.F.);
#1666 = FACE_BOUND('',#1667,.F.);
#1667 = EDGE_LOOP('',(#1668,#1669,#1675,#1676));
#1668 = ORIENTED_EDGE('',*,*,#1651,.T.);
#1669 = ORIENTED_EDGE('',*,*,#1670,.T.);
#1670 = EDGE_CURVE('',#1643,#1523,#1671,.T.);
#1671 = LINE('',#1672,#1673);
#1672 = CARTESIAN_POINT('',(-4.528353796246,11.620905707783,73.0791));
#1673 = VECTOR('',#1674,1.);
#1674 = DIRECTION('',(-2.22044604925E-16,-1.,0.));
#1675 = ORIENTED_EDGE('',*,*,#1522,.F.);
#1676 = ORIENTED_EDGE('',*,*,#329,.F.);
#1677 = PLANE('',#1678);
#1678 = AXIS2_PLACEMENT_3D('',#1679,#1680,#1681);
#1679 = CARTESIAN_POINT('',(-4.528353796246,11.620905707783,74.0791));
#1680 = DIRECTION('',(-1.,2.22044604925E-16,0.));
#1681 = DIRECTION('',(-2.22044604925E-16,-1.,0.));
#1682 = ADVANCED_FACE('',(#1683),#1709,.F.);
#1683 = FACE_BOUND('',#1684,.F.);
#1684 = EDGE_LOOP('',(#1685,#1693,#1702,#1708));
#1685 = ORIENTED_EDGE('',*,*,#1686,.T.);
#1686 = EDGE_CURVE('',#374,#1687,#1689,.T.);
#1687 = VERTEX_POINT('',#1688);
#1688 = CARTESIAN_POINT('',(-4.528353796246,12.330257368553,73.0791));
#1689 = LINE('',#1690,#1691);
#1690 = CARTESIAN_POINT('',(-4.528353796246,12.330257368553,74.0791));
#1691 = VECTOR('',#1692,1.);
#1692 = DIRECTION('',(-0.,-0.,-1.));
#1693 = ORIENTED_EDGE('',*,*,#1694,.T.);
#1694 = EDGE_CURVE('',#1687,#1695,#1697,.T.);
#1695 = VERTEX_POINT('',#1696);
#1696 = CARTESIAN_POINT('',(-4.336624482174,12.296716438915,73.0791));
#1697 = B_SPLINE_CURVE_WITH_KNOTS('',3,(#1698,#1699,#1700,#1701),
  .UNSPECIFIED.,.F.,.F.,(4,4),(0.,1.),.PIECEWISE_BEZIER_KNOTS.);
#1698 = CARTESIAN_POINT('',(-4.528353796246,12.330257368553,73.0791));
#1699 = CARTESIAN_POINT('',(-4.442083405129,12.315904970755,73.0791));
#1700 = CARTESIAN_POINT('',(-4.379837679894,12.306232702673,73.0791));
#1701 = CARTESIAN_POINT('',(-4.336624482174,12.296716438915,73.0791));
#1702 = ORIENTED_EDGE('',*,*,#1703,.F.);
#1703 = EDGE_CURVE('',#376,#1695,#1704,.T.);
#1704 = LINE('',#1705,#1706);
#1705 = CARTESIAN_POINT('',(-4.336624482174,12.296716438915,74.0791));
#1706 = VECTOR('',#1707,1.);
#1707 = DIRECTION('',(-0.,-0.,-1.));
#1708 = ORIENTED_EDGE('',*,*,#373,.F.);
#1709 = SURFACE_OF_LINEAR_EXTRUSION('',#1710,#1715);
#1710 = B_SPLINE_CURVE_WITH_KNOTS('',3,(#1711,#1712,#1713,#1714),
  .UNSPECIFIED.,.F.,.F.,(4,4),(0.,1.),.PIECEWISE_BEZIER_KNOTS.);
#1711 = CARTESIAN_POINT('',(-4.528353796246,12.330257368553,74.0791));
#1712 = CARTESIAN_POINT('',(-4.442083405129,12.315904970755,74.0791));
#1713 = CARTESIAN_POINT('',(-4.379837679894,12.306232702673,74.0791));
#1714 = CARTESIAN_POINT('',(-4.336624482174,12.296716438915,74.0791));
#1715 = VECTOR('',#1716,1.);
#1716 = DIRECTION('',(0.,0.,1.));
#1717 = ADVANCED_FACE('',(#1718),#1737,.F.);
#1718 = FACE_BOUND('',#1719,.F.);
#1719 = EDGE_LOOP('',(#1720,#1721,#1730,#1736));
#1720 = ORIENTED_EDGE('',*,*,#1703,.T.);
#1721 = ORIENTED_EDGE('',*,*,#1722,.T.);
#1722 = EDGE_CURVE('',#1695,#1723,#1725,.T.);
#1723 = VERTEX_POINT('',#1724);
#1724 = CARTESIAN_POINT('',(-3.545838564328,12.17690511816,73.0791));
#1725 = B_SPLINE_CURVE_WITH_KNOTS('',3,(#1726,#1727,#1728,#1729),
  .UNSPECIFIED.,.F.,.F.,(4,4),(0.,1.),.PIECEWISE_BEZIER_KNOTS.);
#1726 = CARTESIAN_POINT('',(-4.336624482174,12.296716438915,73.0791));
#1727 = CARTESIAN_POINT('',(-3.972354385868,12.219962311557,73.0791));
#1728 = CARTESIAN_POINT('',(-3.684838416922,12.17690511816,73.0791));
#1729 = CARTESIAN_POINT('',(-3.545838564328,12.17690511816,73.0791));
#1730 = ORIENTED_EDGE('',*,*,#1731,.F.);
#1731 = EDGE_CURVE('',#411,#1723,#1732,.T.);
#1732 = LINE('',#1733,#1734);
#1733 = CARTESIAN_POINT('',(-3.545838564328,12.17690511816,74.0791));
#1734 = VECTOR('',#1735,1.);
#1735 = DIRECTION('',(-0.,-0.,-1.));
#1736 = ORIENTED_EDGE('',*,*,#419,.F.);
#1737 = SURFACE_OF_LINEAR_EXTRUSION('',#1738,#1743);
#1738 = B_SPLINE_CURVE_WITH_KNOTS('',3,(#1739,#1740,#1741,#1742),
  .UNSPECIFIED.,.F.,.F.,(4,4),(0.,1.),.PIECEWISE_BEZIER_KNOTS.);
#1739 = CARTESIAN_POINT('',(-4.336624482174,12.296716438915,74.0791));
#1740 = CARTESIAN_POINT('',(-3.972354385868,12.219962311557,74.0791));
#1741 = CARTESIAN_POINT('',(-3.684838416922,12.17690511816,74.0791));
#1742 = CARTESIAN_POINT('',(-3.545838564328,12.17690511816,74.0791));
#1743 = VECTOR('',#1744,1.);
#1744 = DIRECTION('',(0.,0.,1.));
#1745 = ADVANCED_FACE('',(#1746),#1765,.F.);
#1746 = FACE_BOUND('',#1747,.F.);
#1747 = EDGE_LOOP('',(#1748,#1749,#1758,#1764));
#1748 = ORIENTED_EDGE('',*,*,#1731,.T.);
#1749 = ORIENTED_EDGE('',*,*,#1750,.T.);
#1750 = EDGE_CURVE('',#1723,#1751,#1753,.T.);
#1751 = VERTEX_POINT('',#1752);
#1752 = CARTESIAN_POINT('',(-3.354109250255,12.378150695991,73.0791));
#1753 = B_SPLINE_CURVE_WITH_KNOTS('',3,(#1754,#1755,#1756,#1757),
  .UNSPECIFIED.,.F.,.F.,(4,4),(0.,1.),.PIECEWISE_BEZIER_KNOTS.);
#1754 = CARTESIAN_POINT('',(-3.545838564328,12.17690511816,73.0791));
#1755 = CARTESIAN_POINT('',(-3.440379641372,12.17690511816,73.0791));
#1756 = CARTESIAN_POINT('',(-3.354109250255,12.268011643318,73.0791));
#1757 = CARTESIAN_POINT('',(-3.354109250255,12.378150695991,73.0791));
#1758 = ORIENTED_EDGE('',*,*,#1759,.F.);
#1759 = EDGE_CURVE('',#402,#1751,#1760,.T.);
#1760 = LINE('',#1761,#1762);
#1761 = CARTESIAN_POINT('',(-3.354109250255,12.378150695991,74.0791));
#1762 = VECTOR('',#1763,1.);
#1763 = DIRECTION('',(-0.,-0.,-1.));
#1764 = ORIENTED_EDGE('',*,*,#410,.F.);
#1765 = SURFACE_OF_LINEAR_EXTRUSION('',#1766,#1771);
#1766 = B_SPLINE_CURVE_WITH_KNOTS('',3,(#1767,#1768,#1769,#1770),
  .UNSPECIFIED.,.F.,.F.,(4,4),(0.,1.),.PIECEWISE_BEZIER_KNOTS.);
#1767 = CARTESIAN_POINT('',(-3.545838564328,12.17690511816,74.0791));
#1768 = CARTESIAN_POINT('',(-3.440379641372,12.17690511816,74.0791));
#1769 = CARTESIAN_POINT('',(-3.354109250255,12.268011643318,74.0791));
#1770 = CARTESIAN_POINT('',(-3.354109250255,12.378150695991,74.0791));
#1771 = VECTOR('',#1772,1.);
#1772 = DIRECTION('',(0.,0.,1.));
#1773 = ADVANCED_FACE('',(#1774),#1793,.F.);
#1774 = FACE_BOUND('',#1775,.F.);
#1775 = EDGE_LOOP('',(#1776,#1777,#1786,#1792));
#1776 = ORIENTED_EDGE('',*,*,#1759,.T.);
#1777 = ORIENTED_EDGE('',*,*,#1778,.T.);
#1778 = EDGE_CURVE('',#1751,#1779,#1781,.T.);
#1779 = VERTEX_POINT('',#1780);
#1780 = CARTESIAN_POINT('',(-3.550674698368,12.584232407862,73.0791));
#1781 = B_SPLINE_CURVE_WITH_KNOTS('',3,(#1782,#1783,#1784,#1785),
  .UNSPECIFIED.,.F.,.F.,(4,4),(0.,1.),.PIECEWISE_BEZIER_KNOTS.);
#1782 = CARTESIAN_POINT('',(-3.354109250255,12.378150695991,73.0791));
#1783 = CARTESIAN_POINT('',(-3.354109250255,12.493125882704,73.0791));
#1784 = CARTESIAN_POINT('',(-3.440379641372,12.584232407862,73.0791));
#1785 = CARTESIAN_POINT('',(-3.550674698368,12.584232407862,73.0791));
#1786 = ORIENTED_EDGE('',*,*,#1787,.F.);
#1787 = EDGE_CURVE('',#393,#1779,#1788,.T.);
#1788 = LINE('',#1789,#1790);
#1789 = CARTESIAN_POINT('',(-3.550674698368,12.584232407862,74.0791));
#1790 = VECTOR('',#1791,1.);
#1791 = DIRECTION('',(-0.,-0.,-1.));
#1792 = ORIENTED_EDGE('',*,*,#401,.F.);
#1793 = SURFACE_OF_LINEAR_EXTRUSION('',#1794,#1799);
#1794 = B_SPLINE_CURVE_WITH_KNOTS('',3,(#1795,#1796,#1797,#1798),
  .UNSPECIFIED.,.F.,.F.,(4,4),(0.,1.),.PIECEWISE_BEZIER_KNOTS.);
#1795 = CARTESIAN_POINT('',(-3.354109250255,12.378150695991,74.0791));
#1796 = CARTESIAN_POINT('',(-3.354109250255,12.493125882704,74.0791));
#1797 = CARTESIAN_POINT('',(-3.440379641372,12.584232407862,74.0791));
#1798 = CARTESIAN_POINT('',(-3.550674698368,12.584232407862,74.0791));
#1799 = VECTOR('',#1800,1.);
#1800 = DIRECTION('',(0.,0.,1.));
#1801 = ADVANCED_FACE('',(#1802),#1821,.F.);
#1802 = FACE_BOUND('',#1803,.F.);
#1803 = EDGE_LOOP('',(#1804,#1805,#1814,#1820));
#1804 = ORIENTED_EDGE('',*,*,#1787,.T.);
#1805 = ORIENTED_EDGE('',*,*,#1806,.T.);
#1806 = EDGE_CURVE('',#1779,#1807,#1809,.T.);
#1807 = VERTEX_POINT('',#1808);
#1808 = CARTESIAN_POINT('',(-4.528353796246,12.430880157469,73.0791));
#1809 = B_SPLINE_CURVE_WITH_KNOTS('',3,(#1810,#1811,#1812,#1813),
  .UNSPECIFIED.,.F.,.F.,(4,4),(0.,1.),.PIECEWISE_BEZIER_KNOTS.);
#1810 = CARTESIAN_POINT('',(-3.550674698368,12.584232407862,73.0791));
#1811 = CARTESIAN_POINT('',(-3.632108955444,12.584232407862,73.0791));
#1812 = CARTESIAN_POINT('',(-4.063460911026,12.517150548585,73.0791));
#1813 = CARTESIAN_POINT('',(-4.528353796246,12.430880157469,73.0791));
#1814 = ORIENTED_EDGE('',*,*,#1815,.F.);
#1815 = EDGE_CURVE('',#385,#1807,#1816,.T.);
#1816 = LINE('',#1817,#1818);
#1817 = CARTESIAN_POINT('',(-4.528353796246,12.430880157469,74.0791));
#1818 = VECTOR('',#1819,1.);
#1819 = DIRECTION('',(-0.,-0.,-1.));
#1820 = ORIENTED_EDGE('',*,*,#392,.F.);
#1821 = SURFACE_OF_LINEAR_EXTRUSION('',#1822,#1827);
#1822 = B_SPLINE_CURVE_WITH_KNOTS('',3,(#1823,#1824,#1825,#1826),
  .UNSPECIFIED.,.F.,.F.,(4,4),(0.,1.),.PIECEWISE_BEZIER_KNOTS.);
#1823 = CARTESIAN_POINT('',(-3.550674698368,12.584232407862,74.0791));
#1824 = CARTESIAN_POINT('',(-3.632108955444,12.584232407862,74.0791));
#1825 = CARTESIAN_POINT('',(-4.063460911026,12.517150548585,74.0791));
#1826 = CARTESIAN_POINT('',(-4.528353796246,12.430880157469,74.0791));
#1827 = VECTOR('',#1828,1.);
#1828 = DIRECTION('',(0.,0.,1.));
#1829 = ADVANCED_FACE('',(#1830),#1841,.F.);
#1830 = FACE_BOUND('',#1831,.F.);
#1831 = EDGE_LOOP('',(#1832,#1833,#1839,#1840));
#1832 = ORIENTED_EDGE('',*,*,#1815,.T.);
#1833 = ORIENTED_EDGE('',*,*,#1834,.T.);
#1834 = EDGE_CURVE('',#1807,#1687,#1835,.T.);
#1835 = LINE('',#1836,#1837);
#1836 = CARTESIAN_POINT('',(-4.528353796246,12.430880157469,73.0791));
#1837 = VECTOR('',#1838,1.);
#1838 = DIRECTION('',(-2.22044604925E-16,-1.,0.));
#1839 = ORIENTED_EDGE('',*,*,#1686,.F.);
#1840 = ORIENTED_EDGE('',*,*,#384,.F.);
#1841 = PLANE('',#1842);
#1842 = AXIS2_PLACEMENT_3D('',#1843,#1844,#1845);
#1843 = CARTESIAN_POINT('',(-4.528353796246,12.430880157469,74.0791));
#1844 = DIRECTION('',(-1.,2.22044604925E-16,0.));
#1845 = DIRECTION('',(-2.22044604925E-16,-1.,0.));
#1846 = ADVANCED_FACE('',(#1847),#1873,.F.);
#1847 = FACE_BOUND('',#1848,.F.);
#1848 = EDGE_LOOP('',(#1849,#1857,#1866,#1872));
#1849 = ORIENTED_EDGE('',*,*,#1850,.T.);
#1850 = EDGE_CURVE('',#429,#1851,#1853,.T.);
#1851 = VERTEX_POINT('',#1852);
#1852 = CARTESIAN_POINT('',(-6.107117554107,18.34484807217,73.0791));
#1853 = LINE('',#1854,#1855);
#1854 = CARTESIAN_POINT('',(-6.107117554107,18.34484807217,74.0791));
#1855 = VECTOR('',#1856,1.);
#1856 = DIRECTION('',(-0.,-0.,-1.));
#1857 = ORIENTED_EDGE('',*,*,#1858,.T.);
#1858 = EDGE_CURVE('',#1851,#1859,#1861,.T.);
#1859 = VERTEX_POINT('',#1860);
#1860 = CARTESIAN_POINT('',(-6.380281125255,18.608339375236,73.0791));
#1861 = B_SPLINE_CURVE_WITH_KNOTS('',3,(#1862,#1863,#1864,#1865),
  .UNSPECIFIED.,.F.,.F.,(4,4),(0.,1.),.PIECEWISE_BEZIER_KNOTS.);
#1862 = CARTESIAN_POINT('',(-6.107117554107,18.34484807217,73.0791));
#1863 = CARTESIAN_POINT('',(-6.107117554107,18.488528054481,73.0791));
#1864 = CARTESIAN_POINT('',(-6.226928874862,18.608339375236,73.0791));
#1865 = CARTESIAN_POINT('',(-6.380281125255,18.608339375236,73.0791));
#1866 = ORIENTED_EDGE('',*,*,#1867,.F.);
#1867 = EDGE_CURVE('',#431,#1859,#1868,.T.);
#1868 = LINE('',#1869,#1870);
#1869 = CARTESIAN_POINT('',(-6.380281125255,18.608339375236,74.0791));
#1870 = VECTOR('',#1871,1.);
#1871 = DIRECTION('',(-0.,-0.,-1.));
#1872 = ORIENTED_EDGE('',*,*,#428,.F.);
#1873 = SURFACE_OF_LINEAR_EXTRUSION('',#1874,#1879);
#1874 = B_SPLINE_CURVE_WITH_KNOTS('',3,(#1875,#1876,#1877,#1878),
  .UNSPECIFIED.,.F.,.F.,(4,4),(0.,1.),.PIECEWISE_BEZIER_KNOTS.);
#1875 = CARTESIAN_POINT('',(-6.107117554107,18.34484807217,74.0791));
#1876 = CARTESIAN_POINT('',(-6.107117554107,18.488528054481,74.0791));
#1877 = CARTESIAN_POINT('',(-6.226928874862,18.608339375236,74.0791));
#1878 = CARTESIAN_POINT('',(-6.380281125255,18.608339375236,74.0791));
#1879 = VECTOR('',#1880,1.);
#1880 = DIRECTION('',(0.,0.,1.));
#1881 = ADVANCED_FACE('',(#1882),#1901,.F.);
#1882 = FACE_BOUND('',#1883,.F.);
#1883 = EDGE_LOOP('',(#1884,#1885,#1894,#1900));
#1884 = ORIENTED_EDGE('',*,*,#1867,.T.);
#1885 = ORIENTED_EDGE('',*,*,#1886,.T.);
#1886 = EDGE_CURVE('',#1859,#1887,#1889,.T.);
#1887 = VERTEX_POINT('',#1888);
#1888 = CARTESIAN_POINT('',(-6.63893629428,18.349528201887,73.0791));
#1889 = B_SPLINE_CURVE_WITH_KNOTS('',3,(#1890,#1891,#1892,#1893),
  .UNSPECIFIED.,.F.,.F.,(4,4),(0.,1.),.PIECEWISE_BEZIER_KNOTS.);
#1890 = CARTESIAN_POINT('',(-6.380281125255,18.608339375236,73.0791));
#1891 = CARTESIAN_POINT('',(-6.51928097785,18.608339375236,73.0791));
#1892 = CARTESIAN_POINT('',(-6.63893629428,18.488528054481,73.0791));
#1893 = CARTESIAN_POINT('',(-6.63893629428,18.349528201887,73.0791));
#1894 = ORIENTED_EDGE('',*,*,#1895,.F.);
#1895 = EDGE_CURVE('',#449,#1887,#1896,.T.);
#1896 = LINE('',#1897,#1898);
#1897 = CARTESIAN_POINT('',(-6.63893629428,18.349528201887,74.0791));
#1898 = VECTOR('',#1899,1.);
#1899 = DIRECTION('',(-0.,-0.,-1.));
#1900 = ORIENTED_EDGE('',*,*,#457,.F.);
#1901 = SURFACE_OF_LINEAR_EXTRUSION('',#1902,#1907);
#1902 = B_SPLINE_CURVE_WITH_KNOTS('',3,(#1903,#1904,#1905,#1906),
  .UNSPECIFIED.,.F.,.F.,(4,4),(0.,1.),.PIECEWISE_BEZIER_KNOTS.);
#1903 = CARTESIAN_POINT('',(-6.380281125255,18.608339375236,74.0791));
#1904 = CARTESIAN_POINT('',(-6.51928097785,18.608339375236,74.0791));
#1905 = CARTESIAN_POINT('',(-6.63893629428,18.488528054481,74.0791));
#1906 = CARTESIAN_POINT('',(-6.63893629428,18.349528201887,74.0791));
#1907 = VECTOR('',#1908,1.);
#1908 = DIRECTION('',(0.,0.,1.));
#1909 = ADVANCED_FACE('',(#1910),#1929,.F.);
#1910 = FACE_BOUND('',#1911,.F.);
#1911 = EDGE_LOOP('',(#1912,#1913,#1922,#1928));
#1912 = ORIENTED_EDGE('',*,*,#1895,.T.);
#1913 = ORIENTED_EDGE('',*,*,#1914,.T.);
#1914 = EDGE_CURVE('',#1887,#1915,#1917,.T.);
#1915 = VERTEX_POINT('',#1916);
#1916 = CARTESIAN_POINT('',(-6.380281125255,18.076364630739,73.0791));
#1917 = B_SPLINE_CURVE_WITH_KNOTS('',3,(#1918,#1919,#1920,#1921),
  .UNSPECIFIED.,.F.,.F.,(4,4),(0.,1.),.PIECEWISE_BEZIER_KNOTS.);
#1918 = CARTESIAN_POINT('',(-6.63893629428,18.349528201887,73.0791));
#1919 = CARTESIAN_POINT('',(-6.63893629428,18.201012085535,73.0791));
#1920 = CARTESIAN_POINT('',(-6.523961107567,18.076364630739,73.0791));
#1921 = CARTESIAN_POINT('',(-6.380281125255,18.076364630739,73.0791));
#1922 = ORIENTED_EDGE('',*,*,#1923,.F.);
#1923 = EDGE_CURVE('',#440,#1915,#1924,.T.);
#1924 = LINE('',#1925,#1926);
#1925 = CARTESIAN_POINT('',(-6.380281125255,18.076364630739,74.0791));
#1926 = VECTOR('',#1927,1.);
#1927 = DIRECTION('',(-0.,-0.,-1.));
#1928 = ORIENTED_EDGE('',*,*,#448,.F.);
#1929 = SURFACE_OF_LINEAR_EXTRUSION('',#1930,#1935);
#1930 = B_SPLINE_CURVE_WITH_KNOTS('',3,(#1931,#1932,#1933,#1934),
  .UNSPECIFIED.,.F.,.F.,(4,4),(0.,1.),.PIECEWISE_BEZIER_KNOTS.);
#1931 = CARTESIAN_POINT('',(-6.63893629428,18.349528201887,74.0791));
#1932 = CARTESIAN_POINT('',(-6.63893629428,18.201012085535,74.0791));
#1933 = CARTESIAN_POINT('',(-6.523961107567,18.076364630739,74.0791));
#1934 = CARTESIAN_POINT('',(-6.380281125255,18.076364630739,74.0791));
#1935 = VECTOR('',#1936,1.);
#1936 = DIRECTION('',(0.,0.,1.));
#1937 = ADVANCED_FACE('',(#1938),#1950,.F.);
#1938 = FACE_BOUND('',#1939,.F.);
#1939 = EDGE_LOOP('',(#1940,#1941,#1948,#1949));
#1940 = ORIENTED_EDGE('',*,*,#1923,.T.);
#1941 = ORIENTED_EDGE('',*,*,#1942,.T.);
#1942 = EDGE_CURVE('',#1915,#1851,#1943,.T.);
#1943 = B_SPLINE_CURVE_WITH_KNOTS('',3,(#1944,#1945,#1946,#1947),
  .UNSPECIFIED.,.F.,.F.,(4,4),(0.,1.),.PIECEWISE_BEZIER_KNOTS.);
#1944 = CARTESIAN_POINT('',(-6.380281125255,18.076364630739,73.0791));
#1945 = CARTESIAN_POINT('',(-6.231609004579,18.076364630739,73.0791));
#1946 = CARTESIAN_POINT('',(-6.107117554107,18.201012085535,73.0791));
#1947 = CARTESIAN_POINT('',(-6.107117554107,18.34484807217,73.0791));
#1948 = ORIENTED_EDGE('',*,*,#1850,.F.);
#1949 = ORIENTED_EDGE('',*,*,#439,.F.);
#1950 = SURFACE_OF_LINEAR_EXTRUSION('',#1951,#1956);
#1951 = B_SPLINE_CURVE_WITH_KNOTS('',3,(#1952,#1953,#1954,#1955),
  .UNSPECIFIED.,.F.,.F.,(4,4),(0.,1.),.PIECEWISE_BEZIER_KNOTS.);
#1952 = CARTESIAN_POINT('',(-6.380281125255,18.076364630739,74.0791));
#1953 = CARTESIAN_POINT('',(-6.231609004579,18.076364630739,74.0791));
#1954 = CARTESIAN_POINT('',(-6.107117554107,18.201012085535,74.0791));
#1955 = CARTESIAN_POINT('',(-6.107117554107,18.34484807217,74.0791));
#1956 = VECTOR('',#1957,1.);
#1957 = DIRECTION('',(0.,0.,1.));
#1958 = ADVANCED_FACE('',(#1959),#1984,.F.);
#1959 = FACE_BOUND('',#1960,.F.);
#1960 = EDGE_LOOP('',(#1961,#1969,#1977,#1983));
#1961 = ORIENTED_EDGE('',*,*,#1962,.T.);
#1962 = EDGE_CURVE('',#467,#1963,#1965,.T.);
#1963 = VERTEX_POINT('',#1964);
#1964 = CARTESIAN_POINT('',(-3.414014910633,15.593867824528,73.0791));
#1965 = LINE('',#1966,#1967);
#1966 = CARTESIAN_POINT('',(-3.414014910633,15.593867824528,74.0791));
#1967 = VECTOR('',#1968,1.);
#1968 = DIRECTION('',(-0.,-0.,-1.));
#1969 = ORIENTED_EDGE('',*,*,#1970,.T.);
#1970 = EDGE_CURVE('',#1963,#1971,#1973,.T.);
#1971 = VERTEX_POINT('',#1972);
#1972 = CARTESIAN_POINT('',(-3.414014910633,17.367168974292,73.0791));
#1973 = LINE('',#1974,#1975);
#1974 = CARTESIAN_POINT('',(-3.414014910633,15.593867824528,73.0791));
#1975 = VECTOR('',#1976,1.);
#1976 = DIRECTION('',(2.22044604925E-16,1.,0.));
#1977 = ORIENTED_EDGE('',*,*,#1978,.F.);
#1978 = EDGE_CURVE('',#469,#1971,#1979,.T.);
#1979 = LINE('',#1980,#1981);
#1980 = CARTESIAN_POINT('',(-3.414014910633,17.367168974292,74.0791));
#1981 = VECTOR('',#1982,1.);
#1982 = DIRECTION('',(-0.,-0.,-1.));
#1983 = ORIENTED_EDGE('',*,*,#466,.F.);
#1984 = PLANE('',#1985);
#1985 = AXIS2_PLACEMENT_3D('',#1986,#1987,#1988);
#1986 = CARTESIAN_POINT('',(-3.414014910633,15.593867824528,74.0791));
#1987 = DIRECTION('',(1.,-2.22044604925E-16,0.));
#1988 = DIRECTION('',(2.22044604925E-16,1.,0.));
#1989 = ADVANCED_FACE('',(#1990),#2008,.F.);
#1990 = FACE_BOUND('',#1991,.F.);
#1991 = EDGE_LOOP('',(#1992,#1993,#2001,#2007));
#1992 = ORIENTED_EDGE('',*,*,#1978,.T.);
#1993 = ORIENTED_EDGE('',*,*,#1994,.T.);
#1994 = EDGE_CURVE('',#1971,#1995,#1997,.T.);
#1995 = VERTEX_POINT('',#1996);
#1996 = CARTESIAN_POINT('',(-4.118998450334,17.649848809198,73.0791));
#1997 = LINE('',#1998,#1999);
#1998 = CARTESIAN_POINT('',(-3.414014910633,17.367168974292,73.0791));
#1999 = VECTOR('',#2000,1.);
#2000 = DIRECTION('',(-0.928164735365,0.372169617278,0.));
#2001 = ORIENTED_EDGE('',*,*,#2002,.F.);
#2002 = EDGE_CURVE('',#526,#1995,#2003,.T.);
#2003 = LINE('',#2004,#2005);
#2004 = CARTESIAN_POINT('',(-4.118998450334,17.649848809198,74.0791));
#2005 = VECTOR('',#2006,1.);
#2006 = DIRECTION('',(-0.,-0.,-1.));
#2007 = ORIENTED_EDGE('',*,*,#533,.F.);
#2008 = PLANE('',#2009);
#2009 = AXIS2_PLACEMENT_3D('',#2010,#2011,#2012);
#2010 = CARTESIAN_POINT('',(-3.414014910633,17.367168974292,74.0791));
#2011 = DIRECTION('',(0.372169617278,0.928164735365,-0.));
#2012 = DIRECTION('',(-0.928164735365,0.372169617278,0.));
#2013 = ADVANCED_FACE('',(#2014),#2032,.F.);
#2014 = FACE_BOUND('',#2015,.F.);
#2015 = EDGE_LOOP('',(#2016,#2017,#2025,#2031));
#2016 = ORIENTED_EDGE('',*,*,#2002,.T.);
#2017 = ORIENTED_EDGE('',*,*,#2018,.T.);
#2018 = EDGE_CURVE('',#1995,#2019,#2021,.T.);
#2019 = VERTEX_POINT('',#2020);
#2020 = CARTESIAN_POINT('',(-4.157531518337,17.568414552123,73.0791));
#2021 = LINE('',#2022,#2023);
#2022 = CARTESIAN_POINT('',(-4.118998450334,17.649848809198,73.0791));
#2023 = VECTOR('',#2024,1.);
#2024 = DIRECTION('',(-0.427714124201,-0.903914060052,0.));
#2025 = ORIENTED_EDGE('',*,*,#2026,.F.);
#2026 = EDGE_CURVE('',#517,#2019,#2027,.T.);
#2027 = LINE('',#2028,#2029);
#2028 = CARTESIAN_POINT('',(-4.157531518337,17.568414552123,74.0791));
#2029 = VECTOR('',#2030,1.);
#2030 = DIRECTION('',(-0.,-0.,-1.));
#2031 = ORIENTED_EDGE('',*,*,#525,.F.);
#2032 = PLANE('',#2033);
#2033 = AXIS2_PLACEMENT_3D('',#2034,#2035,#2036);
#2034 = CARTESIAN_POINT('',(-4.118998450334,17.649848809198,74.0791));
#2035 = DIRECTION('',(-0.903914060052,0.427714124201,0.));
#2036 = DIRECTION('',(-0.427714124201,-0.903914060052,0.));
#2037 = ADVANCED_FACE('',(#2038),#2057,.F.);
#2038 = FACE_BOUND('',#2039,.F.);
#2039 = EDGE_LOOP('',(#2040,#2041,#2050,#2056));
#2040 = ORIENTED_EDGE('',*,*,#2026,.T.);
#2041 = ORIENTED_EDGE('',*,*,#2042,.T.);
#2042 = EDGE_CURVE('',#2019,#2043,#2045,.T.);
#2043 = VERTEX_POINT('',#2044);
#2044 = CARTESIAN_POINT('',(-3.76876874318,17.012415141745,73.0791));
#2045 = B_SPLINE_CURVE_WITH_KNOTS('',3,(#2046,#2047,#2048,#2049),
  .UNSPECIFIED.,.F.,.F.,(4,4),(0.,1.),.PIECEWISE_BEZIER_KNOTS.);
#2046 = CARTESIAN_POINT('',(-4.157531518337,17.568414552123,73.0791));
#2047 = CARTESIAN_POINT('',(-3.835850602457,17.371849104009,73.0791));
#2048 = CARTESIAN_POINT('',(-3.773448872897,17.280898583176,73.0791));
#2049 = CARTESIAN_POINT('',(-3.76876874318,17.012415141745,73.0791));
#2050 = ORIENTED_EDGE('',*,*,#2051,.F.);
#2051 = EDGE_CURVE('',#509,#2043,#2052,.T.);
#2052 = LINE('',#2053,#2054);
#2053 = CARTESIAN_POINT('',(-3.76876874318,17.012415141745,74.0791));
#2054 = VECTOR('',#2055,1.);
#2055 = DIRECTION('',(-0.,-0.,-1.));
#2056 = ORIENTED_EDGE('',*,*,#516,.F.);
#2057 = SURFACE_OF_LINEAR_EXTRUSION('',#2058,#2063);
#2058 = B_SPLINE_CURVE_WITH_KNOTS('',3,(#2059,#2060,#2061,#2062),
  .UNSPECIFIED.,.F.,.F.,(4,4),(0.,1.),.PIECEWISE_BEZIER_KNOTS.);
#2059 = CARTESIAN_POINT('',(-4.157531518337,17.568414552123,74.0791));
#2060 = CARTESIAN_POINT('',(-3.835850602457,17.371849104009,74.0791));
#2061 = CARTESIAN_POINT('',(-3.773448872897,17.280898583176,74.0791));
#2062 = CARTESIAN_POINT('',(-3.76876874318,17.012415141745,74.0791));
#2063 = VECTOR('',#2064,1.);
#2064 = DIRECTION('',(0.,0.,1.));
#2065 = ADVANCED_FACE('',(#2066),#2084,.F.);
#2066 = FACE_BOUND('',#2067,.F.);
#2067 = EDGE_LOOP('',(#2068,#2069,#2077,#2083));
#2068 = ORIENTED_EDGE('',*,*,#2051,.T.);
#2069 = ORIENTED_EDGE('',*,*,#2070,.T.);
#2070 = EDGE_CURVE('',#2043,#2071,#2073,.T.);
#2071 = VERTEX_POINT('',#2072);
#2072 = CARTESIAN_POINT('',(-3.76876874318,15.972490318632,73.0791));
#2073 = LINE('',#2074,#2075);
#2074 = CARTESIAN_POINT('',(-3.76876874318,17.012415141745,73.0791));
#2075 = VECTOR('',#2076,1.);
#2076 = DIRECTION('',(-2.22044604925E-16,-1.,0.));
#2077 = ORIENTED_EDGE('',*,*,#2078,.F.);
#2078 = EDGE_CURVE('',#501,#2071,#2079,.T.);
#2079 = LINE('',#2080,#2081);
#2080 = CARTESIAN_POINT('',(-3.76876874318,15.972490318632,74.0791));
#2081 = VECTOR('',#2082,1.);
#2082 = DIRECTION('',(-0.,-0.,-1.));
#2083 = ORIENTED_EDGE('',*,*,#508,.F.);
#2084 = PLANE('',#2085);
#2085 = AXIS2_PLACEMENT_3D('',#2086,#2087,#2088);
#2086 = CARTESIAN_POINT('',(-3.76876874318,17.012415141745,74.0791));
#2087 = DIRECTION('',(-1.,2.22044604925E-16,0.));
#2088 = DIRECTION('',(-2.22044604925E-16,-1.,0.));
#2089 = ADVANCED_FACE('',(#2090),#2108,.F.);
#2090 = FACE_BOUND('',#2091,.F.);
#2091 = EDGE_LOOP('',(#2092,#2093,#2101,#2107));
#2092 = ORIENTED_EDGE('',*,*,#2078,.T.);
#2093 = ORIENTED_EDGE('',*,*,#2094,.T.);
#2094 = EDGE_CURVE('',#2071,#2095,#2097,.T.);
#2095 = VERTEX_POINT('',#2096);
#2096 = CARTESIAN_POINT('',(-6.628952017551,16.921464620912,73.0791));
#2097 = LINE('',#2098,#2099);
#2098 = CARTESIAN_POINT('',(-3.76876874318,15.972490318632,73.0791));
#2099 = VECTOR('',#2100,1.);
#2100 = DIRECTION('',(-0.949122411255,0.314907364877,0.));
#2101 = ORIENTED_EDGE('',*,*,#2102,.F.);
#2102 = EDGE_CURVE('',#493,#2095,#2103,.T.);
#2103 = LINE('',#2104,#2105);
#2104 = CARTESIAN_POINT('',(-6.628952017551,16.921464620912,74.0791));
#2105 = VECTOR('',#2106,1.);
#2106 = DIRECTION('',(-0.,-0.,-1.));
#2107 = ORIENTED_EDGE('',*,*,#500,.F.);
#2108 = PLANE('',#2109);
#2109 = AXIS2_PLACEMENT_3D('',#2110,#2111,#2112);
#2110 = CARTESIAN_POINT('',(-3.76876874318,15.972490318632,74.0791));
#2111 = DIRECTION('',(0.314907364877,0.949122411255,-0.));
#2112 = DIRECTION('',(-0.949122411255,0.314907364877,0.));
#2113 = ADVANCED_FACE('',(#2114),#2132,.F.);
#2114 = FACE_BOUND('',#2115,.F.);
#2115 = EDGE_LOOP('',(#2116,#2117,#2125,#2131));
#2116 = ORIENTED_EDGE('',*,*,#2102,.T.);
#2117 = ORIENTED_EDGE('',*,*,#2118,.T.);
#2118 = EDGE_CURVE('',#2095,#2119,#2121,.T.);
#2119 = VERTEX_POINT('',#2120);
#2120 = CARTESIAN_POINT('',(-6.628952017551,16.609923986085,73.0791));
#2121 = LINE('',#2122,#2123);
#2122 = CARTESIAN_POINT('',(-6.628952017551,16.921464620912,73.0791));
#2123 = VECTOR('',#2124,1.);
#2124 = DIRECTION('',(-2.22044604925E-16,-1.,0.));
#2125 = ORIENTED_EDGE('',*,*,#2126,.F.);
#2126 = EDGE_CURVE('',#485,#2119,#2127,.T.);
#2127 = LINE('',#2128,#2129);
#2128 = CARTESIAN_POINT('',(-6.628952017551,16.609923986085,74.0791));
#2129 = VECTOR('',#2130,1.);
#2130 = DIRECTION('',(-0.,-0.,-1.));
#2131 = ORIENTED_EDGE('',*,*,#492,.F.);
#2132 = PLANE('',#2133);
#2133 = AXIS2_PLACEMENT_3D('',#2134,#2135,#2136);
#2134 = CARTESIAN_POINT('',(-6.628952017551,16.921464620912,74.0791));
#2135 = DIRECTION('',(-1.,2.22044604925E-16,0.));
#2136 = DIRECTION('',(-2.22044604925E-16,-1.,0.));
#2137 = ADVANCED_FACE('',(#2138),#2156,.F.);
#2138 = FACE_BOUND('',#2139,.F.);
#2139 = EDGE_LOOP('',(#2140,#2141,#2149,#2155));
#2140 = ORIENTED_EDGE('',*,*,#2126,.T.);
#2141 = ORIENTED_EDGE('',*,*,#2142,.T.);
#2142 = EDGE_CURVE('',#2119,#2143,#2145,.T.);
#2143 = VERTEX_POINT('',#2144);
#2144 = CARTESIAN_POINT('',(-3.490769037991,15.593867824528,73.0791));
#2145 = LINE('',#2146,#2147);
#2146 = CARTESIAN_POINT('',(-6.628952017551,16.609923986085,73.0791));
#2147 = VECTOR('',#2148,1.);
#2148 = DIRECTION('',(0.951376868482,-0.308029307239,0.));
#2149 = ORIENTED_EDGE('',*,*,#2150,.F.);
#2150 = EDGE_CURVE('',#477,#2143,#2151,.T.);
#2151 = LINE('',#2152,#2153);
#2152 = CARTESIAN_POINT('',(-3.490769037991,15.593867824528,74.0791));
#2153 = VECTOR('',#2154,1.);
#2154 = DIRECTION('',(-0.,-0.,-1.));
#2155 = ORIENTED_EDGE('',*,*,#484,.F.);
#2156 = PLANE('',#2157);
#2157 = AXIS2_PLACEMENT_3D('',#2158,#2159,#2160);
#2158 = CARTESIAN_POINT('',(-6.628952017551,16.609923986085,74.0791));
#2159 = DIRECTION('',(-0.308029307239,-0.951376868482,0.));
#2160 = DIRECTION('',(0.951376868482,-0.308029307239,0.));
#2161 = ADVANCED_FACE('',(#2162),#2173,.F.);
#2162 = FACE_BOUND('',#2163,.F.);
#2163 = EDGE_LOOP('',(#2164,#2165,#2171,#2172));
#2164 = ORIENTED_EDGE('',*,*,#2150,.T.);
#2165 = ORIENTED_EDGE('',*,*,#2166,.T.);
#2166 = EDGE_CURVE('',#2143,#1963,#2167,.T.);
#2167 = LINE('',#2168,#2169);
#2168 = CARTESIAN_POINT('',(-3.490769037991,15.593867824528,73.0791));
#2169 = VECTOR('',#2170,1.);
#2170 = DIRECTION('',(1.,-2.22044604925E-16,0.));
#2171 = ORIENTED_EDGE('',*,*,#1962,.F.);
#2172 = ORIENTED_EDGE('',*,*,#476,.F.);
#2173 = PLANE('',#2174);
#2174 = AXIS2_PLACEMENT_3D('',#2175,#2176,#2177);
#2175 = CARTESIAN_POINT('',(-3.490769037991,15.593867824528,74.0791));
#2176 = DIRECTION('',(-2.22044604925E-16,-1.,0.));
#2177 = DIRECTION('',(1.,-2.22044604925E-16,0.));
#2178 = ADVANCED_FACE('',(#2179),#2205,.F.);
#2179 = FACE_BOUND('',#2180,.F.);
#2180 = EDGE_LOOP('',(#2181,#2189,#2198,#2204));
#2181 = ORIENTED_EDGE('',*,*,#2182,.T.);
#2182 = EDGE_CURVE('',#542,#2183,#2185,.T.);
#2183 = VERTEX_POINT('',#2184);
#2184 = CARTESIAN_POINT('',(-3.354109250255,20.122829351651,73.0791));
#2185 = LINE('',#2186,#2187);
#2186 = CARTESIAN_POINT('',(-3.354109250255,20.122829351651,74.0791));
#2187 = VECTOR('',#2188,1.);
#2188 = DIRECTION('',(-0.,-0.,-1.));
#2189 = ORIENTED_EDGE('',*,*,#2190,.T.);
#2190 = EDGE_CURVE('',#2183,#2191,#2193,.T.);
#2191 = VERTEX_POINT('',#2192);
#2192 = CARTESIAN_POINT('',(-3.603248155523,20.764943148821,73.0791));
#2193 = B_SPLINE_CURVE_WITH_KNOTS('',3,(#2194,#2195,#2196,#2197),
  .UNSPECIFIED.,.F.,.F.,(4,4),(0.,1.),.PIECEWISE_BEZIER_KNOTS.);
#2194 = CARTESIAN_POINT('',(-3.354109250255,20.122829351651,73.0791));
#2195 = CARTESIAN_POINT('',(-3.354109250255,20.386320654717,73.0791));
#2196 = CARTESIAN_POINT('',(-3.430863377614,20.587722236871,73.0791));
#2197 = CARTESIAN_POINT('',(-3.603248155523,20.764943148821,73.0791));
#2198 = ORIENTED_EDGE('',*,*,#2199,.F.);
#2199 = EDGE_CURVE('',#544,#2191,#2200,.T.);
#2200 = LINE('',#2201,#2202);
#2201 = CARTESIAN_POINT('',(-3.603248155523,20.764943148821,74.0791));
#2202 = VECTOR('',#2203,1.);
#2203 = DIRECTION('',(-0.,-0.,-1.));
#2204 = ORIENTED_EDGE('',*,*,#541,.F.);
#2205 = SURFACE_OF_LINEAR_EXTRUSION('',#2206,#2211);
#2206 = B_SPLINE_CURVE_WITH_KNOTS('',3,(#2207,#2208,#2209,#2210),
  .UNSPECIFIED.,.F.,.F.,(4,4),(0.,1.),.PIECEWISE_BEZIER_KNOTS.);
#2207 = CARTESIAN_POINT('',(-3.354109250255,20.122829351651,74.0791));
#2208 = CARTESIAN_POINT('',(-3.354109250255,20.386320654717,74.0791));
#2209 = CARTESIAN_POINT('',(-3.430863377614,20.587722236871,74.0791));
#2210 = CARTESIAN_POINT('',(-3.603248155523,20.764943148821,74.0791));
#2211 = VECTOR('',#2212,1.);
#2212 = DIRECTION('',(0.,0.,1.));
#2213 = ADVANCED_FACE('',(#2214),#2233,.F.);
#2214 = FACE_BOUND('',#2215,.F.);
#2215 = EDGE_LOOP('',(#2216,#2217,#2226,#2232));
#2216 = ORIENTED_EDGE('',*,*,#2199,.T.);
#2217 = ORIENTED_EDGE('',*,*,#2218,.T.);
#2218 = EDGE_CURVE('',#2191,#2219,#2221,.T.);
#2219 = VERTEX_POINT('',#2220);
#2220 = CARTESIAN_POINT('',(-4.982638387441,21.2249999,73.0791));
#2221 = B_SPLINE_CURVE_WITH_KNOTS('',3,(#2222,#2223,#2224,#2225),
  .UNSPECIFIED.,.F.,.F.,(4,4),(0.,1.),.PIECEWISE_BEZIER_KNOTS.);
#2222 = CARTESIAN_POINT('',(-3.603248155523,20.764943148821,73.0791));
#2223 = CARTESIAN_POINT('',(-3.871419588306,21.042942854009,73.0791));
#2224 = CARTESIAN_POINT('',(-4.422270855994,21.2249999,73.0791));
#2225 = CARTESIAN_POINT('',(-4.982638387441,21.2249999,73.0791));
#2226 = ORIENTED_EDGE('',*,*,#2227,.F.);
#2227 = EDGE_CURVE('',#589,#2219,#2228,.T.);
#2228 = LINE('',#2229,#2230);
#2229 = CARTESIAN_POINT('',(-4.982638387441,21.2249999,74.0791));
#2230 = VECTOR('',#2231,1.);
#2231 = DIRECTION('',(-0.,-0.,-1.));
#2232 = ORIENTED_EDGE('',*,*,#597,.F.);
#2233 = SURFACE_OF_LINEAR_EXTRUSION('',#2234,#2239);
#2234 = B_SPLINE_CURVE_WITH_KNOTS('',3,(#2235,#2236,#2237,#2238),
  .UNSPECIFIED.,.F.,.F.,(4,4),(0.,1.),.PIECEWISE_BEZIER_KNOTS.);
#2235 = CARTESIAN_POINT('',(-3.603248155523,20.764943148821,74.0791));
#2236 = CARTESIAN_POINT('',(-3.871419588306,21.042942854009,74.0791));
#2237 = CARTESIAN_POINT('',(-4.422270855994,21.2249999,74.0791));
#2238 = CARTESIAN_POINT('',(-4.982638387441,21.2249999,74.0791));
#2239 = VECTOR('',#2240,1.);
#2240 = DIRECTION('',(0.,0.,1.));
#2241 = ADVANCED_FACE('',(#2242),#2261,.F.);
#2242 = FACE_BOUND('',#2243,.F.);
#2243 = EDGE_LOOP('',(#2244,#2245,#2254,#2260));
#2244 = ORIENTED_EDGE('',*,*,#2227,.T.);
#2245 = ORIENTED_EDGE('',*,*,#2246,.T.);
#2246 = EDGE_CURVE('',#2219,#2247,#2249,.T.);
#2247 = VERTEX_POINT('',#2248);
#2248 = CARTESIAN_POINT('',(-6.333167819438,20.841697276179,73.0791));
#2249 = B_SPLINE_CURVE_WITH_KNOTS('',3,(#2250,#2251,#2252,#2253),
  .UNSPECIFIED.,.F.,.F.,(4,4),(0.,1.),.PIECEWISE_BEZIER_KNOTS.);
#2250 = CARTESIAN_POINT('',(-4.982638387441,21.2249999,73.0791));
#2251 = CARTESIAN_POINT('',(-5.509464989249,21.2249999,73.0791));
#2252 = CARTESIAN_POINT('',(-6.064996386655,21.066811515566,73.0791));
#2253 = CARTESIAN_POINT('',(-6.333167819438,20.841697276179,73.0791));
#2254 = ORIENTED_EDGE('',*,*,#2255,.F.);
#2255 = EDGE_CURVE('',#580,#2247,#2256,.T.);
#2256 = LINE('',#2257,#2258);
#2257 = CARTESIAN_POINT('',(-6.333167819438,20.841697276179,74.0791));
#2258 = VECTOR('',#2259,1.);
#2259 = DIRECTION('',(-0.,-0.,-1.));
#2260 = ORIENTED_EDGE('',*,*,#588,.F.);
#2261 = SURFACE_OF_LINEAR_EXTRUSION('',#2262,#2267);
#2262 = B_SPLINE_CURVE_WITH_KNOTS('',3,(#2263,#2264,#2265,#2266),
  .UNSPECIFIED.,.F.,.F.,(4,4),(0.,1.),.PIECEWISE_BEZIER_KNOTS.);
#2263 = CARTESIAN_POINT('',(-4.982638387441,21.2249999,74.0791));
#2264 = CARTESIAN_POINT('',(-5.509464989249,21.2249999,74.0791));
#2265 = CARTESIAN_POINT('',(-6.064996386655,21.066811515566,74.0791));
#2266 = CARTESIAN_POINT('',(-6.333167819438,20.841697276179,74.0791));
#2267 = VECTOR('',#2268,1.);
#2268 = DIRECTION('',(0.,0.,1.));
#2269 = ADVANCED_FACE('',(#2270),#2289,.F.);
#2270 = FACE_BOUND('',#2271,.F.);
#2271 = EDGE_LOOP('',(#2272,#2273,#2282,#2288));
#2272 = ORIENTED_EDGE('',*,*,#2255,.T.);
#2273 = ORIENTED_EDGE('',*,*,#2274,.T.);
#2274 = EDGE_CURVE('',#2247,#2275,#2277,.T.);
#2275 = VERTEX_POINT('',#2276);
#2276 = CARTESIAN_POINT('',(-6.65890484774,20.142017883491,73.0791));
#2277 = B_SPLINE_CURVE_WITH_KNOTS('',3,(#2278,#2279,#2280,#2281),
  .UNSPECIFIED.,.F.,.F.,(4,4),(0.,1.),.PIECEWISE_BEZIER_KNOTS.);
#2278 = CARTESIAN_POINT('',(-6.333167819438,20.841697276179,73.0791));
#2279 = CARTESIAN_POINT('',(-6.543929661026,20.664320359906,73.0791));
#2280 = CARTESIAN_POINT('',(-6.65890484774,20.419861584355,73.0791));
#2281 = CARTESIAN_POINT('',(-6.65890484774,20.142017883491,73.0791));
#2282 = ORIENTED_EDGE('',*,*,#2283,.F.);
#2283 = EDGE_CURVE('',#571,#2275,#2284,.T.);
#2284 = LINE('',#2285,#2286);
#2285 = CARTESIAN_POINT('',(-6.65890484774,20.142017883491,74.0791));
#2286 = VECTOR('',#2287,1.);
#2287 = DIRECTION('',(-0.,-0.,-1.));
#2288 = ORIENTED_EDGE('',*,*,#579,.F.);
#2289 = SURFACE_OF_LINEAR_EXTRUSION('',#2290,#2295);
#2290 = B_SPLINE_CURVE_WITH_KNOTS('',3,(#2291,#2292,#2293,#2294),
  .UNSPECIFIED.,.F.,.F.,(4,4),(0.,1.),.PIECEWISE_BEZIER_KNOTS.);
#2291 = CARTESIAN_POINT('',(-6.333167819438,20.841697276179,74.0791));
#2292 = CARTESIAN_POINT('',(-6.543929661026,20.664320359906,74.0791));
#2293 = CARTESIAN_POINT('',(-6.65890484774,20.419861584355,74.0791));
#2294 = CARTESIAN_POINT('',(-6.65890484774,20.142017883491,74.0791));
#2295 = VECTOR('',#2296,1.);
#2296 = DIRECTION('',(0.,0.,1.));
#2297 = ADVANCED_FACE('',(#2298),#2317,.F.);
#2298 = FACE_BOUND('',#2299,.F.);
#2299 = EDGE_LOOP('',(#2300,#2301,#2310,#2316));
#2300 = ORIENTED_EDGE('',*,*,#2283,.T.);
#2301 = ORIENTED_EDGE('',*,*,#2302,.T.);
#2302 = EDGE_CURVE('',#2275,#2303,#2305,.T.);
#2303 = VERTEX_POINT('',#2304);
#2304 = CARTESIAN_POINT('',(-6.409921946796,19.518936613836,73.0791));
#2305 = B_SPLINE_CURVE_WITH_KNOTS('',3,(#2306,#2307,#2308,#2309),
  .UNSPECIFIED.,.F.,.F.,(4,4),(0.,1.),.PIECEWISE_BEZIER_KNOTS.);
#2306 = CARTESIAN_POINT('',(-6.65890484774,20.142017883491,73.0791));
#2307 = CARTESIAN_POINT('',(-6.65890484774,19.89755910794,73.0791));
#2308 = CARTESIAN_POINT('',(-6.577470590664,19.691477396069,73.0791));
#2309 = CARTESIAN_POINT('',(-6.409921946796,19.518936613836,73.0791));
#2310 = ORIENTED_EDGE('',*,*,#2311,.F.);
#2311 = EDGE_CURVE('',#562,#2303,#2312,.T.);
#2312 = LINE('',#2313,#2314);
#2313 = CARTESIAN_POINT('',(-6.409921946796,19.518936613836,74.0791));
#2314 = VECTOR('',#2315,1.);
#2315 = DIRECTION('',(-0.,-0.,-1.));
#2316 = ORIENTED_EDGE('',*,*,#570,.F.);
#2317 = SURFACE_OF_LINEAR_EXTRUSION('',#2318,#2323);
#2318 = B_SPLINE_CURVE_WITH_KNOTS('',3,(#2319,#2320,#2321,#2322),
  .UNSPECIFIED.,.F.,.F.,(4,4),(0.,1.),.PIECEWISE_BEZIER_KNOTS.);
#2319 = CARTESIAN_POINT('',(-6.65890484774,20.142017883491,74.0791));
#2320 = CARTESIAN_POINT('',(-6.65890484774,19.89755910794,74.0791));
#2321 = CARTESIAN_POINT('',(-6.577470590664,19.691477396069,74.0791));
#2322 = CARTESIAN_POINT('',(-6.409921946796,19.518936613836,74.0791));
#2323 = VECTOR('',#2324,1.);
#2324 = DIRECTION('',(0.,0.,1.));
#2325 = ADVANCED_FACE('',(#2326),#2345,.F.);
#2326 = FACE_BOUND('',#2327,.F.);
#2327 = EDGE_LOOP('',(#2328,#2329,#2338,#2344));
#2328 = ORIENTED_EDGE('',*,*,#2311,.T.);
#2329 = ORIENTED_EDGE('',*,*,#2330,.T.);
#2330 = EDGE_CURVE('',#2303,#2331,#2333,.T.);
#2331 = VERTEX_POINT('',#2332);
#2332 = CARTESIAN_POINT('',(-5.011343183038,19.058879862657,73.0791));
#2333 = B_SPLINE_CURVE_WITH_KNOTS('',3,(#2334,#2335,#2336,#2337),
  .UNSPECIFIED.,.F.,.F.,(4,4),(0.,1.),.PIECEWISE_BEZIER_KNOTS.);
#2334 = CARTESIAN_POINT('',(-6.409921946796,19.518936613836,73.0791));
#2335 = CARTESIAN_POINT('',(-6.14643064373,19.240936908648,73.0791));
#2336 = CARTESIAN_POINT('',(-5.590899246324,19.058879862657,73.0791));
#2337 = CARTESIAN_POINT('',(-5.011343183038,19.058879862657,73.0791));
#2338 = ORIENTED_EDGE('',*,*,#2339,.F.);
#2339 = EDGE_CURVE('',#553,#2331,#2340,.T.);
#2340 = LINE('',#2341,#2342);
#2341 = CARTESIAN_POINT('',(-5.011343183038,19.058879862657,74.0791));
#2342 = VECTOR('',#2343,1.);
#2343 = DIRECTION('',(-0.,-0.,-1.));
#2344 = ORIENTED_EDGE('',*,*,#561,.F.);
#2345 = SURFACE_OF_LINEAR_EXTRUSION('',#2346,#2351);
#2346 = B_SPLINE_CURVE_WITH_KNOTS('',3,(#2347,#2348,#2349,#2350),
  .UNSPECIFIED.,.F.,.F.,(4,4),(0.,1.),.PIECEWISE_BEZIER_KNOTS.);
#2347 = CARTESIAN_POINT('',(-6.409921946796,19.518936613836,74.0791));
#2348 = CARTESIAN_POINT('',(-6.14643064373,19.240936908648,74.0791));
#2349 = CARTESIAN_POINT('',(-5.590899246324,19.058879862657,74.0791));
#2350 = CARTESIAN_POINT('',(-5.011343183038,19.058879862657,74.0791));
#2351 = VECTOR('',#2352,1.);
#2352 = DIRECTION('',(0.,0.,1.));
#2353 = ADVANCED_FACE('',(#2354),#2366,.F.);
#2354 = FACE_BOUND('',#2355,.F.);
#2355 = EDGE_LOOP('',(#2356,#2357,#2364,#2365));
#2356 = ORIENTED_EDGE('',*,*,#2339,.T.);
#2357 = ORIENTED_EDGE('',*,*,#2358,.T.);
#2358 = EDGE_CURVE('',#2331,#2183,#2359,.T.);
#2359 = B_SPLINE_CURVE_WITH_KNOTS('',3,(#2360,#2361,#2362,#2363),
  .UNSPECIFIED.,.F.,.F.,(4,4),(0.,1.),.PIECEWISE_BEZIER_KNOTS.);
#2360 = CARTESIAN_POINT('',(-5.011343183038,19.058879862657,73.0791));
#2361 = CARTESIAN_POINT('',(-4.02960797274,19.058879862657,73.0791));
#2362 = CARTESIAN_POINT('',(-3.354109250255,19.494911947956,73.0791));
#2363 = CARTESIAN_POINT('',(-3.354109250255,20.122829351651,73.0791));
#2364 = ORIENTED_EDGE('',*,*,#2182,.F.);
#2365 = ORIENTED_EDGE('',*,*,#552,.F.);
#2366 = SURFACE_OF_LINEAR_EXTRUSION('',#2367,#2372);
#2367 = B_SPLINE_CURVE_WITH_KNOTS('',3,(#2368,#2369,#2370,#2371),
  .UNSPECIFIED.,.F.,.F.,(4,4),(0.,1.),.PIECEWISE_BEZIER_KNOTS.);
#2368 = CARTESIAN_POINT('',(-5.011343183038,19.058879862657,74.0791));
#2369 = CARTESIAN_POINT('',(-4.02960797274,19.058879862657,74.0791));
#2370 = CARTESIAN_POINT('',(-3.354109250255,19.494911947956,74.0791));
#2371 = CARTESIAN_POINT('',(-3.354109250255,20.122829351651,74.0791));
#2372 = VECTOR('',#2373,1.);
#2373 = DIRECTION('',(0.,0.,1.));
#2374 = ADVANCED_FACE('',(#2375),#2426,.T.);
#2375 = FACE_BOUND('',#2376,.F.);
#2376 = EDGE_LOOP('',(#2377,#2387,#2394,#2395,#2404,#2417,#2418,#2419));
#2377 = ORIENTED_EDGE('',*,*,#2378,.T.);
#2378 = EDGE_CURVE('',#2379,#2381,#2383,.T.);
#2379 = VERTEX_POINT('',#2380);
#2380 = CARTESIAN_POINT('',(-10.76401491063,7.9375,67.437));
#2381 = VERTEX_POINT('',#2382);
#2382 = CARTESIAN_POINT('',(-12.66901491063,7.9375,67.437));
#2383 = LINE('',#2384,#2385);
#2384 = CARTESIAN_POINT('',(-7.589014910633,7.9375,67.437));
#2385 = VECTOR('',#2386,1.);
#2386 = DIRECTION('',(-1.,0.,0.));
#2387 = ORIENTED_EDGE('',*,*,#2388,.T.);
#2388 = EDGE_CURVE('',#2381,#2381,#2389,.T.);
#2389 = CIRCLE('',#2390,4.7625);
#2390 = AXIS2_PLACEMENT_3D('',#2391,#2392,#2393);
#2391 = CARTESIAN_POINT('',(-12.66901491063,12.7,67.437));
#2392 = DIRECTION('',(-1.,0.,0.));
#2393 = DIRECTION('',(0.,-1.,0.));
#2394 = ORIENTED_EDGE('',*,*,#2378,.F.);
#2395 = ORIENTED_EDGE('',*,*,#2396,.F.);
#2396 = EDGE_CURVE('',#2397,#2379,#2399,.T.);
#2397 = VERTEX_POINT('',#2398);
#2398 = CARTESIAN_POINT('',(-10.76401491063,10.092489888342,63.45174));
#2399 = CIRCLE('',#2400,4.7625);
#2400 = AXIS2_PLACEMENT_3D('',#2401,#2402,#2403);
#2401 = CARTESIAN_POINT('',(-10.76401491063,12.7,67.437));
#2402 = DIRECTION('',(-1.,0.,0.));
#2403 = DIRECTION('',(0.,-1.,0.));
#2404 = ORIENTED_EDGE('',*,*,#2405,.F.);
#2405 = EDGE_CURVE('',#622,#2397,#2406,.T.);
#2406 = ( BOUNDED_CURVE() B_SPLINE_CURVE(9,(#2407,#2408,#2409,#2410,
    #2411,#2412,#2413,#2414,#2415,#2416),.UNSPECIFIED.,.F.,.F.) 
B_SPLINE_CURVE_WITH_KNOTS((10,10),(19.683435575928,25.202069462236),
.PIECEWISE_BEZIER_KNOTS.) CURVE() GEOMETRIC_REPRESENTATION_ITEM() 
RATIONAL_B_SPLINE_CURVE((1.,1.,1.,1.,1.,1.,1.,1.,1.,1.)) 
REPRESENTATION_ITEM('') );
#2407 = CARTESIAN_POINT('',(-10.76401491063,15.307510111658,63.45174));
#2408 = CARTESIAN_POINT('',(-10.76401491063,14.79440017807,
    63.116018029483));
#2409 = CARTESIAN_POINT('',(-10.60676752297,14.232661241337,
    62.854617252418));
#2410 = CARTESIAN_POINT('',(-10.50432321397,13.63459808314,
    62.675589351136));
#2411 = CARTESIAN_POINT('',(-10.42069904102,13.014068212724,
    62.584606120539));
#2412 = CARTESIAN_POINT('',(-10.42069904102,12.385931787276,
    62.584606120538));
#2413 = CARTESIAN_POINT('',(-10.50432321397,11.765401916859,
    62.675589351137));
#2414 = CARTESIAN_POINT('',(-10.60676752297,11.167338758663,
    62.854617252418));
#2415 = CARTESIAN_POINT('',(-10.76401491063,10.60559982193,
    63.116018029483));
#2416 = CARTESIAN_POINT('',(-10.76401491063,10.092489888342,63.45174));
#2417 = ORIENTED_EDGE('',*,*,#630,.F.);
#2418 = ORIENTED_EDGE('',*,*,#751,.F.);
#2419 = ORIENTED_EDGE('',*,*,#2420,.F.);
#2420 = EDGE_CURVE('',#2379,#741,#2421,.T.);
#2421 = CIRCLE('',#2422,4.7625);
#2422 = AXIS2_PLACEMENT_3D('',#2423,#2424,#2425);
#2423 = CARTESIAN_POINT('',(-10.76401491063,12.7,67.437));
#2424 = DIRECTION('',(-1.,0.,0.));
#2425 = DIRECTION('',(0.,-1.,0.));
#2426 = CYLINDRICAL_SURFACE('',#2427,4.7625);
#2427 = AXIS2_PLACEMENT_3D('',#2428,#2429,#2430);
#2428 = CARTESIAN_POINT('',(-7.589014910633,12.7,67.437));
#2429 = DIRECTION('',(1.,0.,0.));
#2430 = DIRECTION('',(0.,-1.,0.));
#2431 = ADVANCED_FACE('',(#2432),#2443,.T.);
#2432 = FACE_BOUND('',#2433,.T.);
#2433 = EDGE_LOOP('',(#2434,#2435,#2436,#2442));
#2434 = ORIENTED_EDGE('',*,*,#621,.F.);
#2435 = ORIENTED_EDGE('',*,*,#671,.T.);
#2436 = ORIENTED_EDGE('',*,*,#2437,.T.);
#2437 = EDGE_CURVE('',#672,#2397,#2438,.T.);
#2438 = ( BOUNDED_CURVE() B_SPLINE_CURVE(2,(#2439,#2440,#2441),
.UNSPECIFIED.,.F.,.F.) B_SPLINE_CURVE_WITH_KNOTS((3,3),(0.,
5.518633886307),.PIECEWISE_BEZIER_KNOTS.) CURVE() 
GEOMETRIC_REPRESENTATION_ITEM() RATIONAL_B_SPLINE_CURVE((1.,
0.707106781187,1.)) REPRESENTATION_ITEM('') );
#2439 = CARTESIAN_POINT('',(-7.589014910633,8.354149813903,60.7949));
#2440 = CARTESIAN_POINT('',(-7.589014910633,10.092489888342,63.45174));
#2441 = CARTESIAN_POINT('',(-10.76401491063,10.092489888342,63.45174));
#2442 = ORIENTED_EDGE('',*,*,#2405,.F.);
#2443 = ( BOUNDED_SURFACE() B_SPLINE_SURFACE(2,9,(
    (#2444,#2445,#2446,#2447,#2448,#2449,#2450,#2451,#2452,#2453)
    ,(#2454,#2455,#2456,#2457,#2458,#2459,#2460,#2461,#2462,#2463)
    ,(#2464,#2465,#2466,#2467,#2468,#2469,#2470,#2471,#2472,#2473
)),.UNSPECIFIED.,.F.,.F.,.F.) B_SPLINE_SURFACE_WITH_KNOTS((3,3),(10,10),
  (0.,5.518633886307),(19.683435575928,25.202069462236),
.PIECEWISE_BEZIER_KNOTS.) GEOMETRIC_REPRESENTATION_ITEM() 
RATIONAL_B_SPLINE_SURFACE((
    (1.,1.,1.,1.,1.,1.,1.,1.,1.,1.)
    ,(0.707106781187,0.78156593879,0.816769243619,0.840716920674
      ,0.849446816312,0.849446816312,0.840716920674,0.816769243619
      ,0.78156593879,0.707106781187)
,(1.,1.,1.,1.,1.,1.,1.,1.,1.,1.))) REPRESENTATION_ITEM('') SURFACE() );
#2444 = CARTESIAN_POINT('',(-10.76401491063,15.307510111658,63.45174));
#2445 = CARTESIAN_POINT('',(-10.76401491063,14.79440017807,
    63.116018029483));
#2446 = CARTESIAN_POINT('',(-10.60676752297,14.232661241337,
    62.854617252418));
#2447 = CARTESIAN_POINT('',(-10.50432321397,13.63459808314,
    62.675589351136));
#2448 = CARTESIAN_POINT('',(-10.42069904102,13.014068212724,
    62.584606120539));
#2449 = CARTESIAN_POINT('',(-10.42069904102,12.385931787276,
    62.584606120538));
#2450 = CARTESIAN_POINT('',(-10.50432321397,11.765401916859,
    62.675589351137));
#2451 = CARTESIAN_POINT('',(-10.60676752297,11.167338758663,
    62.854617252418));
#2452 = CARTESIAN_POINT('',(-10.76401491063,10.60559982193,
    63.116018029483));
#2453 = CARTESIAN_POINT('',(-10.76401491063,10.092489888342,63.45174));
#2454 = CARTESIAN_POINT('',(-7.589014910633,15.307510111658,63.45174));
#2455 = CARTESIAN_POINT('',(-8.193974297062,14.843283748243,
    63.148001991262));
#2456 = CARTESIAN_POINT('',(-8.372060104706,14.271551703434,
    62.866270536892));
#2457 = CARTESIAN_POINT('',(-8.444098517317,13.670351397549,
    62.682219904855));
#2458 = CARTESIAN_POINT('',(-8.455639404047,13.017011790132,
    62.580453532569));
#2459 = CARTESIAN_POINT('',(-8.455639404048,12.382988209868,
    62.580453532568));
#2460 = CARTESIAN_POINT('',(-8.444098517317,11.729648602451,
    62.682219904855));
#2461 = CARTESIAN_POINT('',(-8.372060104706,11.128448296566,
    62.866270536891));
#2462 = CARTESIAN_POINT('',(-8.193974297062,10.556716251757,
    63.148001991262));
#2463 = CARTESIAN_POINT('',(-7.589014910633,10.092489888342,63.45174));
#2464 = CARTESIAN_POINT('',(-7.589014910633,17.045850186097,60.7949));
#2465 = CARTESIAN_POINT('',(-7.589014910633,15.824568543762,60.7949));
#2466 = CARTESIAN_POINT('',(-7.589014910633,14.834740454397,60.7949));
#2467 = CARTESIAN_POINT('',(-7.589014910633,13.942893625486,60.7949));
#2468 = CARTESIAN_POINT('',(-7.589014910633,13.110712466579,60.7949));
#2469 = CARTESIAN_POINT('',(-7.589014910633,12.289287533421,60.7949));
#2470 = CARTESIAN_POINT('',(-7.589014910633,11.457106374514,60.7949));
#2471 = CARTESIAN_POINT('',(-7.589014910633,10.565259545603,60.7949));
#2472 = CARTESIAN_POINT('',(-7.589014910633,9.575431456238,60.7949));
#2473 = CARTESIAN_POINT('',(-7.589014910633,8.354149813903,60.7949));
#2474 = ADVANCED_FACE('',(#2475),#2508,.T.);
#2475 = FACE_BOUND('',#2476,.T.);
#2476 = EDGE_LOOP('',(#2477,#2486,#2487,#2495));
#2477 = ORIENTED_EDGE('',*,*,#2478,.F.);
#2478 = EDGE_CURVE('',#687,#2479,#2481,.T.);
#2479 = VERTEX_POINT('',#2480);
#2480 = CARTESIAN_POINT('',(-10.76401491063,-10.09248988834,63.45174));
#2481 = CIRCLE('',#2482,3.175);
#2482 = AXIS2_PLACEMENT_3D('',#2483,#2484,#2485);
#2483 = CARTESIAN_POINT('',(-10.76401491063,-8.354149813903,60.7949));
#2484 = DIRECTION('',(0.,-0.8368,-0.547508684863));
#2485 = DIRECTION('',(0.,0.547508684863,-0.8368));
#2486 = ORIENTED_EDGE('',*,*,#694,.T.);
#2487 = ORIENTED_EDGE('',*,*,#2488,.T.);
#2488 = EDGE_CURVE('',#695,#2489,#2491,.T.);
#2489 = VERTEX_POINT('',#2490);
#2490 = CARTESIAN_POINT('',(-10.76401491063,-15.30751011165,63.45174));
#2491 = ( BOUNDED_CURVE() B_SPLINE_CURVE(2,(#2492,#2493,#2494),
.UNSPECIFIED.,.F.,.F.) B_SPLINE_CURVE_WITH_KNOTS((3,3),(0.,
5.518633886307),.PIECEWISE_BEZIER_KNOTS.) CURVE() 
GEOMETRIC_REPRESENTATION_ITEM() RATIONAL_B_SPLINE_CURVE((1.,
0.707106781187,1.)) REPRESENTATION_ITEM('') );
#2492 = CARTESIAN_POINT('',(-7.589014910633,-17.04585018609,60.7949));
#2493 = CARTESIAN_POINT('',(-7.589014910633,-15.30751011165,63.45174));
#2494 = CARTESIAN_POINT('',(-10.76401491063,-15.30751011165,63.45174));
#2495 = ORIENTED_EDGE('',*,*,#2496,.F.);
#2496 = EDGE_CURVE('',#2479,#2489,#2497,.T.);
#2497 = ( BOUNDED_CURVE() B_SPLINE_CURVE(9,(#2498,#2499,#2500,#2501,
    #2502,#2503,#2504,#2505,#2506,#2507),.UNSPECIFIED.,.F.,.F.) 
B_SPLINE_CURVE_WITH_KNOTS((10,10),(19.683435575928,25.202069462236),
.PIECEWISE_BEZIER_KNOTS.) CURVE() GEOMETRIC_REPRESENTATION_ITEM() 
RATIONAL_B_SPLINE_CURVE((1.,1.,1.,1.,1.,1.,1.,1.,1.,1.)) 
REPRESENTATION_ITEM('') );
#2498 = CARTESIAN_POINT('',(-10.76401491063,-10.09248988834,63.45174));
#2499 = CARTESIAN_POINT('',(-10.76401491063,-10.60559982193,
    63.116018029483));
#2500 = CARTESIAN_POINT('',(-10.60676752297,-11.16733875866,
    62.854617252418));
#2501 = CARTESIAN_POINT('',(-10.50432321397,-11.76540191686,
    62.675589351136));
#2502 = CARTESIAN_POINT('',(-10.42069904102,-12.38593178727,
    62.584606120538));
#2503 = CARTESIAN_POINT('',(-10.42069904102,-13.01406821272,
    62.584606120538));
#2504 = CARTESIAN_POINT('',(-10.50432321397,-13.63459808314,
    62.675589351137));
#2505 = CARTESIAN_POINT('',(-10.60676752297,-14.23266124133,
    62.854617252418));
#2506 = CARTESIAN_POINT('',(-10.76401491063,-14.79440017807,
    63.116018029483));
#2507 = CARTESIAN_POINT('',(-10.76401491063,-15.30751011165,63.45174));
#2508 = ( BOUNDED_SURFACE() B_SPLINE_SURFACE(2,9,(
    (#2509,#2510,#2511,#2512,#2513,#2514,#2515,#2516,#2517,#2518)
    ,(#2519,#2520,#2521,#2522,#2523,#2524,#2525,#2526,#2527,#2528)
    ,(#2529,#2530,#2531,#2532,#2533,#2534,#2535,#2536,#2537,#2538
)),.UNSPECIFIED.,.F.,.F.,.F.) B_SPLINE_SURFACE_WITH_KNOTS((3,3),(10,10),
  (0.,5.518633886307),(19.683435575928,25.202069462236),
.PIECEWISE_BEZIER_KNOTS.) GEOMETRIC_REPRESENTATION_ITEM() 
RATIONAL_B_SPLINE_SURFACE((
    (1.,1.,1.,1.,1.,1.,1.,1.,1.,1.)
    ,(0.707106781187,0.78156593879,0.816769243619,0.840716920674
      ,0.849446816312,0.849446816312,0.840716920674,0.816769243619
      ,0.78156593879,0.707106781187)
,(1.,1.,1.,1.,1.,1.,1.,1.,1.,1.))) REPRESENTATION_ITEM('') SURFACE() );
#2509 = CARTESIAN_POINT('',(-10.76401491063,-10.09248988834,63.45174));
#2510 = CARTESIAN_POINT('',(-10.76401491063,-10.60559982193,
    63.116018029483));
#2511 = CARTESIAN_POINT('',(-10.60676752297,-11.16733875866,
    62.854617252418));
#2512 = CARTESIAN_POINT('',(-10.50432321397,-11.76540191686,
    62.675589351136));
#2513 = CARTESIAN_POINT('',(-10.42069904102,-12.38593178727,
    62.584606120538));
#2514 = CARTESIAN_POINT('',(-10.42069904102,-13.01406821272,
    62.584606120538));
#2515 = CARTESIAN_POINT('',(-10.50432321397,-13.63459808314,
    62.675589351137));
#2516 = CARTESIAN_POINT('',(-10.60676752297,-14.23266124133,
    62.854617252418));
#2517 = CARTESIAN_POINT('',(-10.76401491063,-14.79440017807,
    63.116018029483));
#2518 = CARTESIAN_POINT('',(-10.76401491063,-15.30751011165,63.45174));
#2519 = CARTESIAN_POINT('',(-7.589014910633,-10.09248988834,63.45174));
#2520 = CARTESIAN_POINT('',(-8.193974297062,-10.55671625175,
    63.148001991262));
#2521 = CARTESIAN_POINT('',(-8.372060104706,-11.12844829656,
    62.866270536892));
#2522 = CARTESIAN_POINT('',(-8.444098517317,-11.72964860245,
    62.682219904855));
#2523 = CARTESIAN_POINT('',(-8.455639404047,-12.38298820986,
    62.580453532568));
#2524 = CARTESIAN_POINT('',(-8.455639404048,-13.01701179013,
    62.580453532569));
#2525 = CARTESIAN_POINT('',(-8.444098517317,-13.67035139754,
    62.682219904855));
#2526 = CARTESIAN_POINT('',(-8.372060104706,-14.27155170343,
    62.866270536892));
#2527 = CARTESIAN_POINT('',(-8.193974297062,-14.84328374824,
    63.148001991262));
#2528 = CARTESIAN_POINT('',(-7.589014910633,-15.30751011165,63.45174));
#2529 = CARTESIAN_POINT('',(-7.589014910633,-8.354149813903,60.7949));
#2530 = CARTESIAN_POINT('',(-7.589014910633,-9.575431456238,60.7949));
#2531 = CARTESIAN_POINT('',(-7.589014910633,-10.5652595456,60.7949));
#2532 = CARTESIAN_POINT('',(-7.589014910633,-11.45710637451,60.7949));
#2533 = CARTESIAN_POINT('',(-7.589014910633,-12.28928753342,60.7949));
#2534 = CARTESIAN_POINT('',(-7.589014910633,-13.11071246657,60.7949));
#2535 = CARTESIAN_POINT('',(-7.589014910633,-13.94289362548,60.7949));
#2536 = CARTESIAN_POINT('',(-7.589014910633,-14.83474045439,60.7949));
#2537 = CARTESIAN_POINT('',(-7.589014910633,-15.82456854376,60.7949));
#2538 = CARTESIAN_POINT('',(-7.589014910633,-17.04585018609,60.7949));
#2539 = ADVANCED_FACE('',(#2540),#2552,.F.);
#2540 = FACE_BOUND('',#2541,.T.);
#2541 = EDGE_LOOP('',(#2542,#2549,#2550,#2551));
#2542 = ORIENTED_EDGE('',*,*,#2543,.F.);
#2543 = EDGE_CURVE('',#808,#2379,#2544,.T.);
#2544 = CIRCLE('',#2545,3.175);
#2545 = AXIS2_PLACEMENT_3D('',#2546,#2547,#2548);
#2546 = CARTESIAN_POINT('',(-10.76401491063,4.7625,67.437));
#2547 = DIRECTION('',(-0.,0.,1.));
#2548 = DIRECTION('',(0.,-1.,0.));
#2549 = ORIENTED_EDGE('',*,*,#816,.T.);
#2550 = ORIENTED_EDGE('',*,*,#740,.T.);
#2551 = ORIENTED_EDGE('',*,*,#2420,.F.);
#2552 = TOROIDAL_SURFACE('',#2553,7.9375,3.175);
#2553 = AXIS2_PLACEMENT_3D('',#2554,#2555,#2556);
#2554 = CARTESIAN_POINT('',(-10.76401491063,12.7,67.437));
#2555 = DIRECTION('',(1.,0.,0.));
#2556 = DIRECTION('',(0.,-1.,0.));
#2557 = ADVANCED_FACE('',(#2558),#2570,.F.);
#2558 = FACE_BOUND('',#2559,.T.);
#2559 = EDGE_LOOP('',(#2560,#2561,#2562,#2563));
#2560 = ORIENTED_EDGE('',*,*,#859,.F.);
#2561 = ORIENTED_EDGE('',*,*,#799,.T.);
#2562 = ORIENTED_EDGE('',*,*,#2478,.T.);
#2563 = ORIENTED_EDGE('',*,*,#2564,.F.);
#2564 = EDGE_CURVE('',#860,#2479,#2565,.T.);
#2565 = CIRCLE('',#2566,4.7625);
#2566 = AXIS2_PLACEMENT_3D('',#2567,#2568,#2569);
#2567 = CARTESIAN_POINT('',(-10.76401491063,-12.7,67.437));
#2568 = DIRECTION('',(-1.,-0.,0.));
#2569 = DIRECTION('',(0.,-1.,-2.98390650188E-15));
#2570 = TOROIDAL_SURFACE('',#2571,7.9375,3.175);
#2571 = AXIS2_PLACEMENT_3D('',#2572,#2573,#2574);
#2572 = CARTESIAN_POINT('',(-10.76401491063,-12.7,67.437));
#2573 = DIRECTION('',(1.,0.,0.));
#2574 = DIRECTION('',(0.,-1.,-2.98390650188E-15));
#2575 = ADVANCED_FACE('',(#2576),#2582,.F.);
#2576 = FACE_BOUND('',#2577,.T.);
#2577 = EDGE_LOOP('',(#2578,#2579,#2580,#2581));
#2578 = ORIENTED_EDGE('',*,*,#2437,.F.);
#2579 = ORIENTED_EDGE('',*,*,#807,.T.);
#2580 = ORIENTED_EDGE('',*,*,#2543,.T.);
#2581 = ORIENTED_EDGE('',*,*,#2396,.F.);
#2582 = TOROIDAL_SURFACE('',#2583,7.9375,3.175);
#2583 = AXIS2_PLACEMENT_3D('',#2584,#2585,#2586);
#2584 = CARTESIAN_POINT('',(-10.76401491063,12.7,67.437));
#2585 = DIRECTION('',(1.,0.,0.));
#2586 = DIRECTION('',(0.,-1.,0.));
#2587 = ADVANCED_FACE('',(#2588),#2608,.F.);
#2588 = FACE_BOUND('',#2589,.T.);
#2589 = EDGE_LOOP('',(#2590,#2599,#2600,#2601));
#2590 = ORIENTED_EDGE('',*,*,#2591,.F.);
#2591 = EDGE_CURVE('',#935,#2592,#2594,.T.);
#2592 = VERTEX_POINT('',#2593);
#2593 = CARTESIAN_POINT('',(-10.76401491063,-17.4625,67.437));
#2594 = CIRCLE('',#2595,3.175);
#2595 = AXIS2_PLACEMENT_3D('',#2596,#2597,#2598);
#2596 = CARTESIAN_POINT('',(-10.76401491063,-20.6375,67.437));
#2597 = DIRECTION('',(0.,-2.98390650188E-15,1.));
#2598 = DIRECTION('',(0.,-1.,-2.98390650188E-15));
#2599 = ORIENTED_EDGE('',*,*,#943,.T.);
#2600 = ORIENTED_EDGE('',*,*,#849,.T.);
#2601 = ORIENTED_EDGE('',*,*,#2602,.F.);
#2602 = EDGE_CURVE('',#2592,#850,#2603,.T.);
#2603 = CIRCLE('',#2604,4.7625);
#2604 = AXIS2_PLACEMENT_3D('',#2605,#2606,#2607);
#2605 = CARTESIAN_POINT('',(-10.76401491063,-12.7,67.437));
#2606 = DIRECTION('',(-1.,-0.,0.));
#2607 = DIRECTION('',(0.,-1.,-2.98390650188E-15));
#2608 = TOROIDAL_SURFACE('',#2609,7.9375,3.175);
#2609 = AXIS2_PLACEMENT_3D('',#2610,#2611,#2612);
#2610 = CARTESIAN_POINT('',(-10.76401491063,-12.7,67.437));
#2611 = DIRECTION('',(1.,0.,0.));
#2612 = DIRECTION('',(0.,-1.,-2.98390650188E-15));
#2613 = ADVANCED_FACE('',(#2614),#2643,.T.);
#2614 = FACE_BOUND('',#2615,.F.);
#2615 = EDGE_LOOP('',(#2616,#2624,#2631,#2632,#2639,#2640,#2641,#2642));
#2616 = ORIENTED_EDGE('',*,*,#2617,.T.);
#2617 = EDGE_CURVE('',#2592,#2618,#2620,.T.);
#2618 = VERTEX_POINT('',#2619);
#2619 = CARTESIAN_POINT('',(-12.66901491063,-17.4625,67.437));
#2620 = LINE('',#2621,#2622);
#2621 = CARTESIAN_POINT('',(-7.589014910633,-17.4625,67.437));
#2622 = VECTOR('',#2623,1.);
#2623 = DIRECTION('',(-1.,0.,0.));
#2624 = ORIENTED_EDGE('',*,*,#2625,.T.);
#2625 = EDGE_CURVE('',#2618,#2618,#2626,.T.);
#2626 = CIRCLE('',#2627,4.7625);
#2627 = AXIS2_PLACEMENT_3D('',#2628,#2629,#2630);
#2628 = CARTESIAN_POINT('',(-12.66901491063,-12.7,67.437));
#2629 = DIRECTION('',(-1.,0.,0.));
#2630 = DIRECTION('',(0.,-1.,0.));
#2631 = ORIENTED_EDGE('',*,*,#2617,.F.);
#2632 = ORIENTED_EDGE('',*,*,#2633,.F.);
#2633 = EDGE_CURVE('',#2489,#2592,#2634,.T.);
#2634 = CIRCLE('',#2635,4.7625);
#2635 = AXIS2_PLACEMENT_3D('',#2636,#2637,#2638);
#2636 = CARTESIAN_POINT('',(-10.76401491063,-12.7,67.437));
#2637 = DIRECTION('',(-1.,-0.,0.));
#2638 = DIRECTION('',(0.,-1.,-2.98390650188E-15));
#2639 = ORIENTED_EDGE('',*,*,#2496,.F.);
#2640 = ORIENTED_EDGE('',*,*,#2564,.F.);
#2641 = ORIENTED_EDGE('',*,*,#867,.F.);
#2642 = ORIENTED_EDGE('',*,*,#2602,.F.);
#2643 = CYLINDRICAL_SURFACE('',#2644,4.7625);
#2644 = AXIS2_PLACEMENT_3D('',#2645,#2646,#2647);
#2645 = CARTESIAN_POINT('',(-7.589014910633,-12.7,67.437));
#2646 = DIRECTION('',(1.,0.,0.));
#2647 = DIRECTION('',(0.,-1.,0.));
#2648 = ADVANCED_FACE('',(#2649),#2655,.F.);
#2649 = FACE_BOUND('',#2650,.T.);
#2650 = EDGE_LOOP('',(#2651,#2652,#2653,#2654));
#2651 = ORIENTED_EDGE('',*,*,#2488,.F.);
#2652 = ORIENTED_EDGE('',*,*,#934,.T.);
#2653 = ORIENTED_EDGE('',*,*,#2591,.T.);
#2654 = ORIENTED_EDGE('',*,*,#2633,.F.);
#2655 = TOROIDAL_SURFACE('',#2656,7.9375,3.175);
#2656 = AXIS2_PLACEMENT_3D('',#2657,#2658,#2659);
#2657 = CARTESIAN_POINT('',(-10.76401491063,-12.7,67.437));
#2658 = DIRECTION('',(1.,0.,0.));
#2659 = DIRECTION('',(0.,-1.,-2.98390650188E-15));
#2660 = ADVANCED_FACE('',(#2661),#2684,.T.);
#2661 = FACE_BOUND('',#2662,.F.);
#2662 = EDGE_LOOP('',(#2663,#2664,#2665,#2666,#2667,#2668,#2669,#2670,
    #2671,#2672,#2673,#2674,#2675,#2676,#2677,#2678,#2679,#2680,#2681,
    #2682,#2683));
#2663 = ORIENTED_EDGE('',*,*,#966,.F.);
#2664 = ORIENTED_EDGE('',*,*,#1506,.F.);
#2665 = ORIENTED_EDGE('',*,*,#1478,.F.);
#2666 = ORIENTED_EDGE('',*,*,#1450,.F.);
#2667 = ORIENTED_EDGE('',*,*,#1422,.F.);
#2668 = ORIENTED_EDGE('',*,*,#1394,.F.);
#2669 = ORIENTED_EDGE('',*,*,#1366,.F.);
#2670 = ORIENTED_EDGE('',*,*,#1338,.F.);
#2671 = ORIENTED_EDGE('',*,*,#1310,.F.);
#2672 = ORIENTED_EDGE('',*,*,#1282,.F.);
#2673 = ORIENTED_EDGE('',*,*,#1254,.F.);
#2674 = ORIENTED_EDGE('',*,*,#1226,.F.);
#2675 = ORIENTED_EDGE('',*,*,#1198,.F.);
#2676 = ORIENTED_EDGE('',*,*,#1170,.F.);
#2677 = ORIENTED_EDGE('',*,*,#1142,.F.);
#2678 = ORIENTED_EDGE('',*,*,#1118,.F.);
#2679 = ORIENTED_EDGE('',*,*,#1094,.F.);
#2680 = ORIENTED_EDGE('',*,*,#1066,.F.);
#2681 = ORIENTED_EDGE('',*,*,#1042,.F.);
#2682 = ORIENTED_EDGE('',*,*,#1018,.F.);
#2683 = ORIENTED_EDGE('',*,*,#990,.F.);
#2684 = PLANE('',#2685);
#2685 = AXIS2_PLACEMENT_3D('',#2686,#2687,#2688);
#2686 = CARTESIAN_POINT('',(-4.977359834105,14.123276554424,73.0791));
#2687 = DIRECTION('',(0.,0.,1.));
#2688 = DIRECTION('',(-2.22044604925E-16,-1.,0.));
#2689 = ADVANCED_FACE('',(#2690),#2698,.T.);
#2690 = FACE_BOUND('',#2691,.F.);
#2691 = EDGE_LOOP('',(#2692,#2693,#2694,#2695,#2696,#2697));
#2692 = ORIENTED_EDGE('',*,*,#1530,.F.);
#2693 = ORIENTED_EDGE('',*,*,#1670,.F.);
#2694 = ORIENTED_EDGE('',*,*,#1642,.F.);
#2695 = ORIENTED_EDGE('',*,*,#1614,.F.);
#2696 = ORIENTED_EDGE('',*,*,#1586,.F.);
#2697 = ORIENTED_EDGE('',*,*,#1558,.F.);
#2698 = PLANE('',#2699);
#2699 = AXIS2_PLACEMENT_3D('',#2700,#2701,#2702);
#2700 = CARTESIAN_POINT('',(-3.917418653883,11.974310949704,73.0791));
#2701 = DIRECTION('',(0.,0.,1.));
#2702 = DIRECTION('',(-2.22044604925E-16,-1.,0.));
#2703 = ADVANCED_FACE('',(#2704),#2712,.T.);
#2704 = FACE_BOUND('',#2705,.F.);
#2705 = EDGE_LOOP('',(#2706,#2707,#2708,#2709,#2710,#2711));
#2706 = ORIENTED_EDGE('',*,*,#1694,.F.);
#2707 = ORIENTED_EDGE('',*,*,#1834,.F.);
#2708 = ORIENTED_EDGE('',*,*,#1806,.F.);
#2709 = ORIENTED_EDGE('',*,*,#1778,.F.);
#2710 = ORIENTED_EDGE('',*,*,#1750,.F.);
#2711 = ORIENTED_EDGE('',*,*,#1722,.F.);
#2712 = PLANE('',#2713);
#2713 = AXIS2_PLACEMENT_3D('',#2714,#2715,#2716);
#2714 = CARTESIAN_POINT('',(-3.917418653883,11.974310949704,73.0791));
#2715 = DIRECTION('',(0.,0.,1.));
#2716 = DIRECTION('',(-2.22044604925E-16,-1.,0.));
#2717 = ADVANCED_FACE('',(#2718),#2724,.T.);
#2718 = FACE_BOUND('',#2719,.F.);
#2719 = EDGE_LOOP('',(#2720,#2721,#2722,#2723));
#2720 = ORIENTED_EDGE('',*,*,#1858,.F.);
#2721 = ORIENTED_EDGE('',*,*,#1942,.F.);
#2722 = ORIENTED_EDGE('',*,*,#1914,.F.);
#2723 = ORIENTED_EDGE('',*,*,#1886,.F.);
#2724 = PLANE('',#2725);
#2725 = AXIS2_PLACEMENT_3D('',#2726,#2727,#2728);
#2726 = CARTESIAN_POINT('',(-6.374089254559,18.34318876197,73.0791));
#2727 = DIRECTION('',(0.,0.,1.));
#2728 = DIRECTION('',(-2.22044604925E-16,-1.,0.));
#2729 = ADVANCED_FACE('',(#2730),#2741,.T.);
#2730 = FACE_BOUND('',#2731,.F.);
#2731 = EDGE_LOOP('',(#2732,#2733,#2734,#2735,#2736,#2737,#2738,#2739,
    #2740));
#2732 = ORIENTED_EDGE('',*,*,#1970,.F.);
#2733 = ORIENTED_EDGE('',*,*,#2166,.F.);
#2734 = ORIENTED_EDGE('',*,*,#2142,.F.);
#2735 = ORIENTED_EDGE('',*,*,#2118,.F.);
#2736 = ORIENTED_EDGE('',*,*,#2094,.F.);
#2737 = ORIENTED_EDGE('',*,*,#2070,.F.);
#2738 = ORIENTED_EDGE('',*,*,#2042,.F.);
#2739 = ORIENTED_EDGE('',*,*,#2018,.F.);
#2740 = ORIENTED_EDGE('',*,*,#1994,.F.);
#2741 = PLANE('',#2742);
#2742 = AXIS2_PLACEMENT_3D('',#2743,#2744,#2745);
#2743 = CARTESIAN_POINT('',(-4.575261079562,16.496152914561,73.0791));
#2744 = DIRECTION('',(0.,0.,1.));
#2745 = DIRECTION('',(-2.22044604925E-16,-1.,0.));
#2746 = ADVANCED_FACE('',(#2747,#2756),#2794,.T.);
#2747 = FACE_BOUND('',#2748,.F.);
#2748 = EDGE_LOOP('',(#2749,#2750,#2751,#2752,#2753,#2754,#2755));
#2749 = ORIENTED_EDGE('',*,*,#2190,.F.);
#2750 = ORIENTED_EDGE('',*,*,#2358,.F.);
#2751 = ORIENTED_EDGE('',*,*,#2330,.F.);
#2752 = ORIENTED_EDGE('',*,*,#2302,.F.);
#2753 = ORIENTED_EDGE('',*,*,#2274,.F.);
#2754 = ORIENTED_EDGE('',*,*,#2246,.F.);
#2755 = ORIENTED_EDGE('',*,*,#2218,.F.);
#2756 = FACE_BOUND('',#2757,.F.);
#2757 = EDGE_LOOP('',(#2758,#2769,#2778,#2787));
#2758 = ORIENTED_EDGE('',*,*,#2759,.F.);
#2759 = EDGE_CURVE('',#2760,#2762,#2764,.T.);
#2760 = VERTEX_POINT('',#2761);
#2761 = CARTESIAN_POINT('',(-3.478756705051,20.13718174945,73.0791));
#2762 = VERTEX_POINT('',#2763);
#2763 = CARTESIAN_POINT('',(-5.02101545112,19.518936613836,73.0791));
#2764 = B_SPLINE_CURVE_WITH_KNOTS('',3,(#2765,#2766,#2767,#2768),
  .UNSPECIFIED.,.F.,.F.,(4,4),(0.,1.),.PIECEWISE_BEZIER_KNOTS.);
#2765 = CARTESIAN_POINT('',(-3.478756705051,20.13718174945,73.0791));
#2766 = CARTESIAN_POINT('',(-3.478756705051,19.734534589465,73.0791));
#2767 = CARTESIAN_POINT('',(-4.019935704658,19.518936613836,73.0791));
#2768 = CARTESIAN_POINT('',(-5.02101545112,19.518936613836,73.0791));
#2769 = ORIENTED_EDGE('',*,*,#2770,.F.);
#2770 = EDGE_CURVE('',#2771,#2760,#2773,.T.);
#2771 = VERTEX_POINT('',#2772);
#2772 = CARTESIAN_POINT('',(-5.025695580837,20.764943148821,73.0791));
#2773 = B_SPLINE_CURVE_WITH_KNOTS('',3,(#2774,#2775,#2776,#2777),
  .UNSPECIFIED.,.F.,.F.,(4,4),(0.,1.),.PIECEWISE_BEZIER_KNOTS.);
#2774 = CARTESIAN_POINT('',(-5.025695580837,20.764943148821,73.0791));
#2775 = CARTESIAN_POINT('',(-4.005583306859,20.764943148821,73.0791));
#2776 = CARTESIAN_POINT('',(-3.478756705051,20.549345173192,73.0791));
#2777 = CARTESIAN_POINT('',(-3.478756705051,20.13718174945,73.0791));
#2778 = ORIENTED_EDGE('',*,*,#2779,.F.);
#2779 = EDGE_CURVE('',#2780,#2771,#2782,.T.);
#2780 = VERTEX_POINT('',#2781);
#2781 = CARTESIAN_POINT('',(-6.534413397268,20.142017883491,73.0791));
#2782 = B_SPLINE_CURVE_WITH_KNOTS('',3,(#2783,#2784,#2785,#2786),
  .UNSPECIFIED.,.F.,.F.,(4,4),(0.,1.),.PIECEWISE_BEZIER_KNOTS.);
#2783 = CARTESIAN_POINT('',(-6.534413397268,20.142017883491,73.0791));
#2784 = CARTESIAN_POINT('',(-6.534413397268,20.554025302909,73.0791));
#2785 = CARTESIAN_POINT('',(-6.021939193258,20.764943148821,73.0791));
#2786 = CARTESIAN_POINT('',(-5.025695580837,20.764943148821,73.0791));
#2787 = ORIENTED_EDGE('',*,*,#2788,.F.);
#2788 = EDGE_CURVE('',#2762,#2780,#2789,.T.);
#2789 = B_SPLINE_CURVE_WITH_KNOTS('',3,(#2790,#2791,#2792,#2793),
  .UNSPECIFIED.,.F.,.F.,(4,4),(0.,1.),.PIECEWISE_BEZIER_KNOTS.);
#2790 = CARTESIAN_POINT('',(-5.02101545112,19.518936613836,73.0791));
#2791 = CARTESIAN_POINT('',(-6.021939193258,19.518936613836,73.0791));
#2792 = CARTESIAN_POINT('',(-6.534413397268,19.729854459748,73.0791));
#2793 = CARTESIAN_POINT('',(-6.534413397268,20.142017883491,73.0791));
#2794 = PLANE('',#2795);
#2795 = AXIS2_PLACEMENT_3D('',#2796,#2797,#2798);
#2796 = CARTESIAN_POINT('',(-5.011377965837,20.144646244783,73.0791));
#2797 = DIRECTION('',(0.,0.,1.));
#2798 = DIRECTION('',(-2.22044604925E-16,-1.,0.));
#2799 = ADVANCED_FACE('',(#2800,#2803),#2814,.F.);
#2800 = FACE_BOUND('',#2801,.T.);
#2801 = EDGE_LOOP('',(#2802));
#2802 = ORIENTED_EDGE('',*,*,#2388,.T.);
#2803 = FACE_BOUND('',#2804,.F.);
#2804 = EDGE_LOOP('',(#2805));
#2805 = ORIENTED_EDGE('',*,*,#2806,.T.);
#2806 = EDGE_CURVE('',#2807,#2807,#2809,.T.);
#2807 = VERTEX_POINT('',#2808);
#2808 = CARTESIAN_POINT('',(-12.66901491063,9.70026,67.437));
#2809 = CIRCLE('',#2810,2.99974);
#2810 = AXIS2_PLACEMENT_3D('',#2811,#2812,#2813);
#2811 = CARTESIAN_POINT('',(-12.66901491063,12.7,67.437));
#2812 = DIRECTION('',(-1.,0.,0.));
#2813 = DIRECTION('',(0.,-1.,0.));
#2814 = PLANE('',#2815);
#2815 = AXIS2_PLACEMENT_3D('',#2816,#2817,#2818);
#2816 = CARTESIAN_POINT('',(-12.66901491063,5.196886969472E-15,67.437));
#2817 = DIRECTION('',(1.,0.,0.));
#2818 = DIRECTION('',(0.,0.,1.));
#2819 = ADVANCED_FACE('',(#2820,#2823),#2834,.F.);
#2820 = FACE_BOUND('',#2821,.T.);
#2821 = EDGE_LOOP('',(#2822));
#2822 = ORIENTED_EDGE('',*,*,#2625,.T.);
#2823 = FACE_BOUND('',#2824,.F.);
#2824 = EDGE_LOOP('',(#2825));
#2825 = ORIENTED_EDGE('',*,*,#2826,.T.);
#2826 = EDGE_CURVE('',#2827,#2827,#2829,.T.);
#2827 = VERTEX_POINT('',#2828);
#2828 = CARTESIAN_POINT('',(-12.66901491063,-15.69974,67.437));
#2829 = CIRCLE('',#2830,2.99974);
#2830 = AXIS2_PLACEMENT_3D('',#2831,#2832,#2833);
#2831 = CARTESIAN_POINT('',(-12.66901491063,-12.7,67.437));
#2832 = DIRECTION('',(-1.,0.,0.));
#2833 = DIRECTION('',(0.,-1.,0.));
#2834 = PLANE('',#2835);
#2835 = AXIS2_PLACEMENT_3D('',#2836,#2837,#2838);
#2836 = CARTESIAN_POINT('',(-12.66901491063,5.196886969472E-15,67.437));
#2837 = DIRECTION('',(1.,0.,0.));
#2838 = DIRECTION('',(0.,0.,1.));
#2839 = ADVANCED_FACE('',(#2840),#2866,.F.);
#2840 = FACE_BOUND('',#2841,.F.);
#2841 = EDGE_LOOP('',(#2842,#2850,#2851,#2859));
#2842 = ORIENTED_EDGE('',*,*,#2843,.T.);
#2843 = EDGE_CURVE('',#2844,#2760,#2846,.T.);
#2844 = VERTEX_POINT('',#2845);
#2845 = CARTESIAN_POINT('',(-3.478756705051,20.13718174945,74.0791));
#2846 = LINE('',#2847,#2848);
#2847 = CARTESIAN_POINT('',(-3.478756705051,20.13718174945,74.0791));
#2848 = VECTOR('',#2849,1.);
#2849 = DIRECTION('',(-0.,-0.,-1.));
#2850 = ORIENTED_EDGE('',*,*,#2759,.T.);
#2851 = ORIENTED_EDGE('',*,*,#2852,.F.);
#2852 = EDGE_CURVE('',#2853,#2762,#2855,.T.);
#2853 = VERTEX_POINT('',#2854);
#2854 = CARTESIAN_POINT('',(-5.02101545112,19.518936613836,74.0791));
#2855 = LINE('',#2856,#2857);
#2856 = CARTESIAN_POINT('',(-5.02101545112,19.518936613836,74.0791));
#2857 = VECTOR('',#2858,1.);
#2858 = DIRECTION('',(-0.,-0.,-1.));
#2859 = ORIENTED_EDGE('',*,*,#2860,.F.);
#2860 = EDGE_CURVE('',#2844,#2853,#2861,.T.);
#2861 = B_SPLINE_CURVE_WITH_KNOTS('',3,(#2862,#2863,#2864,#2865),
  .UNSPECIFIED.,.F.,.F.,(4,4),(0.,1.),.PIECEWISE_BEZIER_KNOTS.);
#2862 = CARTESIAN_POINT('',(-3.478756705051,20.13718174945,74.0791));
#2863 = CARTESIAN_POINT('',(-3.478756705051,19.734534589465,74.0791));
#2864 = CARTESIAN_POINT('',(-4.019935704658,19.518936613836,74.0791));
#2865 = CARTESIAN_POINT('',(-5.02101545112,19.518936613836,74.0791));
#2866 = SURFACE_OF_LINEAR_EXTRUSION('',#2867,#2872);
#2867 = B_SPLINE_CURVE_WITH_KNOTS('',3,(#2868,#2869,#2870,#2871),
  .UNSPECIFIED.,.F.,.F.,(4,4),(0.,1.),.PIECEWISE_BEZIER_KNOTS.);
#2868 = CARTESIAN_POINT('',(-3.478756705051,20.13718174945,74.0791));
#2869 = CARTESIAN_POINT('',(-3.478756705051,19.734534589465,74.0791));
#2870 = CARTESIAN_POINT('',(-4.019935704658,19.518936613836,74.0791));
#2871 = CARTESIAN_POINT('',(-5.02101545112,19.518936613836,74.0791));
#2872 = VECTOR('',#2873,1.);
#2873 = DIRECTION('',(0.,0.,1.));
#2874 = ADVANCED_FACE('',(#2875),#2894,.F.);
#2875 = FACE_BOUND('',#2876,.F.);
#2876 = EDGE_LOOP('',(#2877,#2885,#2886,#2887));
#2877 = ORIENTED_EDGE('',*,*,#2878,.T.);
#2878 = EDGE_CURVE('',#2879,#2771,#2881,.T.);
#2879 = VERTEX_POINT('',#2880);
#2880 = CARTESIAN_POINT('',(-5.025695580837,20.764943148821,74.0791));
#2881 = LINE('',#2882,#2883);
#2882 = CARTESIAN_POINT('',(-5.025695580837,20.764943148821,74.0791));
#2883 = VECTOR('',#2884,1.);
#2884 = DIRECTION('',(-0.,-0.,-1.));
#2885 = ORIENTED_EDGE('',*,*,#2770,.T.);
#2886 = ORIENTED_EDGE('',*,*,#2843,.F.);
#2887 = ORIENTED_EDGE('',*,*,#2888,.F.);
#2888 = EDGE_CURVE('',#2879,#2844,#2889,.T.);
#2889 = B_SPLINE_CURVE_WITH_KNOTS('',3,(#2890,#2891,#2892,#2893),
  .UNSPECIFIED.,.F.,.F.,(4,4),(0.,1.),.PIECEWISE_BEZIER_KNOTS.);
#2890 = CARTESIAN_POINT('',(-5.025695580837,20.764943148821,74.0791));
#2891 = CARTESIAN_POINT('',(-4.005583306859,20.764943148821,74.0791));
#2892 = CARTESIAN_POINT('',(-3.478756705051,20.549345173192,74.0791));
#2893 = CARTESIAN_POINT('',(-3.478756705051,20.13718174945,74.0791));
#2894 = SURFACE_OF_LINEAR_EXTRUSION('',#2895,#2900);
#2895 = B_SPLINE_CURVE_WITH_KNOTS('',3,(#2896,#2897,#2898,#2899),
  .UNSPECIFIED.,.F.,.F.,(4,4),(0.,1.),.PIECEWISE_BEZIER_KNOTS.);
#2896 = CARTESIAN_POINT('',(-5.025695580837,20.764943148821,74.0791));
#2897 = CARTESIAN_POINT('',(-4.005583306859,20.764943148821,74.0791));
#2898 = CARTESIAN_POINT('',(-3.478756705051,20.549345173192,74.0791));
#2899 = CARTESIAN_POINT('',(-3.478756705051,20.13718174945,74.0791));
#2900 = VECTOR('',#2901,1.);
#2901 = DIRECTION('',(0.,0.,1.));
#2902 = ADVANCED_FACE('',(#2903),#2922,.F.);
#2903 = FACE_BOUND('',#2904,.F.);
#2904 = EDGE_LOOP('',(#2905,#2913,#2914,#2915));
#2905 = ORIENTED_EDGE('',*,*,#2906,.T.);
#2906 = EDGE_CURVE('',#2907,#2780,#2909,.T.);
#2907 = VERTEX_POINT('',#2908);
#2908 = CARTESIAN_POINT('',(-6.534413397268,20.142017883491,74.0791));
#2909 = LINE('',#2910,#2911);
#2910 = CARTESIAN_POINT('',(-6.534413397268,20.142017883491,74.0791));
#2911 = VECTOR('',#2912,1.);
#2912 = DIRECTION('',(-0.,-0.,-1.));
#2913 = ORIENTED_EDGE('',*,*,#2779,.T.);
#2914 = ORIENTED_EDGE('',*,*,#2878,.F.);
#2915 = ORIENTED_EDGE('',*,*,#2916,.F.);
#2916 = EDGE_CURVE('',#2907,#2879,#2917,.T.);
#2917 = B_SPLINE_CURVE_WITH_KNOTS('',3,(#2918,#2919,#2920,#2921),
  .UNSPECIFIED.,.F.,.F.,(4,4),(0.,1.),.PIECEWISE_BEZIER_KNOTS.);
#2918 = CARTESIAN_POINT('',(-6.534413397268,20.142017883491,74.0791));
#2919 = CARTESIAN_POINT('',(-6.534413397268,20.554025302909,74.0791));
#2920 = CARTESIAN_POINT('',(-6.021939193258,20.764943148821,74.0791));
#2921 = CARTESIAN_POINT('',(-5.025695580837,20.764943148821,74.0791));
#2922 = SURFACE_OF_LINEAR_EXTRUSION('',#2923,#2928);
#2923 = B_SPLINE_CURVE_WITH_KNOTS('',3,(#2924,#2925,#2926,#2927),
  .UNSPECIFIED.,.F.,.F.,(4,4),(0.,1.),.PIECEWISE_BEZIER_KNOTS.);
#2924 = CARTESIAN_POINT('',(-6.534413397268,20.142017883491,74.0791));
#2925 = CARTESIAN_POINT('',(-6.534413397268,20.554025302909,74.0791));
#2926 = CARTESIAN_POINT('',(-6.021939193258,20.764943148821,74.0791));
#2927 = CARTESIAN_POINT('',(-5.025695580837,20.764943148821,74.0791));
#2928 = VECTOR('',#2929,1.);
#2929 = DIRECTION('',(0.,0.,1.));
#2930 = ADVANCED_FACE('',(#2931),#2943,.F.);
#2931 = FACE_BOUND('',#2932,.F.);
#2932 = EDGE_LOOP('',(#2933,#2934,#2935,#2936));
#2933 = ORIENTED_EDGE('',*,*,#2852,.T.);
#2934 = ORIENTED_EDGE('',*,*,#2788,.T.);
#2935 = ORIENTED_EDGE('',*,*,#2906,.F.);
#2936 = ORIENTED_EDGE('',*,*,#2937,.F.);
#2937 = EDGE_CURVE('',#2853,#2907,#2938,.T.);
#2938 = B_SPLINE_CURVE_WITH_KNOTS('',3,(#2939,#2940,#2941,#2942),
  .UNSPECIFIED.,.F.,.F.,(4,4),(0.,1.),.PIECEWISE_BEZIER_KNOTS.);
#2939 = CARTESIAN_POINT('',(-5.02101545112,19.518936613836,74.0791));
#2940 = CARTESIAN_POINT('',(-6.021939193258,19.518936613836,74.0791));
#2941 = CARTESIAN_POINT('',(-6.534413397268,19.729854459748,74.0791));
#2942 = CARTESIAN_POINT('',(-6.534413397268,20.142017883491,74.0791));
#2943 = SURFACE_OF_LINEAR_EXTRUSION('',#2944,#2949);
#2944 = B_SPLINE_CURVE_WITH_KNOTS('',3,(#2945,#2946,#2947,#2948),
  .UNSPECIFIED.,.F.,.F.,(4,4),(0.,1.),.PIECEWISE_BEZIER_KNOTS.);
#2945 = CARTESIAN_POINT('',(-5.02101545112,19.518936613836,74.0791));
#2946 = CARTESIAN_POINT('',(-6.021939193258,19.518936613836,74.0791));
#2947 = CARTESIAN_POINT('',(-6.534413397268,19.729854459748,74.0791));
#2948 = CARTESIAN_POINT('',(-6.534413397268,20.142017883491,74.0791));
#2949 = VECTOR('',#2950,1.);
#2950 = DIRECTION('',(0.,0.,1.));
#2951 = ADVANCED_FACE('',(#2952),#2971,.F.);
#2952 = FACE_BOUND('',#2953,.T.);
#2953 = EDGE_LOOP('',(#2954,#2962,#2963,#2964));
#2954 = ORIENTED_EDGE('',*,*,#2955,.T.);
#2955 = EDGE_CURVE('',#2956,#2807,#2958,.T.);
#2956 = VERTEX_POINT('',#2957);
#2957 = CARTESIAN_POINT('',(-7.589014910633,9.70026,67.437));
#2958 = LINE('',#2959,#2960);
#2959 = CARTESIAN_POINT('',(-7.589014910633,9.70026,67.437));
#2960 = VECTOR('',#2961,1.);
#2961 = DIRECTION('',(-1.,0.,0.));
#2962 = ORIENTED_EDGE('',*,*,#2806,.T.);
#2963 = ORIENTED_EDGE('',*,*,#2955,.F.);
#2964 = ORIENTED_EDGE('',*,*,#2965,.F.);
#2965 = EDGE_CURVE('',#2956,#2956,#2966,.T.);
#2966 = CIRCLE('',#2967,2.99974);
#2967 = AXIS2_PLACEMENT_3D('',#2968,#2969,#2970);
#2968 = CARTESIAN_POINT('',(-7.589014910633,12.7,67.437));
#2969 = DIRECTION('',(-1.,0.,0.));
#2970 = DIRECTION('',(0.,-1.,0.));
#2971 = CYLINDRICAL_SURFACE('',#2972,2.99974);
#2972 = AXIS2_PLACEMENT_3D('',#2973,#2974,#2975);
#2973 = CARTESIAN_POINT('',(-7.589014910633,12.7,67.437));
#2974 = DIRECTION('',(1.,0.,0.));
#2975 = DIRECTION('',(0.,-1.,0.));
#2976 = ADVANCED_FACE('',(#2977),#2996,.F.);
#2977 = FACE_BOUND('',#2978,.T.);
#2978 = EDGE_LOOP('',(#2979,#2987,#2988,#2989));
#2979 = ORIENTED_EDGE('',*,*,#2980,.T.);
#2980 = EDGE_CURVE('',#2981,#2827,#2983,.T.);
#2981 = VERTEX_POINT('',#2982);
#2982 = CARTESIAN_POINT('',(-7.589014910633,-15.69974,67.437));
#2983 = LINE('',#2984,#2985);
#2984 = CARTESIAN_POINT('',(-7.589014910633,-15.69974,67.437));
#2985 = VECTOR('',#2986,1.);
#2986 = DIRECTION('',(-1.,0.,0.));
#2987 = ORIENTED_EDGE('',*,*,#2826,.T.);
#2988 = ORIENTED_EDGE('',*,*,#2980,.F.);
#2989 = ORIENTED_EDGE('',*,*,#2990,.F.);
#2990 = EDGE_CURVE('',#2981,#2981,#2991,.T.);
#2991 = CIRCLE('',#2992,2.99974);
#2992 = AXIS2_PLACEMENT_3D('',#2993,#2994,#2995);
#2993 = CARTESIAN_POINT('',(-7.589014910633,-12.7,67.437));
#2994 = DIRECTION('',(-1.,0.,0.));
#2995 = DIRECTION('',(0.,-1.,0.));
#2996 = CYLINDRICAL_SURFACE('',#2997,2.99974);
#2997 = AXIS2_PLACEMENT_3D('',#2998,#2999,#3000);
#2998 = CARTESIAN_POINT('',(-7.589014910633,-12.7,67.437));
#2999 = DIRECTION('',(1.,0.,0.));
#3000 = DIRECTION('',(0.,-1.,0.));
#3001 = ADVANCED_FACE('',(#3002),#3008,.T.);
#3002 = FACE_BOUND('',#3003,.T.);
#3003 = EDGE_LOOP('',(#3004,#3005,#3006,#3007));
#3004 = ORIENTED_EDGE('',*,*,#2860,.F.);
#3005 = ORIENTED_EDGE('',*,*,#2888,.F.);
#3006 = ORIENTED_EDGE('',*,*,#2916,.F.);
#3007 = ORIENTED_EDGE('',*,*,#2937,.F.);
#3008 = PLANE('',#3009);
#3009 = AXIS2_PLACEMENT_3D('',#3010,#3011,#3012);
#3010 = CARTESIAN_POINT('',(-7.589014910633,22.225,74.0791));
#3011 = DIRECTION('',(0.,2.22044604925E-16,1.));
#3012 = DIRECTION('',(1.,0.,0.));
#3013 = ADVANCED_FACE('',(#3014),#3017,.F.);
#3014 = FACE_BOUND('',#3015,.F.);
#3015 = EDGE_LOOP('',(#3016));
#3016 = ORIENTED_EDGE('',*,*,#2965,.F.);
#3017 = PLANE('',#3018);
#3018 = AXIS2_PLACEMENT_3D('',#3019,#3020,#3021);
#3019 = CARTESIAN_POINT('',(-7.589014910633,22.225,74.0791));
#3020 = DIRECTION('',(1.,0.,0.));
#3021 = DIRECTION('',(0.,-2.22044604925E-16,-1.));
#3022 = ADVANCED_FACE('',(#3023),#3026,.F.);
#3023 = FACE_BOUND('',#3024,.F.);
#3024 = EDGE_LOOP('',(#3025));
#3025 = ORIENTED_EDGE('',*,*,#2990,.F.);
#3026 = PLANE('',#3027);
#3027 = AXIS2_PLACEMENT_3D('',#3028,#3029,#3030);
#3028 = CARTESIAN_POINT('',(-7.589014910633,22.225,74.0791));
#3029 = DIRECTION('',(1.,0.,0.));
#3030 = DIRECTION('',(0.,-2.22044604925E-16,-1.));
#3031 = ( GEOMETRIC_REPRESENTATION_CONTEXT(3) 
GLOBAL_UNCERTAINTY_ASSIGNED_CONTEXT((#3035)) 
GLOBAL_UNIT_ASSIGNED_CONTEXT((#3032,#3033,#3034)) REPRESENTATION_CONTEXT
('Context #1','3D Context with UNIT and UNCERTAINTY') );
#3032 = ( LENGTH_UNIT() NAMED_UNIT(*) SI_UNIT(.MILLI.,.METRE.) );
#3033 = ( NAMED_UNIT(*) PLANE_ANGLE_UNIT() SI_UNIT($,.RADIAN.) );
#3034 = ( NAMED_UNIT(*) SI_UNIT($,.STERADIAN.) SOLID_ANGLE_UNIT() );
#3035 = UNCERTAINTY_MEASURE_WITH_UNIT(LENGTH_MEASURE(1.E-05),#3032,
  'distance_accuracy_value','confusion accuracy');
#3036 = PRODUCT_RELATED_PRODUCT_CATEGORY('part',$,(#7));
#3037 = MECHANICAL_DESIGN_GEOMETRIC_PRESENTATION_REPRESENTATION('',(
    #3038),#3031);
#3038 = STYLED_ITEM('color',(#3039),#15);
#3039 = PRESENTATION_STYLE_ASSIGNMENT((#3040,#3046));
#3040 = SURFACE_STYLE_USAGE(.BOTH.,#3041);
#3041 = SURFACE_SIDE_STYLE('',(#3042));
#3042 = SURFACE_STYLE_FILL_AREA(#3043);
#3043 = FILL_AREA_STYLE('',(#3044));
#3044 = FILL_AREA_STYLE_COLOUR('',#3045);
#3045 = COLOUR_RGB('',0.678431390124,0.709803936702,0.741176476869);
#3046 = CURVE_STYLE('',#3047,POSITIVE_LENGTH_MEASURE(0.1),#3048);
#3047 = DRAUGHTING_PRE_DEFINED_CURVE_FONT('continuous');
#3048 = COLOUR_RGB('',9.803921802644E-02,9.803921802644E-02,
  9.803921802644E-02);
ENDSEC;
END-ISO-10303-21;
