ISO-10303-21;
HEADER;
FILE_DESCRIPTION(('FreeCAD Model'),'2;1');
FILE_NAME('Open CASCADE Shape Model','2026-06-11T06:38:10',(''),(''),
  'Open CASCADE STEP processor 7.8','FreeCAD','Unknown');
FILE_SCHEMA(('AUTOMOTIVE_DESIGN { 1 0 10303 214 1 1 1 1 }'));
ENDSEC;
DATA;
#1 = APPLICATION_PROTOCOL_DEFINITION('international standard',
  'automotive_design',2000,#2);
#2 = APPLICATION_CONTEXT(
  'core data for automotive mechanical design processes');
#3 = SHAPE_DEFINITION_REPRESENTATION(#4,#10);
#4 = PRODUCT_DEFINITION_SHAPE('','',#5);
#5 = PRODUCT_DEFINITION('design','',#6,#9);
#6 = PRODUCT_DEFINITION_FORMATION('','',#7);
#7 = PRODUCT('Pad005','Pad005','',(#8));
#8 = PRODUCT_CONTEXT('',#2,'mechanical');
#9 = PRODUCT_DEFINITION_CONTEXT('part definition',#2,'design');
#10 = ADVANCED_BREP_SHAPE_REPRESENTATION('',(#11,#15),#3980);
#11 = AXIS2_PLACEMENT_3D('',#12,#13,#14);
#12 = CARTESIAN_POINT('',(0.,0.,0.));
#13 = DIRECTION('',(0.,0.,1.));
#14 = DIRECTION('',(1.,0.,-0.));
#15 = MANIFOLD_SOLID_BREP('',#16);
#16 = CLOSED_SHELL('',(#17,#58,#753,#786,#863,#921,#954,#987,#1052,#1084
    ,#1115,#1143,#1167,#1191,#1219,#1243,#1267,#1295,#1323,#1351,#1379,
    #1407,#1435,#1463,#1491,#1519,#1547,#1575,#1603,#1631,#1648,#1683,
    #1711,#1739,#1767,#1795,#1812,#1847,#1875,#1903,#1931,#1959,#1976,
    #2007,#2035,#2059,#2083,#2111,#2139,#2167,#2195,#2219,#2247,#2275,
    #2303,#2327,#2351,#2375,#2392,#2427,#2455,#2483,#2511,#2539,#2567,
    #2595,#2623,#2640,#2675,#2703,#2731,#2752,#2787,#2815,#2843,#2871,
    #2899,#2927,#2948,#3005,#3048,#3081,#3146,#3164,#3182,#3194,#3225,
    #3251,#3286,#3298,#3327,#3341,#3355,#3379,#3443,#3455,#3508,#3528,
    #3559,#3583,#3603,#3638,#3666,#3694,#3722,#3743,#3778,#3806,#3834,
    #3855,#3880,#3905,#3918,#3930,#3939,#3948,#3964));
#17 = ADVANCED_FACE('',(#18),#53,.F.);
#18 = FACE_BOUND('',#19,.F.);
#19 = EDGE_LOOP('',(#20,#30,#39,#47));
#20 = ORIENTED_EDGE('',*,*,#21,.T.);
#21 = EDGE_CURVE('',#22,#24,#26,.T.);
#22 = VERTEX_POINT('',#23);
#23 = CARTESIAN_POINT('',(-7.589014910633,22.225,74.0791));
#24 = VERTEX_POINT('',#25);
#25 = CARTESIAN_POINT('',(-7.589014910633,17.045850186097,74.0791));
#26 = LINE('',#27,#28);
#27 = CARTESIAN_POINT('',(-7.589014910633,22.225,74.0791));
#28 = VECTOR('',#29,1.);
#29 = DIRECTION('',(0.,-1.,2.22044604925E-16));
#30 = ORIENTED_EDGE('',*,*,#31,.T.);
#31 = EDGE_CURVE('',#24,#32,#34,.T.);
#32 = VERTEX_POINT('',#33);
#33 = CARTESIAN_POINT('',(-7.589014910633,17.045850186097,60.7949));
#34 = CIRCLE('',#35,7.9375);
#35 = AXIS2_PLACEMENT_3D('',#36,#37,#38);
#36 = CARTESIAN_POINT('',(-7.589014910633,12.7,67.437));
#37 = DIRECTION('',(-1.,0.,0.));
#38 = DIRECTION('',(0.,-1.,0.));
#39 = ORIENTED_EDGE('',*,*,#40,.F.);
#40 = EDGE_CURVE('',#41,#32,#43,.T.);
#41 = VERTEX_POINT('',#42);
#42 = CARTESIAN_POINT('',(-7.589014910633,22.225,60.7949));
#43 = LINE('',#44,#45);
#44 = CARTESIAN_POINT('',(-7.589014910633,22.225,60.7949));
#45 = VECTOR('',#46,1.);
#46 = DIRECTION('',(0.,-1.,2.22044604925E-16));
#47 = ORIENTED_EDGE('',*,*,#48,.F.);
#48 = EDGE_CURVE('',#22,#41,#49,.T.);
#49 = LINE('',#50,#51);
#50 = CARTESIAN_POINT('',(-7.589014910633,22.225,74.0791));
#51 = VECTOR('',#52,1.);
#52 = DIRECTION('',(0.,-2.22044604925E-16,-1.));
#53 = PLANE('',#54);
#54 = AXIS2_PLACEMENT_3D('',#55,#56,#57);
#55 = CARTESIAN_POINT('',(-7.589014910633,22.225,74.0791));
#56 = DIRECTION('',(1.,0.,0.));
#57 = DIRECTION('',(0.,-2.22044604925E-16,-1.));
#58 = ADVANCED_FACE('',(#59,#130,#315,#370,#425,#563,#645,#683),#748,.T.
  );
#59 = FACE_BOUND('',#60,.T.);
#60 = EDGE_LOOP('',(#61,#62,#77,#85,#100,#108,#116,#124));
#61 = ORIENTED_EDGE('',*,*,#21,.T.);
#62 = ORIENTED_EDGE('',*,*,#63,.F.);
#63 = EDGE_CURVE('',#64,#24,#66,.T.);
#64 = VERTEX_POINT('',#65);
#65 = CARTESIAN_POINT('',(-7.589014910633,8.354149813903,74.0791));
#66 = ( BOUNDED_CURVE() B_SPLINE_CURVE(9,(#67,#68,#69,#70,#71,#72,#73,
#74,#75,#76),.UNSPECIFIED.,.F.,.F.) B_SPLINE_CURVE_WITH_KNOTS((10,10),(
4.721600563207,10.240234449514),.PIECEWISE_BEZIER_KNOTS.) CURVE() 
GEOMETRIC_REPRESENTATION_ITEM() RATIONAL_B_SPLINE_CURVE((1.,1.,1.,1.,1.,
1.,1.,1.,1.,1.)) REPRESENTATION_ITEM('') );
#67 = CARTESIAN_POINT('',(-7.589014910633,8.354149813903,74.0791));
#68 = CARTESIAN_POINT('',(-7.589014910633,9.575431456238,74.0791));
#69 = CARTESIAN_POINT('',(-7.589014910633,10.565259545603,74.0791));
#70 = CARTESIAN_POINT('',(-7.589014910633,11.457106374514,74.0791));
#71 = CARTESIAN_POINT('',(-7.589014910633,12.289287533421,74.0791));
#72 = CARTESIAN_POINT('',(-7.589014910633,13.110712466579,74.0791));
#73 = CARTESIAN_POINT('',(-7.589014910633,13.942893625486,74.0791));
#74 = CARTESIAN_POINT('',(-7.589014910633,14.834740454397,74.0791));
#75 = CARTESIAN_POINT('',(-7.589014910633,15.824568543762,74.0791));
#76 = CARTESIAN_POINT('',(-7.589014910633,17.045850186097,74.0791));
#77 = ORIENTED_EDGE('',*,*,#78,.T.);
#78 = EDGE_CURVE('',#64,#79,#81,.T.);
#79 = VERTEX_POINT('',#80);
#80 = CARTESIAN_POINT('',(-7.589014910633,-8.354149813903,74.0791));
#81 = LINE('',#82,#83);
#82 = CARTESIAN_POINT('',(-7.589014910633,22.225,74.0791));
#83 = VECTOR('',#84,1.);
#84 = DIRECTION('',(0.,-1.,2.22044604925E-16));
#85 = ORIENTED_EDGE('',*,*,#86,.F.);
#86 = EDGE_CURVE('',#87,#79,#89,.T.);
#87 = VERTEX_POINT('',#88);
#88 = CARTESIAN_POINT('',(-7.589014910633,-17.04585018609,74.0791));
#89 = ( BOUNDED_CURVE() B_SPLINE_CURVE(9,(#90,#91,#92,#93,#94,#95,#96,
#97,#98,#99),.UNSPECIFIED.,.F.,.F.) B_SPLINE_CURVE_WITH_KNOTS((10,10),(
4.721600563207,10.240234449514),.PIECEWISE_BEZIER_KNOTS.) CURVE() 
GEOMETRIC_REPRESENTATION_ITEM() RATIONAL_B_SPLINE_CURVE((1.,1.,1.,1.,1.,
1.,1.,1.,1.,1.)) REPRESENTATION_ITEM('') );
#90 = CARTESIAN_POINT('',(-7.589014910633,-17.04585018609,74.0791));
#91 = CARTESIAN_POINT('',(-7.589014910633,-15.82456854376,74.0791));
#92 = CARTESIAN_POINT('',(-7.589014910633,-14.83474045439,74.0791));
#93 = CARTESIAN_POINT('',(-7.589014910633,-13.94289362548,74.0791));
#94 = CARTESIAN_POINT('',(-7.589014910633,-13.11071246657,74.0791));
#95 = CARTESIAN_POINT('',(-7.589014910633,-12.28928753342,74.0791));
#96 = CARTESIAN_POINT('',(-7.589014910633,-11.45710637451,74.0791));
#97 = CARTESIAN_POINT('',(-7.589014910633,-10.5652595456,74.0791));
#98 = CARTESIAN_POINT('',(-7.589014910633,-9.575431456238,74.0791));
#99 = CARTESIAN_POINT('',(-7.589014910633,-8.354149813903,74.0791));
#100 = ORIENTED_EDGE('',*,*,#101,.T.);
#101 = EDGE_CURVE('',#87,#102,#104,.T.);
#102 = VERTEX_POINT('',#103);
#103 = CARTESIAN_POINT('',(-7.589014910633,-22.225,74.0791));
#104 = LINE('',#105,#106);
#105 = CARTESIAN_POINT('',(-7.589014910633,22.225,74.0791));
#106 = VECTOR('',#107,1.);
#107 = DIRECTION('',(0.,-1.,2.22044604925E-16));
#108 = ORIENTED_EDGE('',*,*,#109,.T.);
#109 = EDGE_CURVE('',#102,#110,#112,.T.);
#110 = VERTEX_POINT('',#111);
#111 = CARTESIAN_POINT('',(1.935985089367,-22.225,74.0791));
#112 = LINE('',#113,#114);
#113 = CARTESIAN_POINT('',(-7.589014910633,-22.225,74.0791));
#114 = VECTOR('',#115,1.);
#115 = DIRECTION('',(1.,0.,0.));
#116 = ORIENTED_EDGE('',*,*,#117,.F.);
#117 = EDGE_CURVE('',#118,#110,#120,.T.);
#118 = VERTEX_POINT('',#119);
#119 = CARTESIAN_POINT('',(1.935985089367,22.225,74.0791));
#120 = LINE('',#121,#122);
#121 = CARTESIAN_POINT('',(1.935985089367,22.225,74.0791));
#122 = VECTOR('',#123,1.);
#123 = DIRECTION('',(0.,-1.,2.22044604925E-16));
#124 = ORIENTED_EDGE('',*,*,#125,.F.);
#125 = EDGE_CURVE('',#22,#118,#126,.T.);
#126 = LINE('',#127,#128);
#127 = CARTESIAN_POINT('',(-7.589014910633,22.225,74.0791));
#128 = VECTOR('',#129,1.);
#129 = DIRECTION('',(1.,0.,0.));
#130 = FACE_BOUND('',#131,.T.);
#131 = EDGE_LOOP('',(#132,#142,#150,#159,#168,#177,#186,#195,#204,#213,
    #222,#231,#240,#249,#258,#267,#275,#283,#292,#300,#308));
#132 = ORIENTED_EDGE('',*,*,#133,.F.);
#133 = EDGE_CURVE('',#134,#136,#138,.T.);
#134 = VERTEX_POINT('',#135);
#135 = CARTESIAN_POINT('',(-3.792637404736,12.085798593003,74.0791));
#136 = VERTEX_POINT('',#137);
#137 = CARTESIAN_POINT('',(-3.792637404736,11.146496558805,74.0791));
#138 = LINE('',#139,#140);
#139 = CARTESIAN_POINT('',(-3.792637404736,12.085798593003,74.0791));
#140 = VECTOR('',#141,1.);
#141 = DIRECTION('',(-2.22044604925E-16,-1.,0.));
#142 = ORIENTED_EDGE('',*,*,#143,.F.);
#143 = EDGE_CURVE('',#144,#134,#146,.T.);
#144 = VERTEX_POINT('',#145);
#145 = CARTESIAN_POINT('',(-4.200900720381,12.287044170833,74.0791));
#146 = LINE('',#147,#148);
#147 = CARTESIAN_POINT('',(-4.200900720381,12.287044170833,74.0791));
#148 = VECTOR('',#149,1.);
#149 = DIRECTION('',(0.896949078742,-0.442133859984,0.));
#150 = ORIENTED_EDGE('',*,*,#151,.F.);
#151 = EDGE_CURVE('',#152,#144,#154,.T.);
#152 = VERTEX_POINT('',#153);
#153 = CARTESIAN_POINT('',(-4.623360429501,11.237603083962,74.0791));
#154 = B_SPLINE_CURVE_WITH_KNOTS('',3,(#155,#156,#157,#158),
  .UNSPECIFIED.,.F.,.F.,(4,4),(0.,1.),.PIECEWISE_BEZIER_KNOTS.);
#155 = CARTESIAN_POINT('',(-4.623360429501,11.237603083962,74.0791));
#156 = CARTESIAN_POINT('',(-4.412130574941,11.448520929874,74.0791));
#157 = CARTESIAN_POINT('',(-4.30167951362,11.721684501022,74.0791));
#158 = CARTESIAN_POINT('',(-4.200900720381,12.287044170833,74.0791));
#159 = ORIENTED_EDGE('',*,*,#160,.F.);
#160 = EDGE_CURVE('',#161,#152,#163,.T.);
#161 = VERTEX_POINT('',#162);
#162 = CARTESIAN_POINT('',(-5.430058788384,10.911710051336,74.0791));
#163 = B_SPLINE_CURVE_WITH_KNOTS('',3,(#164,#165,#166,#167),
  .UNSPECIFIED.,.F.,.F.,(4,4),(0.,1.),.PIECEWISE_BEZIER_KNOTS.);
#164 = CARTESIAN_POINT('',(-5.430058788384,10.911710051336,74.0791));
#165 = CARTESIAN_POINT('',(-5.084353206623,10.911710051336,74.0791));
#166 = CARTESIAN_POINT('',(-4.863451083982,11.002816576494,74.0791));
#167 = CARTESIAN_POINT('',(-4.623360429501,11.237603083962,74.0791));
#168 = ORIENTED_EDGE('',*,*,#169,.F.);
#169 = EDGE_CURVE('',#170,#161,#172,.T.);
#170 = VERTEX_POINT('',#171);
#171 = CARTESIAN_POINT('',(-6.284806479029,11.227930815881,74.0791));
#172 = B_SPLINE_CURVE_WITH_KNOTS('',3,(#173,#174,#175,#176),
  .UNSPECIFIED.,.F.,.F.,(4,4),(0.,1.),.PIECEWISE_BEZIER_KNOTS.);
#173 = CARTESIAN_POINT('',(-6.284806479029,11.227930815881,74.0791));
#174 = CARTESIAN_POINT('',(-6.068740490428,11.012332840252,74.0791));
#175 = CARTESIAN_POINT('',(-5.794952901985,10.911710051336,74.0791));
#176 = CARTESIAN_POINT('',(-5.430058788384,10.911710051336,74.0791));
#177 = ORIENTED_EDGE('',*,*,#178,.F.);
#178 = EDGE_CURVE('',#179,#170,#181,.T.);
#179 = VERTEX_POINT('',#180);
#180 = CARTESIAN_POINT('',(-6.65890484774,12.21528218184,74.0791));
#181 = B_SPLINE_CURVE_WITH_KNOTS('',3,(#182,#183,#184,#185),
  .UNSPECIFIED.,.F.,.F.,(4,4),(0.,1.),.PIECEWISE_BEZIER_KNOTS.);
#182 = CARTESIAN_POINT('',(-6.65890484774,12.21528218184,74.0791));
#183 = CARTESIAN_POINT('',(-6.65890484774,11.817471155896,74.0791));
#184 = CARTESIAN_POINT('',(-6.529577263227,11.472389591431,74.0791));
#185 = CARTESIAN_POINT('',(-6.284806479029,11.227930815881,74.0791));
#186 = ORIENTED_EDGE('',*,*,#187,.F.);
#187 = EDGE_CURVE('',#188,#179,#190,.T.);
#188 = VERTEX_POINT('',#189);
#189 = CARTESIAN_POINT('',(-6.361560606387,12.799830383491,74.0791));
#190 = B_SPLINE_CURVE_WITH_KNOTS('',3,(#191,#192,#193,#194),
  .UNSPECIFIED.,.F.,.F.,(4,4),(0.,1.),.PIECEWISE_BEZIER_KNOTS.);
#191 = CARTESIAN_POINT('',(-6.361560606387,12.799830383491,74.0791));
#192 = CARTESIAN_POINT('',(-6.543929661026,12.799830383491,74.0791));
#193 = CARTESIAN_POINT('',(-6.65890484774,12.579396273821,74.0791));
#194 = CARTESIAN_POINT('',(-6.65890484774,12.21528218184,74.0791));
#195 = ORIENTED_EDGE('',*,*,#196,.F.);
#196 = EDGE_CURVE('',#197,#188,#199,.T.);
#197 = VERTEX_POINT('',#198);
#198 = CARTESIAN_POINT('',(-6.18402768579,12.59858480566,74.0791));
#199 = B_SPLINE_CURVE_WITH_KNOTS('',3,(#200,#201,#202,#203),
  .UNSPECIFIED.,.F.,.F.,(4,4),(0.,1.),.PIECEWISE_BEZIER_KNOTS.);
#200 = CARTESIAN_POINT('',(-6.18402768579,12.59858480566,74.0791));
#201 = CARTESIAN_POINT('',(-6.18402768579,12.732748524214,74.0791));
#202 = CARTESIAN_POINT('',(-6.241593281309,12.799830383491,74.0791));
#203 = CARTESIAN_POINT('',(-6.361560606387,12.799830383491,74.0791));
#204 = ORIENTED_EDGE('',*,*,#205,.F.);
#205 = EDGE_CURVE('',#206,#197,#208,.T.);
#206 = VERTEX_POINT('',#207);
#207 = CARTESIAN_POINT('',(-6.342372074548,12.229634579638,74.0791));
#208 = B_SPLINE_CURVE_WITH_KNOTS('',3,(#209,#210,#211,#212),
  .UNSPECIFIED.,.F.,.F.,(4,4),(0.,1.),.PIECEWISE_BEZIER_KNOTS.);
#209 = CARTESIAN_POINT('',(-6.342372074548,12.229634579638,74.0791));
#210 = CARTESIAN_POINT('',(-6.22724088351,12.382986830031,74.0791));
#211 = CARTESIAN_POINT('',(-6.18402768579,12.488445752987,74.0791));
#212 = CARTESIAN_POINT('',(-6.18402768579,12.59858480566,74.0791));
#213 = ORIENTED_EDGE('',*,*,#214,.F.);
#214 = EDGE_CURVE('',#215,#206,#217,.T.);
#215 = VERTEX_POINT('',#216);
#216 = CARTESIAN_POINT('',(-6.48168393579,11.91325781077,74.0791));
#217 = B_SPLINE_CURVE_WITH_KNOTS('',3,(#218,#219,#220,#221),
  .UNSPECIFIED.,.F.,.F.,(4,4),(0.,1.),.PIECEWISE_BEZIER_KNOTS.);
#218 = CARTESIAN_POINT('',(-6.48168393579,11.91325781077,74.0791));
#219 = CARTESIAN_POINT('',(-6.48168393579,12.009200469969,74.0791));
#220 = CARTESIAN_POINT('',(-6.447987001828,12.085798593003,74.0791));
#221 = CARTESIAN_POINT('',(-6.342372074548,12.229634579638,74.0791));
#222 = ORIENTED_EDGE('',*,*,#223,.F.);
#223 = EDGE_CURVE('',#224,#215,#226,.T.);
#224 = VERTEX_POINT('',#225);
#225 = CARTESIAN_POINT('',(-5.660633179107,11.24711934772,74.0791));
#226 = B_SPLINE_CURVE_WITH_KNOTS('',3,(#227,#228,#229,#230),
  .UNSPECIFIED.,.F.,.F.,(4,4),(0.,1.),.PIECEWISE_BEZIER_KNOTS.);
#227 = CARTESIAN_POINT('',(-5.660633179107,11.24711934772,74.0791));
#228 = CARTESIAN_POINT('',(-6.121469951906,11.24711934772,74.0791));
#229 = CARTESIAN_POINT('',(-6.48168393579,11.534635316667,74.0791));
#230 = CARTESIAN_POINT('',(-6.48168393579,11.91325781077,74.0791));
#231 = ORIENTED_EDGE('',*,*,#232,.F.);
#232 = EDGE_CURVE('',#233,#224,#235,.T.);
#233 = VERTEX_POINT('',#234);
#234 = CARTESIAN_POINT('',(-4.709786824941,12.047421529324,74.0791));
#235 = B_SPLINE_CURVE_WITH_KNOTS('',3,(#236,#237,#238,#239),
  .UNSPECIFIED.,.F.,.F.,(4,4),(0.,1.),.PIECEWISE_BEZIER_KNOTS.);
#236 = CARTESIAN_POINT('',(-4.709786824941,12.047421529324,74.0791));
#237 = CARTESIAN_POINT('',(-4.887475749862,11.496414257311,74.0791));
#238 = CARTESIAN_POINT('',(-5.180451870145,11.24711934772,74.0791));
#239 = CARTESIAN_POINT('',(-5.660633179107,11.24711934772,74.0791));
#240 = ORIENTED_EDGE('',*,*,#241,.F.);
#241 = EDGE_CURVE('',#242,#233,#244,.T.);
#242 = VERTEX_POINT('',#243);
#243 = CARTESIAN_POINT('',(-4.613844165743,12.589068541903,74.0791));
#244 = B_SPLINE_CURVE_WITH_KNOTS('',3,(#245,#246,#247,#248),
  .UNSPECIFIED.,.F.,.F.,(4,4),(0.,1.),.PIECEWISE_BEZIER_KNOTS.);
#245 = CARTESIAN_POINT('',(-4.613844165743,12.589068541903,74.0791));
#246 = CARTESIAN_POINT('',(-4.613844165743,12.435716291509,74.0791));
#247 = CARTESIAN_POINT('',(-4.647385095381,12.248823111478,74.0791));
#248 = CARTESIAN_POINT('',(-4.709786824941,12.047421529324,74.0791));
#249 = ORIENTED_EDGE('',*,*,#250,.F.);
#250 = EDGE_CURVE('',#251,#242,#253,.T.);
#251 = VERTEX_POINT('',#252);
#252 = CARTESIAN_POINT('',(-4.57531109774,12.646478133098,74.0791));
#253 = B_SPLINE_CURVE_WITH_KNOTS('',3,(#254,#255,#256,#257),
  .UNSPECIFIED.,.F.,.F.,(4,4),(0.,1.),.PIECEWISE_BEZIER_KNOTS.);
#254 = CARTESIAN_POINT('',(-4.57531109774,12.646478133098,74.0791));
#255 = CARTESIAN_POINT('',(-4.604171897661,12.646478133098,74.0791));
#256 = CARTESIAN_POINT('',(-4.613844165743,12.627445605582,74.0791));
#257 = CARTESIAN_POINT('',(-4.613844165743,12.589068541903,74.0791));
#258 = ORIENTED_EDGE('',*,*,#259,.F.);
#259 = EDGE_CURVE('',#260,#251,#262,.T.);
#260 = VERTEX_POINT('',#261);
#261 = CARTESIAN_POINT('',(-4.551442436183,12.641798003381,74.0791));
#262 = B_SPLINE_CURVE_WITH_KNOTS('',3,(#263,#264,#265,#266),
  .UNSPECIFIED.,.F.,.F.,(4,4),(0.,1.),.PIECEWISE_BEZIER_KNOTS.);
#263 = CARTESIAN_POINT('',(-4.551442436183,12.641798003381,74.0791));
#264 = CARTESIAN_POINT('',(-4.560958699941,12.646478133098,74.0791));
#265 = CARTESIAN_POINT('',(-4.565794833982,12.646478133098,74.0791));
#266 = CARTESIAN_POINT('',(-4.57531109774,12.646478133098,74.0791));
#267 = ORIENTED_EDGE('',*,*,#268,.F.);
#268 = EDGE_CURVE('',#269,#260,#271,.T.);
#269 = VERTEX_POINT('',#270);
#270 = CARTESIAN_POINT('',(-3.414014910633,12.119339522642,74.0791));
#271 = LINE('',#272,#273);
#272 = CARTESIAN_POINT('',(-3.414014910633,12.119339522642,74.0791));
#273 = VECTOR('',#274,1.);
#274 = DIRECTION('',(-0.908720288708,0.417405602371,0.));
#275 = ORIENTED_EDGE('',*,*,#276,.F.);
#276 = EDGE_CURVE('',#277,#269,#279,.T.);
#277 = VERTEX_POINT('',#278);
#278 = CARTESIAN_POINT('',(-3.414014910633,11.117791763208,74.0791));
#279 = LINE('',#280,#281);
#280 = CARTESIAN_POINT('',(-3.414014910633,11.117791763208,74.0791));
#281 = VECTOR('',#282,1.);
#282 = DIRECTION('',(2.22044604925E-16,1.,0.));
#283 = ORIENTED_EDGE('',*,*,#284,.F.);
#284 = EDGE_CURVE('',#285,#277,#287,.T.);
#285 = VERTEX_POINT('',#286);
#286 = CARTESIAN_POINT('',(-3.289523460161,10.897357653538,74.0791));
#287 = B_SPLINE_CURVE_WITH_KNOTS('',3,(#288,#289,#290,#291),
  .UNSPECIFIED.,.F.,.F.,(4,4),(0.,1.),.PIECEWISE_BEZIER_KNOTS.);
#288 = CARTESIAN_POINT('',(-3.289523460161,10.897357653538,74.0791));
#289 = CARTESIAN_POINT('',(-3.385310115035,10.969275646855,74.0791));
#290 = CARTESIAN_POINT('',(-3.414014910633,11.012332840252,74.0791));
#291 = CARTESIAN_POINT('',(-3.414014910633,11.117791763208,74.0791));
#292 = ORIENTED_EDGE('',*,*,#293,.F.);
#293 = EDGE_CURVE('',#294,#285,#296,.T.);
#294 = VERTEX_POINT('',#295);
#295 = CARTESIAN_POINT('',(-3.323064389799,10.854144455818,74.0791));
#296 = LINE('',#297,#298);
#297 = CARTESIAN_POINT('',(-3.323064389799,10.854144455818,74.0791));
#298 = VECTOR('',#299,1.);
#299 = DIRECTION('',(0.613150559542,0.789966069735,0.));
#300 = ORIENTED_EDGE('',*,*,#301,.F.);
#301 = EDGE_CURVE('',#302,#294,#304,.T.);
#302 = VERTEX_POINT('',#303);
#303 = CARTESIAN_POINT('',(-3.74958021134,11.036357506132,74.0791));
#304 = LINE('',#305,#306);
#305 = CARTESIAN_POINT('',(-3.74958021134,11.036357506132,74.0791));
#306 = VECTOR('',#307,1.);
#307 = DIRECTION('',(0.919596764583,-0.392863577554,0.));
#308 = ORIENTED_EDGE('',*,*,#309,.F.);
#309 = EDGE_CURVE('',#136,#302,#310,.T.);
#310 = B_SPLINE_CURVE_WITH_KNOTS('',3,(#311,#312,#313,#314),
  .UNSPECIFIED.,.F.,.F.,(4,4),(0.,1.),.PIECEWISE_BEZIER_KNOTS.);
#311 = CARTESIAN_POINT('',(-3.792637404736,11.146496558805,74.0791));
#312 = CARTESIAN_POINT('',(-3.792637404736,11.06506230173,74.0791));
#313 = CARTESIAN_POINT('',(-3.787957275019,11.050709903931,74.0791));
#314 = CARTESIAN_POINT('',(-3.74958021134,11.036357506132,74.0791));
#315 = FACE_BOUND('',#316,.T.);
#316 = EDGE_LOOP('',(#317,#328,#336,#345,#354,#363));
#317 = ORIENTED_EDGE('',*,*,#318,.F.);
#318 = EDGE_CURVE('',#319,#321,#323,.T.);
#319 = VERTEX_POINT('',#320);
#320 = CARTESIAN_POINT('',(-4.528353796246,9.124056503774,74.0791));
#321 = VERTEX_POINT('',#322);
#322 = CARTESIAN_POINT('',(-4.336624482174,9.090515574135,74.0791));
#323 = B_SPLINE_CURVE_WITH_KNOTS('',3,(#324,#325,#326,#327),
  .UNSPECIFIED.,.F.,.F.,(4,4),(0.,1.),.PIECEWISE_BEZIER_KNOTS.);
#324 = CARTESIAN_POINT('',(-4.528353796246,9.124056503774,74.0791));
#325 = CARTESIAN_POINT('',(-4.442083405129,9.109704105975,74.0791));
#326 = CARTESIAN_POINT('',(-4.379837679894,9.100187842217,74.0791));
#327 = CARTESIAN_POINT('',(-4.336624482174,9.090515574135,74.0791));
#328 = ORIENTED_EDGE('',*,*,#329,.F.);
#329 = EDGE_CURVE('',#330,#319,#332,.T.);
#330 = VERTEX_POINT('',#331);
#331 = CARTESIAN_POINT('',(-4.528353796246,9.224679292689,74.0791));
#332 = LINE('',#333,#334);
#333 = CARTESIAN_POINT('',(-4.528353796246,9.224679292689,74.0791));
#334 = VECTOR('',#335,1.);
#335 = DIRECTION('',(-2.22044604925E-16,-1.,0.));
#336 = ORIENTED_EDGE('',*,*,#337,.F.);
#337 = EDGE_CURVE('',#338,#330,#340,.T.);
#338 = VERTEX_POINT('',#339);
#339 = CARTESIAN_POINT('',(-3.550674698368,9.378031543082,74.0791));
#340 = B_SPLINE_CURVE_WITH_KNOTS('',3,(#341,#342,#343,#344),
  .UNSPECIFIED.,.F.,.F.,(4,4),(0.,1.),.PIECEWISE_BEZIER_KNOTS.);
#341 = CARTESIAN_POINT('',(-3.550674698368,9.378031543082,74.0791));
#342 = CARTESIAN_POINT('',(-3.632108955444,9.378031543082,74.0791));
#343 = CARTESIAN_POINT('',(-4.063460911026,9.310949683805,74.0791));
#344 = CARTESIAN_POINT('',(-4.528353796246,9.224679292689,74.0791));
#345 = ORIENTED_EDGE('',*,*,#346,.F.);
#346 = EDGE_CURVE('',#347,#338,#349,.T.);
#347 = VERTEX_POINT('',#348);
#348 = CARTESIAN_POINT('',(-3.354109250255,9.171949831211,74.0791));
#349 = B_SPLINE_CURVE_WITH_KNOTS('',3,(#350,#351,#352,#353),
  .UNSPECIFIED.,.F.,.F.,(4,4),(0.,1.),.PIECEWISE_BEZIER_KNOTS.);
#350 = CARTESIAN_POINT('',(-3.354109250255,9.171949831211,74.0791));
#351 = CARTESIAN_POINT('',(-3.354109250255,9.287081022248,74.0791));
#352 = CARTESIAN_POINT('',(-3.440379641372,9.378031543082,74.0791));
#353 = CARTESIAN_POINT('',(-3.550674698368,9.378031543082,74.0791));
#354 = ORIENTED_EDGE('',*,*,#355,.F.);
#355 = EDGE_CURVE('',#356,#347,#358,.T.);
#356 = VERTEX_POINT('',#357);
#357 = CARTESIAN_POINT('',(-3.545838564328,8.970704253381,74.0791));
#358 = B_SPLINE_CURVE_WITH_KNOTS('',3,(#359,#360,#361,#362),
  .UNSPECIFIED.,.F.,.F.,(4,4),(0.,1.),.PIECEWISE_BEZIER_KNOTS.);
#359 = CARTESIAN_POINT('',(-3.545838564328,8.970704253381,74.0791));
#360 = CARTESIAN_POINT('',(-3.440379641372,8.970704253381,74.0791));
#361 = CARTESIAN_POINT('',(-3.354109250255,9.061810778538,74.0791));
#362 = CARTESIAN_POINT('',(-3.354109250255,9.171949831211,74.0791));
#363 = ORIENTED_EDGE('',*,*,#364,.F.);
#364 = EDGE_CURVE('',#321,#356,#365,.T.);
#365 = B_SPLINE_CURVE_WITH_KNOTS('',3,(#366,#367,#368,#369),
  .UNSPECIFIED.,.F.,.F.,(4,4),(0.,1.),.PIECEWISE_BEZIER_KNOTS.);
#366 = CARTESIAN_POINT('',(-4.336624482174,9.090515574135,74.0791));
#367 = CARTESIAN_POINT('',(-3.972354385868,9.013917451101,74.0791));
#368 = CARTESIAN_POINT('',(-3.684838416922,8.970704253381,74.0791));
#369 = CARTESIAN_POINT('',(-3.545838564328,8.970704253381,74.0791));
#370 = FACE_BOUND('',#371,.T.);
#371 = EDGE_LOOP('',(#372,#383,#391,#400,#409,#418));
#372 = ORIENTED_EDGE('',*,*,#373,.F.);
#373 = EDGE_CURVE('',#374,#376,#378,.T.);
#374 = VERTEX_POINT('',#375);
#375 = CARTESIAN_POINT('',(-4.528353796246,9.934030953459,74.0791));
#376 = VERTEX_POINT('',#377);
#377 = CARTESIAN_POINT('',(-4.336624482174,9.900490023821,74.0791));
#378 = B_SPLINE_CURVE_WITH_KNOTS('',3,(#379,#380,#381,#382),
  .UNSPECIFIED.,.F.,.F.,(4,4),(0.,1.),.PIECEWISE_BEZIER_KNOTS.);
#379 = CARTESIAN_POINT('',(-4.528353796246,9.934030953459,74.0791));
#380 = CARTESIAN_POINT('',(-4.442083405129,9.91967855566,74.0791));
#381 = CARTESIAN_POINT('',(-4.379837679894,9.910006287579,74.0791));
#382 = CARTESIAN_POINT('',(-4.336624482174,9.900490023821,74.0791));
#383 = ORIENTED_EDGE('',*,*,#384,.F.);
#384 = EDGE_CURVE('',#385,#374,#387,.T.);
#385 = VERTEX_POINT('',#386);
#386 = CARTESIAN_POINT('',(-4.528353796246,10.034653742374,74.0791));
#387 = LINE('',#388,#389);
#388 = CARTESIAN_POINT('',(-4.528353796246,10.034653742374,74.0791));
#389 = VECTOR('',#390,1.);
#390 = DIRECTION('',(-2.22044604925E-16,-1.,0.));
#391 = ORIENTED_EDGE('',*,*,#392,.F.);
#392 = EDGE_CURVE('',#393,#385,#395,.T.);
#393 = VERTEX_POINT('',#394);
#394 = CARTESIAN_POINT('',(-3.550674698368,10.188005992767,74.0791));
#395 = B_SPLINE_CURVE_WITH_KNOTS('',3,(#396,#397,#398,#399),
  .UNSPECIFIED.,.F.,.F.,(4,4),(0.,1.),.PIECEWISE_BEZIER_KNOTS.);
#396 = CARTESIAN_POINT('',(-3.550674698368,10.188005992767,74.0791));
#397 = CARTESIAN_POINT('',(-3.632108955444,10.188005992767,74.0791));
#398 = CARTESIAN_POINT('',(-4.063460911026,10.120924133491,74.0791));
#399 = CARTESIAN_POINT('',(-4.528353796246,10.034653742374,74.0791));
#400 = ORIENTED_EDGE('',*,*,#401,.F.);
#401 = EDGE_CURVE('',#402,#393,#404,.T.);
#402 = VERTEX_POINT('',#403);
#403 = CARTESIAN_POINT('',(-3.354109250255,9.981924280896,74.0791));
#404 = B_SPLINE_CURVE_WITH_KNOTS('',3,(#405,#406,#407,#408),
  .UNSPECIFIED.,.F.,.F.,(4,4),(0.,1.),.PIECEWISE_BEZIER_KNOTS.);
#405 = CARTESIAN_POINT('',(-3.354109250255,9.981924280896,74.0791));
#406 = CARTESIAN_POINT('',(-3.354109250255,10.09689946761,74.0791));
#407 = CARTESIAN_POINT('',(-3.440379641372,10.188005992767,74.0791));
#408 = CARTESIAN_POINT('',(-3.550674698368,10.188005992767,74.0791));
#409 = ORIENTED_EDGE('',*,*,#410,.F.);
#410 = EDGE_CURVE('',#411,#402,#413,.T.);
#411 = VERTEX_POINT('',#412);
#412 = CARTESIAN_POINT('',(-3.545838564328,9.780678703066,74.0791));
#413 = B_SPLINE_CURVE_WITH_KNOTS('',3,(#414,#415,#416,#417),
  .UNSPECIFIED.,.F.,.F.,(4,4),(0.,1.),.PIECEWISE_BEZIER_KNOTS.);
#414 = CARTESIAN_POINT('',(-3.545838564328,9.780678703066,74.0791));
#415 = CARTESIAN_POINT('',(-3.440379641372,9.780678703066,74.0791));
#416 = CARTESIAN_POINT('',(-3.354109250255,9.871785228223,74.0791));
#417 = CARTESIAN_POINT('',(-3.354109250255,9.981924280896,74.0791));
#418 = ORIENTED_EDGE('',*,*,#419,.F.);
#419 = EDGE_CURVE('',#376,#411,#420,.T.);
#420 = B_SPLINE_CURVE_WITH_KNOTS('',3,(#421,#422,#423,#424),
  .UNSPECIFIED.,.F.,.F.,(4,4),(0.,1.),.PIECEWISE_BEZIER_KNOTS.);
#421 = CARTESIAN_POINT('',(-4.336624482174,9.900490023821,74.0791));
#422 = CARTESIAN_POINT('',(-3.972354385868,9.823735896462,74.0791));
#423 = CARTESIAN_POINT('',(-3.684838416922,9.780678703066,74.0791));
#424 = CARTESIAN_POINT('',(-3.545838564328,9.780678703066,74.0791));
#425 = FACE_BOUND('',#426,.T.);
#426 = EDGE_LOOP('',(#427,#437,#445,#453,#461,#469,#478,#487,#496,#504,
    #513,#522,#531,#540,#548,#556));
#427 = ORIENTED_EDGE('',*,*,#428,.F.);
#428 = EDGE_CURVE('',#429,#431,#433,.T.);
#429 = VERTEX_POINT('',#430);
#430 = CARTESIAN_POINT('',(-5.933016728636,13.073149958962,74.0791));
#431 = VERTEX_POINT('',#432);
#432 = CARTESIAN_POINT('',(-5.909148067079,13.135395684198,74.0791));
#433 = LINE('',#434,#435);
#434 = CARTESIAN_POINT('',(-5.933016728636,13.073149958962,74.0791));
#435 = VECTOR('',#436,1.);
#436 = DIRECTION('',(0.358038024804,0.933707005861,0.));
#437 = ORIENTED_EDGE('',*,*,#438,.F.);
#438 = EDGE_CURVE('',#439,#429,#441,.T.);
#439 = VERTEX_POINT('',#440);
#440 = CARTESIAN_POINT('',(-6.589014910633,13.336641262028,74.0791));
#441 = LINE('',#442,#443);
#442 = CARTESIAN_POINT('',(-6.589014910633,13.336641262028,74.0791));
#443 = VECTOR('',#444,1.);
#444 = DIRECTION('',(0.927943069427,-0.372721960585,0.));
#445 = ORIENTED_EDGE('',*,*,#446,.F.);
#446 = EDGE_CURVE('',#447,#439,#449,.T.);
#447 = VERTEX_POINT('',#448);
#448 = CARTESIAN_POINT('',(-6.589014910633,15.205729066667,74.0791));
#449 = LINE('',#450,#451);
#450 = CARTESIAN_POINT('',(-6.589014910633,15.205729066667,74.0791));
#451 = VECTOR('',#452,1.);
#452 = DIRECTION('',(-2.22044604925E-16,-1.,0.));
#453 = ORIENTED_EDGE('',*,*,#454,.F.);
#454 = EDGE_CURVE('',#455,#447,#457,.T.);
#455 = VERTEX_POINT('',#456);
#456 = CARTESIAN_POINT('',(-6.531605319438,15.205729066667,74.0791));
#457 = LINE('',#458,#459);
#458 = CARTESIAN_POINT('',(-6.531605319438,15.205729066667,74.0791));
#459 = VECTOR('',#460,1.);
#460 = DIRECTION('',(-1.,2.22044604925E-16,0.));
#461 = ORIENTED_EDGE('',*,*,#462,.F.);
#462 = EDGE_CURVE('',#463,#455,#465,.T.);
#463 = VERTEX_POINT('',#464);
#464 = CARTESIAN_POINT('',(-5.626936245145,14.352697423585,74.0791));
#465 = LINE('',#466,#467);
#466 = CARTESIAN_POINT('',(-5.626936245145,14.352697423585,74.0791));
#467 = VECTOR('',#468,1.);
#468 = DIRECTION('',(-0.727566145574,0.686037538196,0.));
#469 = ORIENTED_EDGE('',*,*,#470,.F.);
#470 = EDGE_CURVE('',#471,#463,#473,.T.);
#471 = VERTEX_POINT('',#472);
#472 = CARTESIAN_POINT('',(-4.383269775019,13.729616153931,74.0791));
#473 = B_SPLINE_CURVE_WITH_KNOTS('',3,(#474,#475,#476,#477),
  .UNSPECIFIED.,.F.,.F.,(4,4),(0.,1.),.PIECEWISE_BEZIER_KNOTS.);
#474 = CARTESIAN_POINT('',(-4.383269775019,13.729616153931,74.0791));
#475 = CARTESIAN_POINT('',(-4.761112247504,13.729616153931,74.0791));
#476 = CARTESIAN_POINT('',(-5.201200445224,13.950050263601,74.0791));
#477 = CARTESIAN_POINT('',(-5.626936245145,14.352697423585,74.0791));
#478 = ORIENTED_EDGE('',*,*,#479,.F.);
#479 = EDGE_CURVE('',#480,#471,#482,.T.);
#480 = VERTEX_POINT('',#481);
#481 = CARTESIAN_POINT('',(-3.708863082802,14.405426885063,74.0791));
#482 = B_SPLINE_CURVE_WITH_KNOTS('',3,(#483,#484,#485,#486),
  .UNSPECIFIED.,.F.,.F.,(4,4),(0.,1.),.PIECEWISE_BEZIER_KNOTS.);
#483 = CARTESIAN_POINT('',(-3.708863082802,14.405426885063,74.0791));
#484 = CARTESIAN_POINT('',(-3.708863082802,13.998099595362,74.0791));
#485 = CARTESIAN_POINT('',(-3.981402636655,13.729616153931,74.0791));
#486 = CARTESIAN_POINT('',(-4.383269775019,13.729616153931,74.0791));
#487 = ORIENTED_EDGE('',*,*,#488,.F.);
#488 = EDGE_CURVE('',#489,#480,#491,.T.);
#489 = VERTEX_POINT('',#490);
#490 = CARTESIAN_POINT('',(-4.330696317865,15.100270143711,74.0791));
#491 = B_SPLINE_CURVE_WITH_KNOTS('',3,(#492,#493,#494,#495),
  .UNSPECIFIED.,.F.,.F.,(4,4),(0.,1.),.PIECEWISE_BEZIER_KNOTS.);
#492 = CARTESIAN_POINT('',(-4.330696317865,15.100270143711,74.0791));
#493 = CARTESIAN_POINT('',(-3.861903324548,14.908540829638,74.0791));
#494 = CARTESIAN_POINT('',(-3.708863082802,14.740836181447,74.0791));
#495 = CARTESIAN_POINT('',(-3.708863082802,14.405426885063,74.0791));
#496 = ORIENTED_EDGE('',*,*,#497,.F.);
#497 = EDGE_CURVE('',#498,#489,#500,.T.);
#498 = VERTEX_POINT('',#499);
#499 = CARTESIAN_POINT('',(-4.306671651985,15.200892932626,74.0791));
#500 = LINE('',#501,#502);
#501 = CARTESIAN_POINT('',(-4.306671651985,15.200892932626,74.0791));
#502 = VECTOR('',#503,1.);
#503 = DIRECTION('',(-0.232232095514,-0.972660400044,0.));
#504 = ORIENTED_EDGE('',*,*,#505,.F.);
#505 = EDGE_CURVE('',#506,#498,#508,.T.);
#506 = VERTEX_POINT('',#507);
#507 = CARTESIAN_POINT('',(-3.651297487284,14.89418843184,74.0791));
#508 = B_SPLINE_CURVE_WITH_KNOTS('',3,(#509,#510,#511,#512),
  .UNSPECIFIED.,.F.,.F.,(4,4),(0.,1.),.PIECEWISE_BEZIER_KNOTS.);
#509 = CARTESIAN_POINT('',(-3.651297487284,14.89418843184,74.0791));
#510 = CARTESIAN_POINT('',(-3.814009997111,15.047540682233,74.0791));
#511 = CARTESIAN_POINT('',(-3.967050238856,15.11945867555,74.0791));
#512 = CARTESIAN_POINT('',(-4.306671651985,15.200892932626,74.0791));
#513 = ORIENTED_EDGE('',*,*,#514,.F.);
#514 = EDGE_CURVE('',#515,#506,#517,.T.);
#515 = VERTEX_POINT('',#516);
#516 = CARTESIAN_POINT('',(-3.354109250255,14.204025302909,74.0791));
#517 = B_SPLINE_CURVE_WITH_KNOTS('',3,(#518,#519,#520,#521),
  .UNSPECIFIED.,.F.,.F.,(4,4),(0.,1.),.PIECEWISE_BEZIER_KNOTS.);
#518 = CARTESIAN_POINT('',(-3.354109250255,14.204025302909,74.0791));
#519 = CARTESIAN_POINT('',(-3.354109250255,14.467672610299,74.0791));
#520 = CARTESIAN_POINT('',(-3.459568173211,14.716811515566,74.0791));
#521 = CARTESIAN_POINT('',(-3.651297487284,14.89418843184,74.0791));
#522 = ORIENTED_EDGE('',*,*,#523,.F.);
#523 = EDGE_CURVE('',#524,#515,#526,.T.);
#524 = VERTEX_POINT('',#525);
#525 = CARTESIAN_POINT('',(-4.201524737677,13.317452730189,74.0791));
#526 = B_SPLINE_CURVE_WITH_KNOTS('',3,(#527,#528,#529,#530),
  .UNSPECIFIED.,.F.,.F.,(4,4),(0.,1.),.PIECEWISE_BEZIER_KNOTS.);
#527 = CARTESIAN_POINT('',(-4.201524737677,13.317452730189,74.0791));
#528 = CARTESIAN_POINT('',(-3.723215480601,13.317452730189,74.0791));
#529 = CARTESIAN_POINT('',(-3.354109250255,13.705747492374,74.0791));
#530 = CARTESIAN_POINT('',(-3.354109250255,14.204025302909,74.0791));
#531 = ORIENTED_EDGE('',*,*,#532,.F.);
#532 = EDGE_CURVE('',#533,#524,#535,.T.);
#533 = VERTEX_POINT('',#534);
#534 = CARTESIAN_POINT('',(-5.382945482567,13.930861731761,74.0791));
#535 = B_SPLINE_CURVE_WITH_KNOTS('',3,(#536,#537,#538,#539),
  .UNSPECIFIED.,.F.,.F.,(4,4),(0.,1.),.PIECEWISE_BEZIER_KNOTS.);
#536 = CARTESIAN_POINT('',(-5.382945482567,13.930861731761,74.0791));
#537 = CARTESIAN_POINT('',(-4.938177155129,13.50434591022,74.0791));
#538 = CARTESIAN_POINT('',(-4.57453107612,13.317452730189,74.0791));
#539 = CARTESIAN_POINT('',(-4.201524737677,13.317452730189,74.0791));
#540 = ORIENTED_EDGE('',*,*,#541,.F.);
#541 = EDGE_CURVE('',#542,#533,#544,.T.);
#542 = VERTEX_POINT('',#543);
#543 = CARTESIAN_POINT('',(-6.224900818651,14.736000047406,74.0791));
#544 = LINE('',#545,#546);
#545 = CARTESIAN_POINT('',(-6.224900818651,14.736000047406,74.0791));
#546 = VECTOR('',#547,1.);
#547 = DIRECTION('',(0.722732008073,-0.691128384967,0.));
#548 = ORIENTED_EDGE('',*,*,#549,.F.);
#549 = EDGE_CURVE('',#550,#542,#552,.T.);
#550 = VERTEX_POINT('',#551);
#551 = CARTESIAN_POINT('',(-6.224900818651,13.590616301336,74.0791));
#552 = LINE('',#553,#554);
#553 = CARTESIAN_POINT('',(-6.224900818651,13.590616301336,74.0791));
#554 = VECTOR('',#555,1.);
#555 = DIRECTION('',(2.22044604925E-16,1.,0.));
#556 = ORIENTED_EDGE('',*,*,#557,.F.);
#557 = EDGE_CURVE('',#431,#550,#558,.T.);
#558 = B_SPLINE_CURVE_WITH_KNOTS('',3,(#559,#560,#561,#562),
  .UNSPECIFIED.,.F.,.F.,(4,4),(0.,1.),.PIECEWISE_BEZIER_KNOTS.);
#559 = CARTESIAN_POINT('',(-5.909148067079,13.135395684198,74.0791));
#560 = CARTESIAN_POINT('',(-6.186679759296,13.312772600472,74.0791));
#561 = CARTESIAN_POINT('',(-6.220064684611,13.36550206195,74.0791));
#562 = CARTESIAN_POINT('',(-6.224900818651,13.590616301336,74.0791));
#563 = FACE_BOUND('',#564,.T.);
#564 = EDGE_LOOP('',(#565,#576,#584,#593,#602,#611,#620,#629,#638));
#565 = ORIENTED_EDGE('',*,*,#566,.F.);
#566 = EDGE_CURVE('',#567,#569,#571,.T.);
#567 = VERTEX_POINT('',#568);
#568 = CARTESIAN_POINT('',(-3.314640156309,15.608376226651,74.0791));
#569 = VERTEX_POINT('',#570);
#570 = CARTESIAN_POINT('',(-3.698098784453,16.782464768318,74.0791));
#571 = B_SPLINE_CURVE_WITH_KNOTS('',3,(#572,#573,#574,#575),
  .UNSPECIFIED.,.F.,.F.,(4,4),(0.,1.),.PIECEWISE_BEZIER_KNOTS.);
#572 = CARTESIAN_POINT('',(-3.314640156309,15.608376226651,74.0791));
#573 = CARTESIAN_POINT('',(-3.362533483746,16.154703368947,74.0791));
#574 = CARTESIAN_POINT('',(-3.453640008903,16.432547069811,74.0791));
#575 = CARTESIAN_POINT('',(-3.698098784453,16.782464768318,74.0791));
#576 = ORIENTED_EDGE('',*,*,#577,.F.);
#577 = EDGE_CURVE('',#578,#567,#580,.T.);
#578 = VERTEX_POINT('',#579);
#579 = CARTESIAN_POINT('',(-3.391394283667,15.598703958569,74.0791));
#580 = LINE('',#581,#582);
#581 = CARTESIAN_POINT('',(-3.391394283667,15.598703958569,74.0791));
#582 = VECTOR('',#583,1.);
#583 = DIRECTION('',(0.992153283358,0.125027446277,0.));
#584 = ORIENTED_EDGE('',*,*,#585,.F.);
#585 = EDGE_CURVE('',#586,#578,#588,.T.);
#586 = VERTEX_POINT('',#587);
#587 = CARTESIAN_POINT('',(-4.757212139406,17.017251275786,74.0791));
#588 = B_SPLINE_CURVE_WITH_KNOTS('',3,(#589,#590,#591,#592),
  .UNSPECIFIED.,.F.,.F.,(4,4),(0.,1.),.PIECEWISE_BEZIER_KNOTS.);
#589 = CARTESIAN_POINT('',(-4.757212139406,17.017251275786,74.0791));
#590 = CARTESIAN_POINT('',(-4.033508080837,16.887923691274,74.0791));
#591 = CARTESIAN_POINT('',(-3.515885734139,16.351112812736,74.0791));
#592 = CARTESIAN_POINT('',(-3.391394283667,15.598703958569,74.0791));
#593 = ORIENTED_EDGE('',*,*,#594,.F.);
#594 = EDGE_CURVE('',#595,#586,#597,.T.);
#595 = VERTEX_POINT('',#596);
#596 = CARTESIAN_POINT('',(-4.541458159453,16.408678408255,74.0791));
#597 = B_SPLINE_CURVE_WITH_KNOTS('',3,(#598,#599,#600,#601),
  .UNSPECIFIED.,.F.,.F.,(4,4),(0.,1.),.PIECEWISE_BEZIER_KNOTS.);
#598 = CARTESIAN_POINT('',(-4.541458159453,16.408678408255,74.0791));
#599 = CARTESIAN_POINT('',(-4.541458159453,16.619440249843,74.0791));
#600 = CARTESIAN_POINT('',(-4.574999089092,16.715382909041,74.0791));
#601 = CARTESIAN_POINT('',(-4.757212139406,17.017251275786,74.0791));
#602 = ORIENTED_EDGE('',*,*,#603,.F.);
#603 = EDGE_CURVE('',#604,#595,#606,.T.);
#604 = VERTEX_POINT('',#605);
#605 = CARTESIAN_POINT('',(-5.542849914563,15.502917303695,74.0791));
#606 = B_SPLINE_CURVE_WITH_KNOTS('',3,(#607,#608,#609,#610),
  .UNSPECIFIED.,.F.,.F.,(4,4),(0.,1.),.PIECEWISE_BEZIER_KNOTS.);
#607 = CARTESIAN_POINT('',(-5.542849914563,15.502917303695,74.0791));
#608 = CARTESIAN_POINT('',(-4.924916787598,15.502917303695,74.0791));
#609 = CARTESIAN_POINT('',(-4.541458159453,15.847842863836,74.0791));
#610 = CARTESIAN_POINT('',(-4.541458159453,16.408678408255,74.0791));
#611 = ORIENTED_EDGE('',*,*,#612,.F.);
#612 = EDGE_CURVE('',#613,#604,#615,.T.);
#613 = VERTEX_POINT('',#614);
#614 = CARTESIAN_POINT('',(-6.65890484774,16.50930119717,74.0791));
#615 = B_SPLINE_CURVE_WITH_KNOTS('',3,(#616,#617,#618,#619),
  .UNSPECIFIED.,.F.,.F.,(4,4),(0.,1.),.PIECEWISE_BEZIER_KNOTS.);
#616 = CARTESIAN_POINT('',(-6.65890484774,16.50930119717,74.0791));
#617 = CARTESIAN_POINT('',(-6.65890484774,15.915080727437,74.0791));
#618 = CARTESIAN_POINT('',(-6.203840234925,15.502917303695,74.0791));
#619 = CARTESIAN_POINT('',(-5.542849914563,15.502917303695,74.0791));
#620 = ORIENTED_EDGE('',*,*,#621,.F.);
#621 = EDGE_CURVE('',#622,#613,#624,.T.);
#622 = VERTEX_POINT('',#623);
#623 = CARTESIAN_POINT('',(-6.333167819438,17.247357653538,74.0791));
#624 = B_SPLINE_CURVE_WITH_KNOTS('',3,(#625,#626,#627,#628),
  .UNSPECIFIED.,.F.,.F.,(4,4),(0.,1.),.PIECEWISE_BEZIER_KNOTS.);
#625 = CARTESIAN_POINT('',(-6.333167819438,17.247357653538,74.0791));
#626 = CARTESIAN_POINT('',(-6.543929661026,17.065144603223,74.0791));
#627 = CARTESIAN_POINT('',(-6.65890484774,16.806333429874,74.0791));
#628 = CARTESIAN_POINT('',(-6.65890484774,16.50930119717,74.0791));
#629 = ORIENTED_EDGE('',*,*,#630,.F.);
#630 = EDGE_CURVE('',#631,#622,#633,.T.);
#631 = VERTEX_POINT('',#632);
#632 = CARTESIAN_POINT('',(-5.255333945617,17.582766949921,74.0791));
#633 = B_SPLINE_CURVE_WITH_KNOTS('',3,(#634,#635,#636,#637),
  .UNSPECIFIED.,.F.,.F.,(4,4),(0.,1.),.PIECEWISE_BEZIER_KNOTS.);
#634 = CARTESIAN_POINT('',(-5.255333945617,17.582766949921,74.0791));
#635 = CARTESIAN_POINT('',(-5.672177499076,17.582766949921,74.0791));
#636 = CARTESIAN_POINT('',(-6.093701182252,17.453439365409,74.0791));
#637 = CARTESIAN_POINT('',(-6.333167819438,17.247357653538,74.0791));
#638 = ORIENTED_EDGE('',*,*,#639,.F.);
#639 = EDGE_CURVE('',#569,#631,#640,.T.);
#640 = B_SPLINE_CURVE_WITH_KNOTS('',3,(#641,#642,#643,#644),
  .UNSPECIFIED.,.F.,.F.,(4,4),(0.,1.),.PIECEWISE_BEZIER_KNOTS.);
#641 = CARTESIAN_POINT('',(-3.698098784453,16.782464768318,74.0791));
#642 = CARTESIAN_POINT('',(-4.067049010475,17.300087115016,74.0791));
#643 = CARTESIAN_POINT('',(-4.613376152771,17.582766949921,74.0791));
#644 = CARTESIAN_POINT('',(-5.255333945617,17.582766949921,74.0791));
#645 = FACE_BOUND('',#646,.T.);
#646 = EDGE_LOOP('',(#647,#658,#667,#676));
#647 = ORIENTED_EDGE('',*,*,#648,.F.);
#648 = EDGE_CURVE('',#649,#651,#653,.T.);
#649 = VERTEX_POINT('',#650);
#650 = CARTESIAN_POINT('',(-6.107117554107,18.34484807217,74.0791));
#651 = VERTEX_POINT('',#652);
#652 = CARTESIAN_POINT('',(-6.380281125255,18.608339375236,74.0791));
#653 = B_SPLINE_CURVE_WITH_KNOTS('',3,(#654,#655,#656,#657),
  .UNSPECIFIED.,.F.,.F.,(4,4),(0.,1.),.PIECEWISE_BEZIER_KNOTS.);
#654 = CARTESIAN_POINT('',(-6.107117554107,18.34484807217,74.0791));
#655 = CARTESIAN_POINT('',(-6.107117554107,18.488528054481,74.0791));
#656 = CARTESIAN_POINT('',(-6.226928874862,18.608339375236,74.0791));
#657 = CARTESIAN_POINT('',(-6.380281125255,18.608339375236,74.0791));
#658 = ORIENTED_EDGE('',*,*,#659,.F.);
#659 = EDGE_CURVE('',#660,#649,#662,.T.);
#660 = VERTEX_POINT('',#661);
#661 = CARTESIAN_POINT('',(-6.380281125255,18.076364630739,74.0791));
#662 = B_SPLINE_CURVE_WITH_KNOTS('',3,(#663,#664,#665,#666),
  .UNSPECIFIED.,.F.,.F.,(4,4),(0.,1.),.PIECEWISE_BEZIER_KNOTS.);
#663 = CARTESIAN_POINT('',(-6.380281125255,18.076364630739,74.0791));
#664 = CARTESIAN_POINT('',(-6.231609004579,18.076364630739,74.0791));
#665 = CARTESIAN_POINT('',(-6.107117554107,18.201012085535,74.0791));
#666 = CARTESIAN_POINT('',(-6.107117554107,18.34484807217,74.0791));
#667 = ORIENTED_EDGE('',*,*,#668,.F.);
#668 = EDGE_CURVE('',#669,#660,#671,.T.);
#669 = VERTEX_POINT('',#670);
#670 = CARTESIAN_POINT('',(-6.63893629428,18.349528201887,74.0791));
#671 = B_SPLINE_CURVE_WITH_KNOTS('',3,(#672,#673,#674,#675),
  .UNSPECIFIED.,.F.,.F.,(4,4),(0.,1.),.PIECEWISE_BEZIER_KNOTS.);
#672 = CARTESIAN_POINT('',(-6.63893629428,18.349528201887,74.0791));
#673 = CARTESIAN_POINT('',(-6.63893629428,18.201012085535,74.0791));
#674 = CARTESIAN_POINT('',(-6.523961107567,18.076364630739,74.0791));
#675 = CARTESIAN_POINT('',(-6.380281125255,18.076364630739,74.0791));
#676 = ORIENTED_EDGE('',*,*,#677,.F.);
#677 = EDGE_CURVE('',#651,#669,#678,.T.);
#678 = B_SPLINE_CURVE_WITH_KNOTS('',3,(#679,#680,#681,#682),
  .UNSPECIFIED.,.F.,.F.,(4,4),(0.,1.),.PIECEWISE_BEZIER_KNOTS.);
#679 = CARTESIAN_POINT('',(-6.380281125255,18.608339375236,74.0791));
#680 = CARTESIAN_POINT('',(-6.51928097785,18.608339375236,74.0791));
#681 = CARTESIAN_POINT('',(-6.63893629428,18.488528054481,74.0791));
#682 = CARTESIAN_POINT('',(-6.63893629428,18.349528201887,74.0791));
#683 = FACE_BOUND('',#684,.T.);
#684 = EDGE_LOOP('',(#685,#696,#705,#714,#723,#732,#741));
#685 = ORIENTED_EDGE('',*,*,#686,.F.);
#686 = EDGE_CURVE('',#687,#689,#691,.T.);
#687 = VERTEX_POINT('',#688);
#688 = CARTESIAN_POINT('',(-3.354109250255,20.122829351651,74.0791));
#689 = VERTEX_POINT('',#690);
#690 = CARTESIAN_POINT('',(-3.603248155523,20.764943148821,74.0791));
#691 = B_SPLINE_CURVE_WITH_KNOTS('',3,(#692,#693,#694,#695),
  .UNSPECIFIED.,.F.,.F.,(4,4),(0.,1.),.PIECEWISE_BEZIER_KNOTS.);
#692 = CARTESIAN_POINT('',(-3.354109250255,20.122829351651,74.0791));
#693 = CARTESIAN_POINT('',(-3.354109250255,20.386320654717,74.0791));
#694 = CARTESIAN_POINT('',(-3.430863377614,20.587722236871,74.0791));
#695 = CARTESIAN_POINT('',(-3.603248155523,20.764943148821,74.0791));
#696 = ORIENTED_EDGE('',*,*,#697,.F.);
#697 = EDGE_CURVE('',#698,#687,#700,.T.);
#698 = VERTEX_POINT('',#699);
#699 = CARTESIAN_POINT('',(-5.011343183038,19.058879862657,74.0791));
#700 = B_SPLINE_CURVE_WITH_KNOTS('',3,(#701,#702,#703,#704),
  .UNSPECIFIED.,.F.,.F.,(4,4),(0.,1.),.PIECEWISE_BEZIER_KNOTS.);
#701 = CARTESIAN_POINT('',(-5.011343183038,19.058879862657,74.0791));
#702 = CARTESIAN_POINT('',(-4.02960797274,19.058879862657,74.0791));
#703 = CARTESIAN_POINT('',(-3.354109250255,19.494911947956,74.0791));
#704 = CARTESIAN_POINT('',(-3.354109250255,20.122829351651,74.0791));
#705 = ORIENTED_EDGE('',*,*,#706,.F.);
#706 = EDGE_CURVE('',#707,#698,#709,.T.);
#707 = VERTEX_POINT('',#708);
#708 = CARTESIAN_POINT('',(-6.409921946796,19.518936613836,74.0791));
#709 = B_SPLINE_CURVE_WITH_KNOTS('',3,(#710,#711,#712,#713),
  .UNSPECIFIED.,.F.,.F.,(4,4),(0.,1.),.PIECEWISE_BEZIER_KNOTS.);
#710 = CARTESIAN_POINT('',(-6.409921946796,19.518936613836,74.0791));
#711 = CARTESIAN_POINT('',(-6.14643064373,19.240936908648,74.0791));
#712 = CARTESIAN_POINT('',(-5.590899246324,19.058879862657,74.0791));
#713 = CARTESIAN_POINT('',(-5.011343183038,19.058879862657,74.0791));
#714 = ORIENTED_EDGE('',*,*,#715,.F.);
#715 = EDGE_CURVE('',#716,#707,#718,.T.);
#716 = VERTEX_POINT('',#717);
#717 = CARTESIAN_POINT('',(-6.65890484774,20.142017883491,74.0791));
#718 = B_SPLINE_CURVE_WITH_KNOTS('',3,(#719,#720,#721,#722),
  .UNSPECIFIED.,.F.,.F.,(4,4),(0.,1.),.PIECEWISE_BEZIER_KNOTS.);
#719 = CARTESIAN_POINT('',(-6.65890484774,20.142017883491,74.0791));
#720 = CARTESIAN_POINT('',(-6.65890484774,19.89755910794,74.0791));
#721 = CARTESIAN_POINT('',(-6.577470590664,19.691477396069,74.0791));
#722 = CARTESIAN_POINT('',(-6.409921946796,19.518936613836,74.0791));
#723 = ORIENTED_EDGE('',*,*,#724,.F.);
#724 = EDGE_CURVE('',#725,#716,#727,.T.);
#725 = VERTEX_POINT('',#726);
#726 = CARTESIAN_POINT('',(-6.333167819438,20.841697276179,74.0791));
#727 = B_SPLINE_CURVE_WITH_KNOTS('',3,(#728,#729,#730,#731),
  .UNSPECIFIED.,.F.,.F.,(4,4),(0.,1.),.PIECEWISE_BEZIER_KNOTS.);
#728 = CARTESIAN_POINT('',(-6.333167819438,20.841697276179,74.0791));
#729 = CARTESIAN_POINT('',(-6.543929661026,20.664320359906,74.0791));
#730 = CARTESIAN_POINT('',(-6.65890484774,20.419861584355,74.0791));
#731 = CARTESIAN_POINT('',(-6.65890484774,20.142017883491,74.0791));
#732 = ORIENTED_EDGE('',*,*,#733,.F.);
#733 = EDGE_CURVE('',#734,#725,#736,.T.);
#734 = VERTEX_POINT('',#735);
#735 = CARTESIAN_POINT('',(-4.982638387441,21.2249999,74.0791));
#736 = B_SPLINE_CURVE_WITH_KNOTS('',3,(#737,#738,#739,#740),
  .UNSPECIFIED.,.F.,.F.,(4,4),(0.,1.),.PIECEWISE_BEZIER_KNOTS.);
#737 = CARTESIAN_POINT('',(-4.982638387441,21.2249999,74.0791));
#738 = CARTESIAN_POINT('',(-5.509464989249,21.2249999,74.0791));
#739 = CARTESIAN_POINT('',(-6.064996386655,21.066811515566,74.0791));
#740 = CARTESIAN_POINT('',(-6.333167819438,20.841697276179,74.0791));
#741 = ORIENTED_EDGE('',*,*,#742,.F.);
#742 = EDGE_CURVE('',#689,#734,#743,.T.);
#743 = B_SPLINE_CURVE_WITH_KNOTS('',3,(#744,#745,#746,#747),
  .UNSPECIFIED.,.F.,.F.,(4,4),(0.,1.),.PIECEWISE_BEZIER_KNOTS.);
#744 = CARTESIAN_POINT('',(-3.603248155523,20.764943148821,74.0791));
#745 = CARTESIAN_POINT('',(-3.871419588306,21.042942854009,74.0791));
#746 = CARTESIAN_POINT('',(-4.422270855994,21.2249999,74.0791));
#747 = CARTESIAN_POINT('',(-4.982638387441,21.2249999,74.0791));
#748 = PLANE('',#749);
#749 = AXIS2_PLACEMENT_3D('',#750,#751,#752);
#750 = CARTESIAN_POINT('',(-7.589014910633,22.225,74.0791));
#751 = DIRECTION('',(0.,2.22044604925E-16,1.));
#752 = DIRECTION('',(1.,0.,0.));
#753 = ADVANCED_FACE('',(#754),#781,.F.);
#754 = FACE_BOUND('',#755,.T.);
#755 = EDGE_LOOP('',(#756,#764,#765,#774));
#756 = ORIENTED_EDGE('',*,*,#757,.F.);
#757 = EDGE_CURVE('',#24,#758,#760,.T.);
#758 = VERTEX_POINT('',#759);
#759 = CARTESIAN_POINT('',(-10.76401491063,15.307510111658,71.42226));
#760 = ( BOUNDED_CURVE() B_SPLINE_CURVE(2,(#761,#762,#763),
.UNSPECIFIED.,.F.,.F.) B_SPLINE_CURVE_WITH_KNOTS((3,3),(0.,
5.518633886307),.PIECEWISE_BEZIER_KNOTS.) CURVE() 
GEOMETRIC_REPRESENTATION_ITEM() RATIONAL_B_SPLINE_CURVE((1.,
0.707106781187,1.)) REPRESENTATION_ITEM('') );
#761 = CARTESIAN_POINT('',(-7.589014910633,17.045850186097,74.0791));
#762 = CARTESIAN_POINT('',(-7.589014910633,15.307510111658,71.42226));
#763 = CARTESIAN_POINT('',(-10.76401491063,15.307510111658,71.42226));
#764 = ORIENTED_EDGE('',*,*,#31,.T.);
#765 = ORIENTED_EDGE('',*,*,#766,.T.);
#766 = EDGE_CURVE('',#32,#767,#769,.T.);
#767 = VERTEX_POINT('',#768);
#768 = CARTESIAN_POINT('',(-10.76401491063,15.307510111658,63.45174));
#769 = CIRCLE('',#770,3.175);
#770 = AXIS2_PLACEMENT_3D('',#771,#772,#773);
#771 = CARTESIAN_POINT('',(-10.76401491063,17.045850186097,60.7949));
#772 = DIRECTION('',(0.,-0.8368,-0.547508684863));
#773 = DIRECTION('',(0.,0.547508684863,-0.8368));
#774 = ORIENTED_EDGE('',*,*,#775,.F.);
#775 = EDGE_CURVE('',#758,#767,#776,.T.);
#776 = CIRCLE('',#777,4.7625);
#777 = AXIS2_PLACEMENT_3D('',#778,#779,#780);
#778 = CARTESIAN_POINT('',(-10.76401491063,12.7,67.437));
#779 = DIRECTION('',(-1.,0.,0.));
#780 = DIRECTION('',(0.,-1.,0.));
#781 = TOROIDAL_SURFACE('',#782,7.9375,3.175);
#782 = AXIS2_PLACEMENT_3D('',#783,#784,#785);
#783 = CARTESIAN_POINT('',(-10.76401491063,12.7,67.437));
#784 = DIRECTION('',(1.,0.,0.));
#785 = DIRECTION('',(0.,-1.,0.));
#786 = ADVANCED_FACE('',(#787),#858,.F.);
#787 = FACE_BOUND('',#788,.F.);
#788 = EDGE_LOOP('',(#789,#790,#805,#813,#828,#836,#844,#852));
#789 = ORIENTED_EDGE('',*,*,#40,.T.);
#790 = ORIENTED_EDGE('',*,*,#791,.T.);
#791 = EDGE_CURVE('',#32,#792,#794,.T.);
#792 = VERTEX_POINT('',#793);
#793 = CARTESIAN_POINT('',(-7.589014910633,8.354149813903,60.7949));
#794 = ( BOUNDED_CURVE() B_SPLINE_CURVE(9,(#795,#796,#797,#798,#799,#800
    ,#801,#802,#803,#804),.UNSPECIFIED.,.F.,.F.) 
B_SPLINE_CURVE_WITH_KNOTS((10,10),(19.683435575928,25.202069462236),
.PIECEWISE_BEZIER_KNOTS.) CURVE() GEOMETRIC_REPRESENTATION_ITEM() 
RATIONAL_B_SPLINE_CURVE((1.,1.,1.,1.,1.,1.,1.,1.,1.,1.)) 
REPRESENTATION_ITEM('') );
#795 = CARTESIAN_POINT('',(-7.589014910633,17.045850186097,60.7949));
#796 = CARTESIAN_POINT('',(-7.589014910633,15.824568543762,60.7949));
#797 = CARTESIAN_POINT('',(-7.589014910633,14.834740454397,60.7949));
#798 = CARTESIAN_POINT('',(-7.589014910633,13.942893625486,60.7949));
#799 = CARTESIAN_POINT('',(-7.589014910633,13.110712466579,60.7949));
#800 = CARTESIAN_POINT('',(-7.589014910633,12.289287533421,60.7949));
#801 = CARTESIAN_POINT('',(-7.589014910633,11.457106374514,60.7949));
#802 = CARTESIAN_POINT('',(-7.589014910633,10.565259545603,60.7949));
#803 = CARTESIAN_POINT('',(-7.589014910633,9.575431456238,60.7949));
#804 = CARTESIAN_POINT('',(-7.589014910633,8.354149813903,60.7949));
#805 = ORIENTED_EDGE('',*,*,#806,.T.);
#806 = EDGE_CURVE('',#792,#807,#809,.T.);
#807 = VERTEX_POINT('',#808);
#808 = CARTESIAN_POINT('',(-7.589014910633,-8.354149813903,60.7949));
#809 = LINE('',#810,#811);
#810 = CARTESIAN_POINT('',(-7.589014910633,22.225,60.7949));
#811 = VECTOR('',#812,1.);
#812 = DIRECTION('',(0.,-1.,2.22044604925E-16));
#813 = ORIENTED_EDGE('',*,*,#814,.T.);
#814 = EDGE_CURVE('',#807,#815,#817,.T.);
#815 = VERTEX_POINT('',#816);
#816 = CARTESIAN_POINT('',(-7.589014910633,-17.04585018609,60.7949));
#817 = ( BOUNDED_CURVE() B_SPLINE_CURVE(9,(#818,#819,#820,#821,#822,#823
    ,#824,#825,#826,#827),.UNSPECIFIED.,.F.,.F.) 
B_SPLINE_CURVE_WITH_KNOTS((10,10),(19.683435575928,25.202069462236),
.PIECEWISE_BEZIER_KNOTS.) CURVE() GEOMETRIC_REPRESENTATION_ITEM() 
RATIONAL_B_SPLINE_CURVE((1.,1.,1.,1.,1.,1.,1.,1.,1.,1.)) 
REPRESENTATION_ITEM('') );
#818 = CARTESIAN_POINT('',(-7.589014910633,-8.354149813903,60.7949));
#819 = CARTESIAN_POINT('',(-7.589014910633,-9.575431456238,60.7949));
#820 = CARTESIAN_POINT('',(-7.589014910633,-10.5652595456,60.7949));
#821 = CARTESIAN_POINT('',(-7.589014910633,-11.45710637451,60.7949));
#822 = CARTESIAN_POINT('',(-7.589014910633,-12.28928753342,60.7949));
#823 = CARTESIAN_POINT('',(-7.589014910633,-13.11071246657,60.7949));
#824 = CARTESIAN_POINT('',(-7.589014910633,-13.94289362548,60.7949));
#825 = CARTESIAN_POINT('',(-7.589014910633,-14.83474045439,60.7949));
#826 = CARTESIAN_POINT('',(-7.589014910633,-15.82456854376,60.7949));
#827 = CARTESIAN_POINT('',(-7.589014910633,-17.04585018609,60.7949));
#828 = ORIENTED_EDGE('',*,*,#829,.T.);
#829 = EDGE_CURVE('',#815,#830,#832,.T.);
#830 = VERTEX_POINT('',#831);
#831 = CARTESIAN_POINT('',(-7.589014910633,-22.225,60.7949));
#832 = LINE('',#833,#834);
#833 = CARTESIAN_POINT('',(-7.589014910633,22.225,60.7949));
#834 = VECTOR('',#835,1.);
#835 = DIRECTION('',(0.,-1.,2.22044604925E-16));
#836 = ORIENTED_EDGE('',*,*,#837,.T.);
#837 = EDGE_CURVE('',#830,#838,#840,.T.);
#838 = VERTEX_POINT('',#839);
#839 = CARTESIAN_POINT('',(1.935985089367,-22.225,60.7949));
#840 = LINE('',#841,#842);
#841 = CARTESIAN_POINT('',(-7.589014910633,-22.225,60.7949));
#842 = VECTOR('',#843,1.);
#843 = DIRECTION('',(1.,0.,0.));
#844 = ORIENTED_EDGE('',*,*,#845,.F.);
#845 = EDGE_CURVE('',#846,#838,#848,.T.);
#846 = VERTEX_POINT('',#847);
#847 = CARTESIAN_POINT('',(1.935985089367,22.225,60.7949));
#848 = LINE('',#849,#850);
#849 = CARTESIAN_POINT('',(1.935985089367,22.225,60.7949));
#850 = VECTOR('',#851,1.);
#851 = DIRECTION('',(0.,-1.,2.22044604925E-16));
#852 = ORIENTED_EDGE('',*,*,#853,.F.);
#853 = EDGE_CURVE('',#41,#846,#854,.T.);
#854 = LINE('',#855,#856);
#855 = CARTESIAN_POINT('',(-7.589014910633,22.225,60.7949));
#856 = VECTOR('',#857,1.);
#857 = DIRECTION('',(1.,0.,0.));
#858 = PLANE('',#859);
#859 = AXIS2_PLACEMENT_3D('',#860,#861,#862);
#860 = CARTESIAN_POINT('',(-7.589014910633,22.225,60.7949));
#861 = DIRECTION('',(0.,2.22044604925E-16,1.));
#862 = DIRECTION('',(1.,0.,0.));
#863 = ADVANCED_FACE('',(#864),#890,.T.);
#864 = FACE_BOUND('',#865,.T.);
#865 = EDGE_LOOP('',(#866,#875,#876,#877));
#866 = ORIENTED_EDGE('',*,*,#867,.F.);
#867 = EDGE_CURVE('',#64,#868,#870,.T.);
#868 = VERTEX_POINT('',#869);
#869 = CARTESIAN_POINT('',(-10.76401491063,10.092489888342,71.42226));
#870 = CIRCLE('',#871,3.175);
#871 = AXIS2_PLACEMENT_3D('',#872,#873,#874);
#872 = CARTESIAN_POINT('',(-10.76401491063,8.354149813903,74.0791));
#873 = DIRECTION('',(-0.,0.8368,0.547508684863));
#874 = DIRECTION('',(0.,-0.547508684863,0.8368));
#875 = ORIENTED_EDGE('',*,*,#63,.T.);
#876 = ORIENTED_EDGE('',*,*,#757,.T.);
#877 = ORIENTED_EDGE('',*,*,#878,.F.);
#878 = EDGE_CURVE('',#868,#758,#879,.T.);
#879 = ( BOUNDED_CURVE() B_SPLINE_CURVE(9,(#880,#881,#882,#883,#884,#885
    ,#886,#887,#888,#889),.UNSPECIFIED.,.F.,.F.) 
B_SPLINE_CURVE_WITH_KNOTS((10,10),(4.721600563207,10.240234449514),
.PIECEWISE_BEZIER_KNOTS.) CURVE() GEOMETRIC_REPRESENTATION_ITEM() 
RATIONAL_B_SPLINE_CURVE((1.,1.,1.,1.,1.,1.,1.,1.,1.,1.)) 
REPRESENTATION_ITEM('') );
#880 = CARTESIAN_POINT('',(-10.76401491063,10.092489888342,71.42226));
#881 = CARTESIAN_POINT('',(-10.76401491063,10.60559982193,
    71.757981970517));
#882 = CARTESIAN_POINT('',(-10.60676752297,11.167338758663,
    72.019382747582));
#883 = CARTESIAN_POINT('',(-10.50432321397,11.76540191686,
    72.198410648863));
#884 = CARTESIAN_POINT('',(-10.42069904102,12.385931787276,
    72.289393879462));
#885 = CARTESIAN_POINT('',(-10.42069904102,13.014068212724,
    72.289393879462));
#886 = CARTESIAN_POINT('',(-10.50432321397,13.63459808314,
    72.198410648864));
#887 = CARTESIAN_POINT('',(-10.60676752297,14.232661241338,
    72.019382747582));
#888 = CARTESIAN_POINT('',(-10.76401491063,14.79440017807,
    71.757981970517));
#889 = CARTESIAN_POINT('',(-10.76401491063,15.307510111658,71.42226));
#890 = ( BOUNDED_SURFACE() B_SPLINE_SURFACE(2,9,(
    (#891,#892,#893,#894,#895,#896,#897,#898,#899,#900)
    ,(#901,#902,#903,#904,#905,#906,#907,#908,#909,#910)
    ,(#911,#912,#913,#914,#915,#916,#917,#918,#919,#920
)),.UNSPECIFIED.,.F.,.F.,.F.) B_SPLINE_SURFACE_WITH_KNOTS((3,3),(10,10),
  (0.,5.518633886307),(4.721600563207,10.240234449514),
.PIECEWISE_BEZIER_KNOTS.) GEOMETRIC_REPRESENTATION_ITEM() 
RATIONAL_B_SPLINE_SURFACE((
    (1.,1.,1.,1.,1.,1.,1.,1.,1.,1.)
    ,(0.707106781187,0.78156593879,0.816769243619,0.840716920674
      ,0.849446816312,0.849446816312,0.840716920674,0.816769243619
      ,0.78156593879,0.707106781187)
,(1.,1.,1.,1.,1.,1.,1.,1.,1.,1.))) REPRESENTATION_ITEM('') SURFACE() );
#891 = CARTESIAN_POINT('',(-10.76401491063,10.092489888342,71.42226));
#892 = CARTESIAN_POINT('',(-10.76401491063,10.60559982193,
    71.757981970517));
#893 = CARTESIAN_POINT('',(-10.60676752297,11.167338758663,
    72.019382747582));
#894 = CARTESIAN_POINT('',(-10.50432321397,11.76540191686,
    72.198410648863));
#895 = CARTESIAN_POINT('',(-10.42069904102,12.385931787276,
    72.289393879462));
#896 = CARTESIAN_POINT('',(-10.42069904102,13.014068212724,
    72.289393879462));
#897 = CARTESIAN_POINT('',(-10.50432321397,13.63459808314,
    72.198410648864));
#898 = CARTESIAN_POINT('',(-10.60676752297,14.232661241338,
    72.019382747582));
#899 = CARTESIAN_POINT('',(-10.76401491063,14.79440017807,
    71.757981970517));
#900 = CARTESIAN_POINT('',(-10.76401491063,15.307510111658,71.42226));
#901 = CARTESIAN_POINT('',(-7.589014910633,10.092489888342,71.42226));
#902 = CARTESIAN_POINT('',(-8.193974297062,10.556716251757,
    71.725998008738));
#903 = CARTESIAN_POINT('',(-8.372060104706,11.128448296566,
    72.007729463108));
#904 = CARTESIAN_POINT('',(-8.444098517317,11.729648602451,
    72.191780095145));
#905 = CARTESIAN_POINT('',(-8.455639404047,12.382988209868,
    72.293546467431));
#906 = CARTESIAN_POINT('',(-8.455639404048,13.017011790132,
    72.293546467431));
#907 = CARTESIAN_POINT('',(-8.444098517317,13.670351397549,
    72.191780095145));
#908 = CARTESIAN_POINT('',(-8.372060104706,14.271551703434,
    72.007729463108));
#909 = CARTESIAN_POINT('',(-8.193974297062,14.843283748243,
    71.725998008738));
#910 = CARTESIAN_POINT('',(-7.589014910633,15.307510111658,71.42226));
#911 = CARTESIAN_POINT('',(-7.589014910633,8.354149813903,74.0791));
#912 = CARTESIAN_POINT('',(-7.589014910633,9.575431456238,74.0791));
#913 = CARTESIAN_POINT('',(-7.589014910633,10.565259545603,74.0791));
#914 = CARTESIAN_POINT('',(-7.589014910633,11.457106374514,74.0791));
#915 = CARTESIAN_POINT('',(-7.589014910633,12.289287533421,74.0791));
#916 = CARTESIAN_POINT('',(-7.589014910633,13.110712466579,74.0791));
#917 = CARTESIAN_POINT('',(-7.589014910633,13.942893625486,74.0791));
#918 = CARTESIAN_POINT('',(-7.589014910633,14.834740454397,74.0791));
#919 = CARTESIAN_POINT('',(-7.589014910633,15.824568543762,74.0791));
#920 = CARTESIAN_POINT('',(-7.589014910633,17.045850186097,74.0791));
#921 = ADVANCED_FACE('',(#922),#949,.F.);
#922 = FACE_BOUND('',#923,.F.);
#923 = EDGE_LOOP('',(#924,#925,#932,#933,#942));
#924 = ORIENTED_EDGE('',*,*,#78,.T.);
#925 = ORIENTED_EDGE('',*,*,#926,.T.);
#926 = EDGE_CURVE('',#79,#807,#927,.T.);
#927 = CIRCLE('',#928,7.9375);
#928 = AXIS2_PLACEMENT_3D('',#929,#930,#931);
#929 = CARTESIAN_POINT('',(-7.589014910633,-12.7,67.437));
#930 = DIRECTION('',(-1.,-0.,0.));
#931 = DIRECTION('',(0.,-1.,-2.98390650188E-15));
#932 = ORIENTED_EDGE('',*,*,#806,.F.);
#933 = ORIENTED_EDGE('',*,*,#934,.T.);
#934 = EDGE_CURVE('',#792,#935,#937,.T.);
#935 = VERTEX_POINT('',#936);
#936 = CARTESIAN_POINT('',(-7.589014910633,4.7625,67.437));
#937 = CIRCLE('',#938,7.9375);
#938 = AXIS2_PLACEMENT_3D('',#939,#940,#941);
#939 = CARTESIAN_POINT('',(-7.589014910633,12.7,67.437));
#940 = DIRECTION('',(-1.,0.,0.));
#941 = DIRECTION('',(0.,-1.,0.));
#942 = ORIENTED_EDGE('',*,*,#943,.T.);
#943 = EDGE_CURVE('',#935,#64,#944,.T.);
#944 = CIRCLE('',#945,7.9375);
#945 = AXIS2_PLACEMENT_3D('',#946,#947,#948);
#946 = CARTESIAN_POINT('',(-7.589014910633,12.7,67.437));
#947 = DIRECTION('',(-1.,0.,0.));
#948 = DIRECTION('',(0.,-1.,0.));
#949 = PLANE('',#950);
#950 = AXIS2_PLACEMENT_3D('',#951,#952,#953);
#951 = CARTESIAN_POINT('',(-7.589014910633,22.225,74.0791));
#952 = DIRECTION('',(1.,0.,0.));
#953 = DIRECTION('',(0.,-2.22044604925E-16,-1.));
#954 = ADVANCED_FACE('',(#955),#982,.T.);
#955 = FACE_BOUND('',#956,.T.);
#956 = EDGE_LOOP('',(#957,#966,#974,#981));
#957 = ORIENTED_EDGE('',*,*,#958,.F.);
#958 = EDGE_CURVE('',#959,#110,#961,.T.);
#959 = VERTEX_POINT('',#960);
#960 = CARTESIAN_POINT('',(10.033,-22.225,57.997046345453));
#961 = CIRCLE('',#962,9.525);
#962 = AXIS2_PLACEMENT_3D('',#963,#964,#965);
#963 = CARTESIAN_POINT('',(8.763,-22.225,67.437));
#964 = DIRECTION('',(0.,-1.,2.22044604925E-16));
#965 = DIRECTION('',(1.,0.,0.));
#966 = ORIENTED_EDGE('',*,*,#967,.T.);
#967 = EDGE_CURVE('',#959,#968,#970,.T.);
#968 = VERTEX_POINT('',#969);
#969 = CARTESIAN_POINT('',(10.033,22.225,57.997046345453));
#970 = LINE('',#971,#972);
#971 = CARTESIAN_POINT('',(10.033,-22.225,57.997046345453));
#972 = VECTOR('',#973,1.);
#973 = DIRECTION('',(-0.,1.,-2.22044604925E-16));
#974 = ORIENTED_EDGE('',*,*,#975,.T.);
#975 = EDGE_CURVE('',#968,#118,#976,.T.);
#976 = CIRCLE('',#977,9.525);
#977 = AXIS2_PLACEMENT_3D('',#978,#979,#980);
#978 = CARTESIAN_POINT('',(8.763,22.225,67.437));
#979 = DIRECTION('',(0.,-1.,2.22044604925E-16));
#980 = DIRECTION('',(1.,0.,0.));
#981 = ORIENTED_EDGE('',*,*,#117,.T.);
#982 = CYLINDRICAL_SURFACE('',#983,9.525);
#983 = AXIS2_PLACEMENT_3D('',#984,#985,#986);
#984 = CARTESIAN_POINT('',(8.763,-22.225,67.437));
#985 = DIRECTION('',(0.,-1.,2.22044604925E-16));
#986 = DIRECTION('',(1.,0.,0.));
#987 = ADVANCED_FACE('',(#988),#1021,.T.);
#988 = FACE_BOUND('',#989,.T.);
#989 = EDGE_LOOP('',(#990,#999,#1000,#1008));
#990 = ORIENTED_EDGE('',*,*,#991,.F.);
#991 = EDGE_CURVE('',#87,#992,#994,.T.);
#992 = VERTEX_POINT('',#993);
#993 = CARTESIAN_POINT('',(-10.76401491063,-15.30751011165,71.42226));
#994 = CIRCLE('',#995,3.175);
#995 = AXIS2_PLACEMENT_3D('',#996,#997,#998);
#996 = CARTESIAN_POINT('',(-10.76401491063,-17.04585018609,74.0791));
#997 = DIRECTION('',(-0.,0.8368,0.547508684863));
#998 = DIRECTION('',(0.,-0.547508684863,0.8368));
#999 = ORIENTED_EDGE('',*,*,#86,.T.);
#1000 = ORIENTED_EDGE('',*,*,#1001,.T.);
#1001 = EDGE_CURVE('',#79,#1002,#1004,.T.);
#1002 = VERTEX_POINT('',#1003);
#1003 = CARTESIAN_POINT('',(-10.76401491063,-10.09248988834,71.42226));
#1004 = ( BOUNDED_CURVE() B_SPLINE_CURVE(2,(#1005,#1006,#1007),
.UNSPECIFIED.,.F.,.F.) B_SPLINE_CURVE_WITH_KNOTS((3,3),(0.,
5.518633886307),.PIECEWISE_BEZIER_KNOTS.) CURVE() 
GEOMETRIC_REPRESENTATION_ITEM() RATIONAL_B_SPLINE_CURVE((1.,
0.707106781187,1.)) REPRESENTATION_ITEM('') );
#1005 = CARTESIAN_POINT('',(-7.589014910633,-8.354149813903,74.0791));
#1006 = CARTESIAN_POINT('',(-7.589014910633,-10.09248988834,71.42226));
#1007 = CARTESIAN_POINT('',(-10.76401491063,-10.09248988834,71.42226));
#1008 = ORIENTED_EDGE('',*,*,#1009,.F.);
#1009 = EDGE_CURVE('',#992,#1002,#1010,.T.);
#1010 = ( BOUNDED_CURVE() B_SPLINE_CURVE(9,(#1011,#1012,#1013,#1014,
    #1015,#1016,#1017,#1018,#1019,#1020),.UNSPECIFIED.,.F.,.F.) 
B_SPLINE_CURVE_WITH_KNOTS((10,10),(4.721600563207,10.240234449514),
.PIECEWISE_BEZIER_KNOTS.) CURVE() GEOMETRIC_REPRESENTATION_ITEM() 
RATIONAL_B_SPLINE_CURVE((1.,1.,1.,1.,1.,1.,1.,1.,1.,1.)) 
REPRESENTATION_ITEM('') );
#1011 = CARTESIAN_POINT('',(-10.76401491063,-15.30751011165,71.42226));
#1012 = CARTESIAN_POINT('',(-10.76401491063,-14.79440017807,
    71.757981970517));
#1013 = CARTESIAN_POINT('',(-10.60676752297,-14.23266124133,
    72.019382747582));
#1014 = CARTESIAN_POINT('',(-10.50432321397,-13.63459808314,
    72.198410648863));
#1015 = CARTESIAN_POINT('',(-10.42069904102,-13.01406821272,
    72.289393879462));
#1016 = CARTESIAN_POINT('',(-10.42069904102,-12.38593178727,
    72.289393879462));
#1017 = CARTESIAN_POINT('',(-10.50432321397,-11.76540191685,
    72.198410648863));
#1018 = CARTESIAN_POINT('',(-10.60676752297,-11.16733875866,
    72.019382747582));
#1019 = CARTESIAN_POINT('',(-10.76401491063,-10.60559982192,
    71.757981970517));
#1020 = CARTESIAN_POINT('',(-10.76401491063,-10.09248988834,71.42226));
#1021 = ( BOUNDED_SURFACE() B_SPLINE_SURFACE(2,9,(
    (#1022,#1023,#1024,#1025,#1026,#1027,#1028,#1029,#1030,#1031)
    ,(#1032,#1033,#1034,#1035,#1036,#1037,#1038,#1039,#1040,#1041)
    ,(#1042,#1043,#1044,#1045,#1046,#1047,#1048,#1049,#1050,#1051
)),.UNSPECIFIED.,.F.,.F.,.F.) B_SPLINE_SURFACE_WITH_KNOTS((3,3),(10,10),
  (0.,5.518633886307),(4.721600563207,10.240234449514),
.PIECEWISE_BEZIER_KNOTS.) GEOMETRIC_REPRESENTATION_ITEM() 
RATIONAL_B_SPLINE_SURFACE((
    (1.,1.,1.,1.,1.,1.,1.,1.,1.,1.)
    ,(0.707106781187,0.78156593879,0.816769243619,0.840716920674
      ,0.849446816312,0.849446816312,0.840716920674,0.816769243619
      ,0.78156593879,0.707106781187)
,(1.,1.,1.,1.,1.,1.,1.,1.,1.,1.))) REPRESENTATION_ITEM('') SURFACE() );
#1022 = CARTESIAN_POINT('',(-10.76401491063,-15.30751011165,71.42226));
#1023 = CARTESIAN_POINT('',(-10.76401491063,-14.79440017807,
    71.757981970517));
#1024 = CARTESIAN_POINT('',(-10.60676752297,-14.23266124133,
    72.019382747582));
#1025 = CARTESIAN_POINT('',(-10.50432321397,-13.63459808314,
    72.198410648863));
#1026 = CARTESIAN_POINT('',(-10.42069904102,-13.01406821272,
    72.289393879462));
#1027 = CARTESIAN_POINT('',(-10.42069904102,-12.38593178727,
    72.289393879462));
#1028 = CARTESIAN_POINT('',(-10.50432321397,-11.76540191685,
    72.198410648863));
#1029 = CARTESIAN_POINT('',(-10.60676752297,-11.16733875866,
    72.019382747582));
#1030 = CARTESIAN_POINT('',(-10.76401491063,-10.60559982192,
    71.757981970517));
#1031 = CARTESIAN_POINT('',(-10.76401491063,-10.09248988834,71.42226));
#1032 = CARTESIAN_POINT('',(-7.589014910633,-15.30751011165,71.42226));
#1033 = CARTESIAN_POINT('',(-8.193974297062,-14.84328374824,
    71.725998008738));
#1034 = CARTESIAN_POINT('',(-8.372060104706,-14.27155170343,
    72.007729463108));
#1035 = CARTESIAN_POINT('',(-8.444098517317,-13.67035139754,
    72.191780095145));
#1036 = CARTESIAN_POINT('',(-8.455639404047,-13.01701179013,
    72.293546467431));
#1037 = CARTESIAN_POINT('',(-8.455639404048,-12.38298820986,
    72.293546467431));
#1038 = CARTESIAN_POINT('',(-8.444098517317,-11.72964860245,
    72.191780095145));
#1039 = CARTESIAN_POINT('',(-8.372060104706,-11.12844829656,
    72.007729463108));
#1040 = CARTESIAN_POINT('',(-8.193974297062,-10.55671625175,
    71.725998008738));
#1041 = CARTESIAN_POINT('',(-7.589014910633,-10.09248988834,71.42226));
#1042 = CARTESIAN_POINT('',(-7.589014910633,-17.04585018609,74.0791));
#1043 = CARTESIAN_POINT('',(-7.589014910633,-15.82456854376,74.0791));
#1044 = CARTESIAN_POINT('',(-7.589014910633,-14.83474045439,74.0791));
#1045 = CARTESIAN_POINT('',(-7.589014910633,-13.94289362548,74.0791));
#1046 = CARTESIAN_POINT('',(-7.589014910633,-13.11071246657,74.0791));
#1047 = CARTESIAN_POINT('',(-7.589014910633,-12.28928753342,74.0791));
#1048 = CARTESIAN_POINT('',(-7.589014910633,-11.45710637451,74.0791));
#1049 = CARTESIAN_POINT('',(-7.589014910633,-10.5652595456,74.0791));
#1050 = CARTESIAN_POINT('',(-7.589014910633,-9.575431456238,74.0791));
#1051 = CARTESIAN_POINT('',(-7.589014910633,-8.354149813903,74.0791));
#1052 = ADVANCED_FACE('',(#1053),#1079,.F.);
#1053 = FACE_BOUND('',#1054,.F.);
#1054 = EDGE_LOOP('',(#1055,#1056,#1062,#1063,#1072));
#1055 = ORIENTED_EDGE('',*,*,#101,.T.);
#1056 = ORIENTED_EDGE('',*,*,#1057,.T.);
#1057 = EDGE_CURVE('',#102,#830,#1058,.T.);
#1058 = LINE('',#1059,#1060);
#1059 = CARTESIAN_POINT('',(-7.589014910633,-22.225,74.0791));
#1060 = VECTOR('',#1061,1.);
#1061 = DIRECTION('',(0.,-2.22044604925E-16,-1.));
#1062 = ORIENTED_EDGE('',*,*,#829,.F.);
#1063 = ORIENTED_EDGE('',*,*,#1064,.T.);
#1064 = EDGE_CURVE('',#815,#1065,#1067,.T.);
#1065 = VERTEX_POINT('',#1066);
#1066 = CARTESIAN_POINT('',(-7.589014910633,-20.6375,67.437));
#1067 = CIRCLE('',#1068,7.9375);
#1068 = AXIS2_PLACEMENT_3D('',#1069,#1070,#1071);
#1069 = CARTESIAN_POINT('',(-7.589014910633,-12.7,67.437));
#1070 = DIRECTION('',(-1.,-0.,0.));
#1071 = DIRECTION('',(0.,-1.,-2.98390650188E-15));
#1072 = ORIENTED_EDGE('',*,*,#1073,.T.);
#1073 = EDGE_CURVE('',#1065,#87,#1074,.T.);
#1074 = CIRCLE('',#1075,7.9375);
#1075 = AXIS2_PLACEMENT_3D('',#1076,#1077,#1078);
#1076 = CARTESIAN_POINT('',(-7.589014910633,-12.7,67.437));
#1077 = DIRECTION('',(-1.,-0.,0.));
#1078 = DIRECTION('',(0.,-1.,-2.98390650188E-15));
#1079 = PLANE('',#1080);
#1080 = AXIS2_PLACEMENT_3D('',#1081,#1082,#1083);
#1081 = CARTESIAN_POINT('',(-7.589014910633,22.225,74.0791));
#1082 = DIRECTION('',(1.,0.,0.));
#1083 = DIRECTION('',(0.,-2.22044604925E-16,-1.));
#1084 = ADVANCED_FACE('',(#1085),#1110,.F.);
#1085 = FACE_BOUND('',#1086,.F.);
#1086 = EDGE_LOOP('',(#1087,#1095,#1103,#1109));
#1087 = ORIENTED_EDGE('',*,*,#1088,.T.);
#1088 = EDGE_CURVE('',#134,#1089,#1091,.T.);
#1089 = VERTEX_POINT('',#1090);
#1090 = CARTESIAN_POINT('',(-3.792637404736,12.085798593003,73.0791));
#1091 = LINE('',#1092,#1093);
#1092 = CARTESIAN_POINT('',(-3.792637404736,12.085798593003,74.0791));
#1093 = VECTOR('',#1094,1.);
#1094 = DIRECTION('',(-0.,-0.,-1.));
#1095 = ORIENTED_EDGE('',*,*,#1096,.T.);
#1096 = EDGE_CURVE('',#1089,#1097,#1099,.T.);
#1097 = VERTEX_POINT('',#1098);
#1098 = CARTESIAN_POINT('',(-3.792637404736,11.146496558805,73.0791));
#1099 = LINE('',#1100,#1101);
#1100 = CARTESIAN_POINT('',(-3.792637404736,12.085798593003,73.0791));
#1101 = VECTOR('',#1102,1.);
#1102 = DIRECTION('',(-2.22044604925E-16,-1.,0.));
#1103 = ORIENTED_EDGE('',*,*,#1104,.F.);
#1104 = EDGE_CURVE('',#136,#1097,#1105,.T.);
#1105 = LINE('',#1106,#1107);
#1106 = CARTESIAN_POINT('',(-3.792637404736,11.146496558805,74.0791));
#1107 = VECTOR('',#1108,1.);
#1108 = DIRECTION('',(-0.,-0.,-1.));
#1109 = ORIENTED_EDGE('',*,*,#133,.F.);
#1110 = PLANE('',#1111);
#1111 = AXIS2_PLACEMENT_3D('',#1112,#1113,#1114);
#1112 = CARTESIAN_POINT('',(-3.792637404736,12.085798593003,74.0791));
#1113 = DIRECTION('',(-1.,2.22044604925E-16,0.));
#1114 = DIRECTION('',(-2.22044604925E-16,-1.,0.));
#1115 = ADVANCED_FACE('',(#1116),#1135,.F.);
#1116 = FACE_BOUND('',#1117,.F.);
#1117 = EDGE_LOOP('',(#1118,#1119,#1128,#1134));
#1118 = ORIENTED_EDGE('',*,*,#1104,.T.);
#1119 = ORIENTED_EDGE('',*,*,#1120,.T.);
#1120 = EDGE_CURVE('',#1097,#1121,#1123,.T.);
#1121 = VERTEX_POINT('',#1122);
#1122 = CARTESIAN_POINT('',(-3.74958021134,11.036357506132,73.0791));
#1123 = B_SPLINE_CURVE_WITH_KNOTS('',3,(#1124,#1125,#1126,#1127),
  .UNSPECIFIED.,.F.,.F.,(4,4),(0.,1.),.PIECEWISE_BEZIER_KNOTS.);
#1124 = CARTESIAN_POINT('',(-3.792637404736,11.146496558805,73.0791));
#1125 = CARTESIAN_POINT('',(-3.792637404736,11.06506230173,73.0791));
#1126 = CARTESIAN_POINT('',(-3.787957275019,11.050709903931,73.0791));
#1127 = CARTESIAN_POINT('',(-3.74958021134,11.036357506132,73.0791));
#1128 = ORIENTED_EDGE('',*,*,#1129,.F.);
#1129 = EDGE_CURVE('',#302,#1121,#1130,.T.);
#1130 = LINE('',#1131,#1132);
#1131 = CARTESIAN_POINT('',(-3.74958021134,11.036357506132,74.0791));
#1132 = VECTOR('',#1133,1.);
#1133 = DIRECTION('',(-0.,-0.,-1.));
#1134 = ORIENTED_EDGE('',*,*,#309,.F.);
#1135 = SURFACE_OF_LINEAR_EXTRUSION('',#1136,#1141);
#1136 = B_SPLINE_CURVE_WITH_KNOTS('',3,(#1137,#1138,#1139,#1140),
  .UNSPECIFIED.,.F.,.F.,(4,4),(0.,1.),.PIECEWISE_BEZIER_KNOTS.);
#1137 = CARTESIAN_POINT('',(-3.792637404736,11.146496558805,74.0791));
#1138 = CARTESIAN_POINT('',(-3.792637404736,11.06506230173,74.0791));
#1139 = CARTESIAN_POINT('',(-3.787957275019,11.050709903931,74.0791));
#1140 = CARTESIAN_POINT('',(-3.74958021134,11.036357506132,74.0791));
#1141 = VECTOR('',#1142,1.);
#1142 = DIRECTION('',(0.,0.,1.));
#1143 = ADVANCED_FACE('',(#1144),#1162,.F.);
#1144 = FACE_BOUND('',#1145,.F.);
#1145 = EDGE_LOOP('',(#1146,#1147,#1155,#1161));
#1146 = ORIENTED_EDGE('',*,*,#1129,.T.);
#1147 = ORIENTED_EDGE('',*,*,#1148,.T.);
#1148 = EDGE_CURVE('',#1121,#1149,#1151,.T.);
#1149 = VERTEX_POINT('',#1150);
#1150 = CARTESIAN_POINT('',(-3.323064389799,10.854144455818,73.0791));
#1151 = LINE('',#1152,#1153);
#1152 = CARTESIAN_POINT('',(-3.74958021134,11.036357506132,73.0791));
#1153 = VECTOR('',#1154,1.);
#1154 = DIRECTION('',(0.919596764583,-0.392863577554,0.));
#1155 = ORIENTED_EDGE('',*,*,#1156,.F.);
#1156 = EDGE_CURVE('',#294,#1149,#1157,.T.);
#1157 = LINE('',#1158,#1159);
#1158 = CARTESIAN_POINT('',(-3.323064389799,10.854144455818,74.0791));
#1159 = VECTOR('',#1160,1.);
#1160 = DIRECTION('',(-0.,-0.,-1.));
#1161 = ORIENTED_EDGE('',*,*,#301,.F.);
#1162 = PLANE('',#1163);
#1163 = AXIS2_PLACEMENT_3D('',#1164,#1165,#1166);
#1164 = CARTESIAN_POINT('',(-3.74958021134,11.036357506132,74.0791));
#1165 = DIRECTION('',(-0.392863577554,-0.919596764583,0.));
#1166 = DIRECTION('',(0.919596764583,-0.392863577554,0.));
#1167 = ADVANCED_FACE('',(#1168),#1186,.F.);
#1168 = FACE_BOUND('',#1169,.F.);
#1169 = EDGE_LOOP('',(#1170,#1171,#1179,#1185));
#1170 = ORIENTED_EDGE('',*,*,#1156,.T.);
#1171 = ORIENTED_EDGE('',*,*,#1172,.T.);
#1172 = EDGE_CURVE('',#1149,#1173,#1175,.T.);
#1173 = VERTEX_POINT('',#1174);
#1174 = CARTESIAN_POINT('',(-3.289523460161,10.897357653538,73.0791));
#1175 = LINE('',#1176,#1177);
#1176 = CARTESIAN_POINT('',(-3.323064389799,10.854144455818,73.0791));
#1177 = VECTOR('',#1178,1.);
#1178 = DIRECTION('',(0.613150559542,0.789966069735,0.));
#1179 = ORIENTED_EDGE('',*,*,#1180,.F.);
#1180 = EDGE_CURVE('',#285,#1173,#1181,.T.);
#1181 = LINE('',#1182,#1183);
#1182 = CARTESIAN_POINT('',(-3.289523460161,10.897357653538,74.0791));
#1183 = VECTOR('',#1184,1.);
#1184 = DIRECTION('',(-0.,-0.,-1.));
#1185 = ORIENTED_EDGE('',*,*,#293,.F.);
#1186 = PLANE('',#1187);
#1187 = AXIS2_PLACEMENT_3D('',#1188,#1189,#1190);
#1188 = CARTESIAN_POINT('',(-3.323064389799,10.854144455818,74.0791));
#1189 = DIRECTION('',(0.789966069735,-0.613150559542,0.));
#1190 = DIRECTION('',(0.613150559542,0.789966069735,0.));
#1191 = ADVANCED_FACE('',(#1192),#1211,.F.);
#1192 = FACE_BOUND('',#1193,.F.);
#1193 = EDGE_LOOP('',(#1194,#1195,#1204,#1210));
#1194 = ORIENTED_EDGE('',*,*,#1180,.T.);
#1195 = ORIENTED_EDGE('',*,*,#1196,.T.);
#1196 = EDGE_CURVE('',#1173,#1197,#1199,.T.);
#1197 = VERTEX_POINT('',#1198);
#1198 = CARTESIAN_POINT('',(-3.414014910633,11.117791763208,73.0791));
#1199 = B_SPLINE_CURVE_WITH_KNOTS('',3,(#1200,#1201,#1202,#1203),
  .UNSPECIFIED.,.F.,.F.,(4,4),(0.,1.),.PIECEWISE_BEZIER_KNOTS.);
#1200 = CARTESIAN_POINT('',(-3.289523460161,10.897357653538,73.0791));
#1201 = CARTESIAN_POINT('',(-3.385310115035,10.969275646855,73.0791));
#1202 = CARTESIAN_POINT('',(-3.414014910633,11.012332840252,73.0791));
#1203 = CARTESIAN_POINT('',(-3.414014910633,11.117791763208,73.0791));
#1204 = ORIENTED_EDGE('',*,*,#1205,.F.);
#1205 = EDGE_CURVE('',#277,#1197,#1206,.T.);
#1206 = LINE('',#1207,#1208);
#1207 = CARTESIAN_POINT('',(-3.414014910633,11.117791763208,74.0791));
#1208 = VECTOR('',#1209,1.);
#1209 = DIRECTION('',(-0.,-0.,-1.));
#1210 = ORIENTED_EDGE('',*,*,#284,.F.);
#1211 = SURFACE_OF_LINEAR_EXTRUSION('',#1212,#1217);
#1212 = B_SPLINE_CURVE_WITH_KNOTS('',3,(#1213,#1214,#1215,#1216),
  .UNSPECIFIED.,.F.,.F.,(4,4),(0.,1.),.PIECEWISE_BEZIER_KNOTS.);
#1213 = CARTESIAN_POINT('',(-3.289523460161,10.897357653538,74.0791));
#1214 = CARTESIAN_POINT('',(-3.385310115035,10.969275646855,74.0791));
#1215 = CARTESIAN_POINT('',(-3.414014910633,11.012332840252,74.0791));
#1216 = CARTESIAN_POINT('',(-3.414014910633,11.117791763208,74.0791));
#1217 = VECTOR('',#1218,1.);
#1218 = DIRECTION('',(0.,0.,1.));
#1219 = ADVANCED_FACE('',(#1220),#1238,.F.);
#1220 = FACE_BOUND('',#1221,.F.);
#1221 = EDGE_LOOP('',(#1222,#1223,#1231,#1237));
#1222 = ORIENTED_EDGE('',*,*,#1205,.T.);
#1223 = ORIENTED_EDGE('',*,*,#1224,.T.);
#1224 = EDGE_CURVE('',#1197,#1225,#1227,.T.);
#1225 = VERTEX_POINT('',#1226);
#1226 = CARTESIAN_POINT('',(-3.414014910633,12.119339522642,73.0791));
#1227 = LINE('',#1228,#1229);
#1228 = CARTESIAN_POINT('',(-3.414014910633,11.117791763208,73.0791));
#1229 = VECTOR('',#1230,1.);
#1230 = DIRECTION('',(2.22044604925E-16,1.,0.));
#1231 = ORIENTED_EDGE('',*,*,#1232,.F.);
#1232 = EDGE_CURVE('',#269,#1225,#1233,.T.);
#1233 = LINE('',#1234,#1235);
#1234 = CARTESIAN_POINT('',(-3.414014910633,12.119339522642,74.0791));
#1235 = VECTOR('',#1236,1.);
#1236 = DIRECTION('',(-0.,-0.,-1.));
#1237 = ORIENTED_EDGE('',*,*,#276,.F.);
#1238 = PLANE('',#1239);
#1239 = AXIS2_PLACEMENT_3D('',#1240,#1241,#1242);
#1240 = CARTESIAN_POINT('',(-3.414014910633,11.117791763208,74.0791));
#1241 = DIRECTION('',(1.,-2.22044604925E-16,0.));
#1242 = DIRECTION('',(2.22044604925E-16,1.,0.));
#1243 = ADVANCED_FACE('',(#1244),#1262,.F.);
#1244 = FACE_BOUND('',#1245,.F.);
#1245 = EDGE_LOOP('',(#1246,#1247,#1255,#1261));
#1246 = ORIENTED_EDGE('',*,*,#1232,.T.);
#1247 = ORIENTED_EDGE('',*,*,#1248,.T.);
#1248 = EDGE_CURVE('',#1225,#1249,#1251,.T.);
#1249 = VERTEX_POINT('',#1250);
#1250 = CARTESIAN_POINT('',(-4.551442436183,12.641798003381,73.0791));
#1251 = LINE('',#1252,#1253);
#1252 = CARTESIAN_POINT('',(-3.414014910633,12.119339522642,73.0791));
#1253 = VECTOR('',#1254,1.);
#1254 = DIRECTION('',(-0.908720288708,0.417405602371,0.));
#1255 = ORIENTED_EDGE('',*,*,#1256,.F.);
#1256 = EDGE_CURVE('',#260,#1249,#1257,.T.);
#1257 = LINE('',#1258,#1259);
#1258 = CARTESIAN_POINT('',(-4.551442436183,12.641798003381,74.0791));
#1259 = VECTOR('',#1260,1.);
#1260 = DIRECTION('',(-0.,-0.,-1.));
#1261 = ORIENTED_EDGE('',*,*,#268,.F.);
#1262 = PLANE('',#1263);
#1263 = AXIS2_PLACEMENT_3D('',#1264,#1265,#1266);
#1264 = CARTESIAN_POINT('',(-3.414014910633,12.119339522642,74.0791));
#1265 = DIRECTION('',(0.417405602371,0.908720288708,0.));
#1266 = DIRECTION('',(-0.908720288708,0.417405602371,0.));
#1267 = ADVANCED_FACE('',(#1268),#1287,.F.);
#1268 = FACE_BOUND('',#1269,.F.);
#1269 = EDGE_LOOP('',(#1270,#1271,#1280,#1286));
#1270 = ORIENTED_EDGE('',*,*,#1256,.T.);
#1271 = ORIENTED_EDGE('',*,*,#1272,.T.);
#1272 = EDGE_CURVE('',#1249,#1273,#1275,.T.);
#1273 = VERTEX_POINT('',#1274);
#1274 = CARTESIAN_POINT('',(-4.57531109774,12.646478133098,73.0791));
#1275 = B_SPLINE_CURVE_WITH_KNOTS('',3,(#1276,#1277,#1278,#1279),
  .UNSPECIFIED.,.F.,.F.,(4,4),(0.,1.),.PIECEWISE_BEZIER_KNOTS.);
#1276 = CARTESIAN_POINT('',(-4.551442436183,12.641798003381,73.0791));
#1277 = CARTESIAN_POINT('',(-4.560958699941,12.646478133098,73.0791));
#1278 = CARTESIAN_POINT('',(-4.565794833982,12.646478133098,73.0791));
#1279 = CARTESIAN_POINT('',(-4.57531109774,12.646478133098,73.0791));
#1280 = ORIENTED_EDGE('',*,*,#1281,.F.);
#1281 = EDGE_CURVE('',#251,#1273,#1282,.T.);
#1282 = LINE('',#1283,#1284);
#1283 = CARTESIAN_POINT('',(-4.57531109774,12.646478133098,74.0791));
#1284 = VECTOR('',#1285,1.);
#1285 = DIRECTION('',(-0.,-0.,-1.));
#1286 = ORIENTED_EDGE('',*,*,#259,.F.);
#1287 = SURFACE_OF_LINEAR_EXTRUSION('',#1288,#1293);
#1288 = B_SPLINE_CURVE_WITH_KNOTS('',3,(#1289,#1290,#1291,#1292),
  .UNSPECIFIED.,.F.,.F.,(4,4),(0.,1.),.PIECEWISE_BEZIER_KNOTS.);
#1289 = CARTESIAN_POINT('',(-4.551442436183,12.641798003381,74.0791));
#1290 = CARTESIAN_POINT('',(-4.560958699941,12.646478133098,74.0791));
#1291 = CARTESIAN_POINT('',(-4.565794833982,12.646478133098,74.0791));
#1292 = CARTESIAN_POINT('',(-4.57531109774,12.646478133098,74.0791));
#1293 = VECTOR('',#1294,1.);
#1294 = DIRECTION('',(0.,0.,1.));
#1295 = ADVANCED_FACE('',(#1296),#1315,.F.);
#1296 = FACE_BOUND('',#1297,.F.);
#1297 = EDGE_LOOP('',(#1298,#1299,#1308,#1314));
#1298 = ORIENTED_EDGE('',*,*,#1281,.T.);
#1299 = ORIENTED_EDGE('',*,*,#1300,.T.);
#1300 = EDGE_CURVE('',#1273,#1301,#1303,.T.);
#1301 = VERTEX_POINT('',#1302);
#1302 = CARTESIAN_POINT('',(-4.613844165743,12.589068541903,73.0791));
#1303 = B_SPLINE_CURVE_WITH_KNOTS('',3,(#1304,#1305,#1306,#1307),
  .UNSPECIFIED.,.F.,.F.,(4,4),(0.,1.),.PIECEWISE_BEZIER_KNOTS.);
#1304 = CARTESIAN_POINT('',(-4.57531109774,12.646478133098,73.0791));
#1305 = CARTESIAN_POINT('',(-4.604171897661,12.646478133098,73.0791));
#1306 = CARTESIAN_POINT('',(-4.613844165743,12.627445605582,73.0791));
#1307 = CARTESIAN_POINT('',(-4.613844165743,12.589068541903,73.0791));
#1308 = ORIENTED_EDGE('',*,*,#1309,.F.);
#1309 = EDGE_CURVE('',#242,#1301,#1310,.T.);
#1310 = LINE('',#1311,#1312);
#1311 = CARTESIAN_POINT('',(-4.613844165743,12.589068541903,74.0791));
#1312 = VECTOR('',#1313,1.);
#1313 = DIRECTION('',(-0.,-0.,-1.));
#1314 = ORIENTED_EDGE('',*,*,#250,.F.);
#1315 = SURFACE_OF_LINEAR_EXTRUSION('',#1316,#1321);
#1316 = B_SPLINE_CURVE_WITH_KNOTS('',3,(#1317,#1318,#1319,#1320),
  .UNSPECIFIED.,.F.,.F.,(4,4),(0.,1.),.PIECEWISE_BEZIER_KNOTS.);
#1317 = CARTESIAN_POINT('',(-4.57531109774,12.646478133098,74.0791));
#1318 = CARTESIAN_POINT('',(-4.604171897661,12.646478133098,74.0791));
#1319 = CARTESIAN_POINT('',(-4.613844165743,12.627445605582,74.0791));
#1320 = CARTESIAN_POINT('',(-4.613844165743,12.589068541903,74.0791));
#1321 = VECTOR('',#1322,1.);
#1322 = DIRECTION('',(0.,0.,1.));
#1323 = ADVANCED_FACE('',(#1324),#1343,.F.);
#1324 = FACE_BOUND('',#1325,.F.);
#1325 = EDGE_LOOP('',(#1326,#1327,#1336,#1342));
#1326 = ORIENTED_EDGE('',*,*,#1309,.T.);
#1327 = ORIENTED_EDGE('',*,*,#1328,.T.);
#1328 = EDGE_CURVE('',#1301,#1329,#1331,.T.);
#1329 = VERTEX_POINT('',#1330);
#1330 = CARTESIAN_POINT('',(-4.709786824941,12.047421529324,73.0791));
#1331 = B_SPLINE_CURVE_WITH_KNOTS('',3,(#1332,#1333,#1334,#1335),
  .UNSPECIFIED.,.F.,.F.,(4,4),(0.,1.),.PIECEWISE_BEZIER_KNOTS.);
#1332 = CARTESIAN_POINT('',(-4.613844165743,12.589068541903,73.0791));
#1333 = CARTESIAN_POINT('',(-4.613844165743,12.435716291509,73.0791));
#1334 = CARTESIAN_POINT('',(-4.647385095381,12.248823111478,73.0791));
#1335 = CARTESIAN_POINT('',(-4.709786824941,12.047421529324,73.0791));
#1336 = ORIENTED_EDGE('',*,*,#1337,.F.);
#1337 = EDGE_CURVE('',#233,#1329,#1338,.T.);
#1338 = LINE('',#1339,#1340);
#1339 = CARTESIAN_POINT('',(-4.709786824941,12.047421529324,74.0791));
#1340 = VECTOR('',#1341,1.);
#1341 = DIRECTION('',(-0.,-0.,-1.));
#1342 = ORIENTED_EDGE('',*,*,#241,.F.);
#1343 = SURFACE_OF_LINEAR_EXTRUSION('',#1344,#1349);
#1344 = B_SPLINE_CURVE_WITH_KNOTS('',3,(#1345,#1346,#1347,#1348),
  .UNSPECIFIED.,.F.,.F.,(4,4),(0.,1.),.PIECEWISE_BEZIER_KNOTS.);
#1345 = CARTESIAN_POINT('',(-4.613844165743,12.589068541903,74.0791));
#1346 = CARTESIAN_POINT('',(-4.613844165743,12.435716291509,74.0791));
#1347 = CARTESIAN_POINT('',(-4.647385095381,12.248823111478,74.0791));
#1348 = CARTESIAN_POINT('',(-4.709786824941,12.047421529324,74.0791));
#1349 = VECTOR('',#1350,1.);
#1350 = DIRECTION('',(0.,0.,1.));
#1351 = ADVANCED_FACE('',(#1352),#1371,.F.);
#1352 = FACE_BOUND('',#1353,.F.);
#1353 = EDGE_LOOP('',(#1354,#1355,#1364,#1370));
#1354 = ORIENTED_EDGE('',*,*,#1337,.T.);
#1355 = ORIENTED_EDGE('',*,*,#1356,.T.);
#1356 = EDGE_CURVE('',#1329,#1357,#1359,.T.);
#1357 = VERTEX_POINT('',#1358);
#1358 = CARTESIAN_POINT('',(-5.660633179107,11.24711934772,73.0791));
#1359 = B_SPLINE_CURVE_WITH_KNOTS('',3,(#1360,#1361,#1362,#1363),
  .UNSPECIFIED.,.F.,.F.,(4,4),(0.,1.),.PIECEWISE_BEZIER_KNOTS.);
#1360 = CARTESIAN_POINT('',(-4.709786824941,12.047421529324,73.0791));
#1361 = CARTESIAN_POINT('',(-4.887475749862,11.496414257311,73.0791));
#1362 = CARTESIAN_POINT('',(-5.180451870145,11.24711934772,73.0791));
#1363 = CARTESIAN_POINT('',(-5.660633179107,11.24711934772,73.0791));
#1364 = ORIENTED_EDGE('',*,*,#1365,.F.);
#1365 = EDGE_CURVE('',#224,#1357,#1366,.T.);
#1366 = LINE('',#1367,#1368);
#1367 = CARTESIAN_POINT('',(-5.660633179107,11.24711934772,74.0791));
#1368 = VECTOR('',#1369,1.);
#1369 = DIRECTION('',(-0.,-0.,-1.));
#1370 = ORIENTED_EDGE('',*,*,#232,.F.);
#1371 = SURFACE_OF_LINEAR_EXTRUSION('',#1372,#1377);
#1372 = B_SPLINE_CURVE_WITH_KNOTS('',3,(#1373,#1374,#1375,#1376),
  .UNSPECIFIED.,.F.,.F.,(4,4),(0.,1.),.PIECEWISE_BEZIER_KNOTS.);
#1373 = CARTESIAN_POINT('',(-4.709786824941,12.047421529324,74.0791));
#1374 = CARTESIAN_POINT('',(-4.887475749862,11.496414257311,74.0791));
#1375 = CARTESIAN_POINT('',(-5.180451870145,11.24711934772,74.0791));
#1376 = CARTESIAN_POINT('',(-5.660633179107,11.24711934772,74.0791));
#1377 = VECTOR('',#1378,1.);
#1378 = DIRECTION('',(0.,0.,1.));
#1379 = ADVANCED_FACE('',(#1380),#1399,.F.);
#1380 = FACE_BOUND('',#1381,.F.);
#1381 = EDGE_LOOP('',(#1382,#1383,#1392,#1398));
#1382 = ORIENTED_EDGE('',*,*,#1365,.T.);
#1383 = ORIENTED_EDGE('',*,*,#1384,.T.);
#1384 = EDGE_CURVE('',#1357,#1385,#1387,.T.);
#1385 = VERTEX_POINT('',#1386);
#1386 = CARTESIAN_POINT('',(-6.48168393579,11.91325781077,73.0791));
#1387 = B_SPLINE_CURVE_WITH_KNOTS('',3,(#1388,#1389,#1390,#1391),
  .UNSPECIFIED.,.F.,.F.,(4,4),(0.,1.),.PIECEWISE_BEZIER_KNOTS.);
#1388 = CARTESIAN_POINT('',(-5.660633179107,11.24711934772,73.0791));
#1389 = CARTESIAN_POINT('',(-6.121469951906,11.24711934772,73.0791));
#1390 = CARTESIAN_POINT('',(-6.48168393579,11.534635316667,73.0791));
#1391 = CARTESIAN_POINT('',(-6.48168393579,11.91325781077,73.0791));
#1392 = ORIENTED_EDGE('',*,*,#1393,.F.);
#1393 = EDGE_CURVE('',#215,#1385,#1394,.T.);
#1394 = LINE('',#1395,#1396);
#1395 = CARTESIAN_POINT('',(-6.48168393579,11.91325781077,74.0791));
#1396 = VECTOR('',#1397,1.);
#1397 = DIRECTION('',(-0.,-0.,-1.));
#1398 = ORIENTED_EDGE('',*,*,#223,.F.);
#1399 = SURFACE_OF_LINEAR_EXTRUSION('',#1400,#1405);
#1400 = B_SPLINE_CURVE_WITH_KNOTS('',3,(#1401,#1402,#1403,#1404),
  .UNSPECIFIED.,.F.,.F.,(4,4),(0.,1.),.PIECEWISE_BEZIER_KNOTS.);
#1401 = CARTESIAN_POINT('',(-5.660633179107,11.24711934772,74.0791));
#1402 = CARTESIAN_POINT('',(-6.121469951906,11.24711934772,74.0791));
#1403 = CARTESIAN_POINT('',(-6.48168393579,11.534635316667,74.0791));
#1404 = CARTESIAN_POINT('',(-6.48168393579,11.91325781077,74.0791));
#1405 = VECTOR('',#1406,1.);
#1406 = DIRECTION('',(0.,0.,1.));
#1407 = ADVANCED_FACE('',(#1408),#1427,.F.);
#1408 = FACE_BOUND('',#1409,.F.);
#1409 = EDGE_LOOP('',(#1410,#1411,#1420,#1426));
#1410 = ORIENTED_EDGE('',*,*,#1393,.T.);
#1411 = ORIENTED_EDGE('',*,*,#1412,.T.);
#1412 = EDGE_CURVE('',#1385,#1413,#1415,.T.);
#1413 = VERTEX_POINT('',#1414);
#1414 = CARTESIAN_POINT('',(-6.342372074548,12.229634579638,73.0791));
#1415 = B_SPLINE_CURVE_WITH_KNOTS('',3,(#1416,#1417,#1418,#1419),
  .UNSPECIFIED.,.F.,.F.,(4,4),(0.,1.),.PIECEWISE_BEZIER_KNOTS.);
#1416 = CARTESIAN_POINT('',(-6.48168393579,11.91325781077,73.0791));
#1417 = CARTESIAN_POINT('',(-6.48168393579,12.009200469969,73.0791));
#1418 = CARTESIAN_POINT('',(-6.447987001828,12.085798593003,73.0791));
#1419 = CARTESIAN_POINT('',(-6.342372074548,12.229634579638,73.0791));
#1420 = ORIENTED_EDGE('',*,*,#1421,.F.);
#1421 = EDGE_CURVE('',#206,#1413,#1422,.T.);
#1422 = LINE('',#1423,#1424);
#1423 = CARTESIAN_POINT('',(-6.342372074548,12.229634579638,74.0791));
#1424 = VECTOR('',#1425,1.);
#1425 = DIRECTION('',(-0.,-0.,-1.));
#1426 = ORIENTED_EDGE('',*,*,#214,.F.);
#1427 = SURFACE_OF_LINEAR_EXTRUSION('',#1428,#1433);
#1428 = B_SPLINE_CURVE_WITH_KNOTS('',3,(#1429,#1430,#1431,#1432),
  .UNSPECIFIED.,.F.,.F.,(4,4),(0.,1.),.PIECEWISE_BEZIER_KNOTS.);
#1429 = CARTESIAN_POINT('',(-6.48168393579,11.91325781077,74.0791));
#1430 = CARTESIAN_POINT('',(-6.48168393579,12.009200469969,74.0791));
#1431 = CARTESIAN_POINT('',(-6.447987001828,12.085798593003,74.0791));
#1432 = CARTESIAN_POINT('',(-6.342372074548,12.229634579638,74.0791));
#1433 = VECTOR('',#1434,1.);
#1434 = DIRECTION('',(0.,0.,1.));
#1435 = ADVANCED_FACE('',(#1436),#1455,.F.);
#1436 = FACE_BOUND('',#1437,.F.);
#1437 = EDGE_LOOP('',(#1438,#1439,#1448,#1454));
#1438 = ORIENTED_EDGE('',*,*,#1421,.T.);
#1439 = ORIENTED_EDGE('',*,*,#1440,.T.);
#1440 = EDGE_CURVE('',#1413,#1441,#1443,.T.);
#1441 = VERTEX_POINT('',#1442);
#1442 = CARTESIAN_POINT('',(-6.18402768579,12.59858480566,73.0791));
#1443 = B_SPLINE_CURVE_WITH_KNOTS('',3,(#1444,#1445,#1446,#1447),
  .UNSPECIFIED.,.F.,.F.,(4,4),(0.,1.),.PIECEWISE_BEZIER_KNOTS.);
#1444 = CARTESIAN_POINT('',(-6.342372074548,12.229634579638,73.0791));
#1445 = CARTESIAN_POINT('',(-6.22724088351,12.382986830031,73.0791));
#1446 = CARTESIAN_POINT('',(-6.18402768579,12.488445752987,73.0791));
#1447 = CARTESIAN_POINT('',(-6.18402768579,12.59858480566,73.0791));
#1448 = ORIENTED_EDGE('',*,*,#1449,.F.);
#1449 = EDGE_CURVE('',#197,#1441,#1450,.T.);
#1450 = LINE('',#1451,#1452);
#1451 = CARTESIAN_POINT('',(-6.18402768579,12.59858480566,74.0791));
#1452 = VECTOR('',#1453,1.);
#1453 = DIRECTION('',(-0.,-0.,-1.));
#1454 = ORIENTED_EDGE('',*,*,#205,.F.);
#1455 = SURFACE_OF_LINEAR_EXTRUSION('',#1456,#1461);
#1456 = B_SPLINE_CURVE_WITH_KNOTS('',3,(#1457,#1458,#1459,#1460),
  .UNSPECIFIED.,.F.,.F.,(4,4),(0.,1.),.PIECEWISE_BEZIER_KNOTS.);
#1457 = CARTESIAN_POINT('',(-6.342372074548,12.229634579638,74.0791));
#1458 = CARTESIAN_POINT('',(-6.22724088351,12.382986830031,74.0791));
#1459 = CARTESIAN_POINT('',(-6.18402768579,12.488445752987,74.0791));
#1460 = CARTESIAN_POINT('',(-6.18402768579,12.59858480566,74.0791));
#1461 = VECTOR('',#1462,1.);
#1462 = DIRECTION('',(0.,0.,1.));
#1463 = ADVANCED_FACE('',(#1464),#1483,.F.);
#1464 = FACE_BOUND('',#1465,.F.);
#1465 = EDGE_LOOP('',(#1466,#1467,#1476,#1482));
#1466 = ORIENTED_EDGE('',*,*,#1449,.T.);
#1467 = ORIENTED_EDGE('',*,*,#1468,.T.);
#1468 = EDGE_CURVE('',#1441,#1469,#1471,.T.);
#1469 = VERTEX_POINT('',#1470);
#1470 = CARTESIAN_POINT('',(-6.361560606387,12.799830383491,73.0791));
#1471 = B_SPLINE_CURVE_WITH_KNOTS('',3,(#1472,#1473,#1474,#1475),
  .UNSPECIFIED.,.F.,.F.,(4,4),(0.,1.),.PIECEWISE_BEZIER_KNOTS.);
#1472 = CARTESIAN_POINT('',(-6.18402768579,12.59858480566,73.0791));
#1473 = CARTESIAN_POINT('',(-6.18402768579,12.732748524214,73.0791));
#1474 = CARTESIAN_POINT('',(-6.241593281309,12.799830383491,73.0791));
#1475 = CARTESIAN_POINT('',(-6.361560606387,12.799830383491,73.0791));
#1476 = ORIENTED_EDGE('',*,*,#1477,.F.);
#1477 = EDGE_CURVE('',#188,#1469,#1478,.T.);
#1478 = LINE('',#1479,#1480);
#1479 = CARTESIAN_POINT('',(-6.361560606387,12.799830383491,74.0791));
#1480 = VECTOR('',#1481,1.);
#1481 = DIRECTION('',(-0.,-0.,-1.));
#1482 = ORIENTED_EDGE('',*,*,#196,.F.);
#1483 = SURFACE_OF_LINEAR_EXTRUSION('',#1484,#1489);
#1484 = B_SPLINE_CURVE_WITH_KNOTS('',3,(#1485,#1486,#1487,#1488),
  .UNSPECIFIED.,.F.,.F.,(4,4),(0.,1.),.PIECEWISE_BEZIER_KNOTS.);
#1485 = CARTESIAN_POINT('',(-6.18402768579,12.59858480566,74.0791));
#1486 = CARTESIAN_POINT('',(-6.18402768579,12.732748524214,74.0791));
#1487 = CARTESIAN_POINT('',(-6.241593281309,12.799830383491,74.0791));
#1488 = CARTESIAN_POINT('',(-6.361560606387,12.799830383491,74.0791));
#1489 = VECTOR('',#1490,1.);
#1490 = DIRECTION('',(0.,0.,1.));
#1491 = ADVANCED_FACE('',(#1492),#1511,.F.);
#1492 = FACE_BOUND('',#1493,.F.);
#1493 = EDGE_LOOP('',(#1494,#1495,#1504,#1510));
#1494 = ORIENTED_EDGE('',*,*,#1477,.T.);
#1495 = ORIENTED_EDGE('',*,*,#1496,.T.);
#1496 = EDGE_CURVE('',#1469,#1497,#1499,.T.);
#1497 = VERTEX_POINT('',#1498);
#1498 = CARTESIAN_POINT('',(-6.65890484774,12.21528218184,73.0791));
#1499 = B_SPLINE_CURVE_WITH_KNOTS('',3,(#1500,#1501,#1502,#1503),
  .UNSPECIFIED.,.F.,.F.,(4,4),(0.,1.),.PIECEWISE_BEZIER_KNOTS.);
#1500 = CARTESIAN_POINT('',(-6.361560606387,12.799830383491,73.0791));
#1501 = CARTESIAN_POINT('',(-6.543929661026,12.799830383491,73.0791));
#1502 = CARTESIAN_POINT('',(-6.65890484774,12.579396273821,73.0791));
#1503 = CARTESIAN_POINT('',(-6.65890484774,12.21528218184,73.0791));
#1504 = ORIENTED_EDGE('',*,*,#1505,.F.);
#1505 = EDGE_CURVE('',#179,#1497,#1506,.T.);
#1506 = LINE('',#1507,#1508);
#1507 = CARTESIAN_POINT('',(-6.65890484774,12.21528218184,74.0791));
#1508 = VECTOR('',#1509,1.);
#1509 = DIRECTION('',(-0.,-0.,-1.));
#1510 = ORIENTED_EDGE('',*,*,#187,.F.);
#1511 = SURFACE_OF_LINEAR_EXTRUSION('',#1512,#1517);
#1512 = B_SPLINE_CURVE_WITH_KNOTS('',3,(#1513,#1514,#1515,#1516),
  .UNSPECIFIED.,.F.,.F.,(4,4),(0.,1.),.PIECEWISE_BEZIER_KNOTS.);
#1513 = CARTESIAN_POINT('',(-6.361560606387,12.799830383491,74.0791));
#1514 = CARTESIAN_POINT('',(-6.543929661026,12.799830383491,74.0791));
#1515 = CARTESIAN_POINT('',(-6.65890484774,12.579396273821,74.0791));
#1516 = CARTESIAN_POINT('',(-6.65890484774,12.21528218184,74.0791));
#1517 = VECTOR('',#1518,1.);
#1518 = DIRECTION('',(0.,0.,1.));
#1519 = ADVANCED_FACE('',(#1520),#1539,.F.);
#1520 = FACE_BOUND('',#1521,.F.);
#1521 = EDGE_LOOP('',(#1522,#1523,#1532,#1538));
#1522 = ORIENTED_EDGE('',*,*,#1505,.T.);
#1523 = ORIENTED_EDGE('',*,*,#1524,.T.);
#1524 = EDGE_CURVE('',#1497,#1525,#1527,.T.);
#1525 = VERTEX_POINT('',#1526);
#1526 = CARTESIAN_POINT('',(-6.284806479029,11.227930815881,73.0791));
#1527 = B_SPLINE_CURVE_WITH_KNOTS('',3,(#1528,#1529,#1530,#1531),
  .UNSPECIFIED.,.F.,.F.,(4,4),(0.,1.),.PIECEWISE_BEZIER_KNOTS.);
#1528 = CARTESIAN_POINT('',(-6.65890484774,12.21528218184,73.0791));
#1529 = CARTESIAN_POINT('',(-6.65890484774,11.817471155896,73.0791));
#1530 = CARTESIAN_POINT('',(-6.529577263227,11.472389591431,73.0791));
#1531 = CARTESIAN_POINT('',(-6.284806479029,11.227930815881,73.0791));
#1532 = ORIENTED_EDGE('',*,*,#1533,.F.);
#1533 = EDGE_CURVE('',#170,#1525,#1534,.T.);
#1534 = LINE('',#1535,#1536);
#1535 = CARTESIAN_POINT('',(-6.284806479029,11.227930815881,74.0791));
#1536 = VECTOR('',#1537,1.);
#1537 = DIRECTION('',(-0.,-0.,-1.));
#1538 = ORIENTED_EDGE('',*,*,#178,.F.);
#1539 = SURFACE_OF_LINEAR_EXTRUSION('',#1540,#1545);
#1540 = B_SPLINE_CURVE_WITH_KNOTS('',3,(#1541,#1542,#1543,#1544),
  .UNSPECIFIED.,.F.,.F.,(4,4),(0.,1.),.PIECEWISE_BEZIER_KNOTS.);
#1541 = CARTESIAN_POINT('',(-6.65890484774,12.21528218184,74.0791));
#1542 = CARTESIAN_POINT('',(-6.65890484774,11.817471155896,74.0791));
#1543 = CARTESIAN_POINT('',(-6.529577263227,11.472389591431,74.0791));
#1544 = CARTESIAN_POINT('',(-6.284806479029,11.227930815881,74.0791));
#1545 = VECTOR('',#1546,1.);
#1546 = DIRECTION('',(0.,0.,1.));
#1547 = ADVANCED_FACE('',(#1548),#1567,.F.);
#1548 = FACE_BOUND('',#1549,.F.);
#1549 = EDGE_LOOP('',(#1550,#1551,#1560,#1566));
#1550 = ORIENTED_EDGE('',*,*,#1533,.T.);
#1551 = ORIENTED_EDGE('',*,*,#1552,.T.);
#1552 = EDGE_CURVE('',#1525,#1553,#1555,.T.);
#1553 = VERTEX_POINT('',#1554);
#1554 = CARTESIAN_POINT('',(-5.430058788384,10.911710051336,73.0791));
#1555 = B_SPLINE_CURVE_WITH_KNOTS('',3,(#1556,#1557,#1558,#1559),
  .UNSPECIFIED.,.F.,.F.,(4,4),(0.,1.),.PIECEWISE_BEZIER_KNOTS.);
#1556 = CARTESIAN_POINT('',(-6.284806479029,11.227930815881,73.0791));
#1557 = CARTESIAN_POINT('',(-6.068740490428,11.012332840252,73.0791));
#1558 = CARTESIAN_POINT('',(-5.794952901985,10.911710051336,73.0791));
#1559 = CARTESIAN_POINT('',(-5.430058788384,10.911710051336,73.0791));
#1560 = ORIENTED_EDGE('',*,*,#1561,.F.);
#1561 = EDGE_CURVE('',#161,#1553,#1562,.T.);
#1562 = LINE('',#1563,#1564);
#1563 = CARTESIAN_POINT('',(-5.430058788384,10.911710051336,74.0791));
#1564 = VECTOR('',#1565,1.);
#1565 = DIRECTION('',(-0.,-0.,-1.));
#1566 = ORIENTED_EDGE('',*,*,#169,.F.);
#1567 = SURFACE_OF_LINEAR_EXTRUSION('',#1568,#1573);
#1568 = B_SPLINE_CURVE_WITH_KNOTS('',3,(#1569,#1570,#1571,#1572),
  .UNSPECIFIED.,.F.,.F.,(4,4),(0.,1.),.PIECEWISE_BEZIER_KNOTS.);
#1569 = CARTESIAN_POINT('',(-6.284806479029,11.227930815881,74.0791));
#1570 = CARTESIAN_POINT('',(-6.068740490428,11.012332840252,74.0791));
#1571 = CARTESIAN_POINT('',(-5.794952901985,10.911710051336,74.0791));
#1572 = CARTESIAN_POINT('',(-5.430058788384,10.911710051336,74.0791));
#1573 = VECTOR('',#1574,1.);
#1574 = DIRECTION('',(0.,0.,1.));
#1575 = ADVANCED_FACE('',(#1576),#1595,.F.);
#1576 = FACE_BOUND('',#1577,.F.);
#1577 = EDGE_LOOP('',(#1578,#1579,#1588,#1594));
#1578 = ORIENTED_EDGE('',*,*,#1561,.T.);
#1579 = ORIENTED_EDGE('',*,*,#1580,.T.);
#1580 = EDGE_CURVE('',#1553,#1581,#1583,.T.);
#1581 = VERTEX_POINT('',#1582);
#1582 = CARTESIAN_POINT('',(-4.623360429501,11.237603083962,73.0791));
#1583 = B_SPLINE_CURVE_WITH_KNOTS('',3,(#1584,#1585,#1586,#1587),
  .UNSPECIFIED.,.F.,.F.,(4,4),(0.,1.),.PIECEWISE_BEZIER_KNOTS.);
#1584 = CARTESIAN_POINT('',(-5.430058788384,10.911710051336,73.0791));
#1585 = CARTESIAN_POINT('',(-5.084353206623,10.911710051336,73.0791));
#1586 = CARTESIAN_POINT('',(-4.863451083982,11.002816576494,73.0791));
#1587 = CARTESIAN_POINT('',(-4.623360429501,11.237603083962,73.0791));
#1588 = ORIENTED_EDGE('',*,*,#1589,.F.);
#1589 = EDGE_CURVE('',#152,#1581,#1590,.T.);
#1590 = LINE('',#1591,#1592);
#1591 = CARTESIAN_POINT('',(-4.623360429501,11.237603083962,74.0791));
#1592 = VECTOR('',#1593,1.);
#1593 = DIRECTION('',(-0.,-0.,-1.));
#1594 = ORIENTED_EDGE('',*,*,#160,.F.);
#1595 = SURFACE_OF_LINEAR_EXTRUSION('',#1596,#1601);
#1596 = B_SPLINE_CURVE_WITH_KNOTS('',3,(#1597,#1598,#1599,#1600),
  .UNSPECIFIED.,.F.,.F.,(4,4),(0.,1.),.PIECEWISE_BEZIER_KNOTS.);
#1597 = CARTESIAN_POINT('',(-5.430058788384,10.911710051336,74.0791));
#1598 = CARTESIAN_POINT('',(-5.084353206623,10.911710051336,74.0791));
#1599 = CARTESIAN_POINT('',(-4.863451083982,11.002816576494,74.0791));
#1600 = CARTESIAN_POINT('',(-4.623360429501,11.237603083962,74.0791));
#1601 = VECTOR('',#1602,1.);
#1602 = DIRECTION('',(0.,0.,1.));
#1603 = ADVANCED_FACE('',(#1604),#1623,.F.);
#1604 = FACE_BOUND('',#1605,.F.);
#1605 = EDGE_LOOP('',(#1606,#1607,#1616,#1622));
#1606 = ORIENTED_EDGE('',*,*,#1589,.T.);
#1607 = ORIENTED_EDGE('',*,*,#1608,.T.);
#1608 = EDGE_CURVE('',#1581,#1609,#1611,.T.);
#1609 = VERTEX_POINT('',#1610);
#1610 = CARTESIAN_POINT('',(-4.200900720381,12.287044170833,73.0791));
#1611 = B_SPLINE_CURVE_WITH_KNOTS('',3,(#1612,#1613,#1614,#1615),
  .UNSPECIFIED.,.F.,.F.,(4,4),(0.,1.),.PIECEWISE_BEZIER_KNOTS.);
#1612 = CARTESIAN_POINT('',(-4.623360429501,11.237603083962,73.0791));
#1613 = CARTESIAN_POINT('',(-4.412130574941,11.448520929874,73.0791));
#1614 = CARTESIAN_POINT('',(-4.30167951362,11.721684501022,73.0791));
#1615 = CARTESIAN_POINT('',(-4.200900720381,12.287044170833,73.0791));
#1616 = ORIENTED_EDGE('',*,*,#1617,.F.);
#1617 = EDGE_CURVE('',#144,#1609,#1618,.T.);
#1618 = LINE('',#1619,#1620);
#1619 = CARTESIAN_POINT('',(-4.200900720381,12.287044170833,74.0791));
#1620 = VECTOR('',#1621,1.);
#1621 = DIRECTION('',(-0.,-0.,-1.));
#1622 = ORIENTED_EDGE('',*,*,#151,.F.);
#1623 = SURFACE_OF_LINEAR_EXTRUSION('',#1624,#1629);
#1624 = B_SPLINE_CURVE_WITH_KNOTS('',3,(#1625,#1626,#1627,#1628),
  .UNSPECIFIED.,.F.,.F.,(4,4),(0.,1.),.PIECEWISE_BEZIER_KNOTS.);
#1625 = CARTESIAN_POINT('',(-4.623360429501,11.237603083962,74.0791));
#1626 = CARTESIAN_POINT('',(-4.412130574941,11.448520929874,74.0791));
#1627 = CARTESIAN_POINT('',(-4.30167951362,11.721684501022,74.0791));
#1628 = CARTESIAN_POINT('',(-4.200900720381,12.287044170833,74.0791));
#1629 = VECTOR('',#1630,1.);
#1630 = DIRECTION('',(0.,0.,1.));
#1631 = ADVANCED_FACE('',(#1632),#1643,.F.);
#1632 = FACE_BOUND('',#1633,.F.);
#1633 = EDGE_LOOP('',(#1634,#1635,#1641,#1642));
#1634 = ORIENTED_EDGE('',*,*,#1617,.T.);
#1635 = ORIENTED_EDGE('',*,*,#1636,.T.);
#1636 = EDGE_CURVE('',#1609,#1089,#1637,.T.);
#1637 = LINE('',#1638,#1639);
#1638 = CARTESIAN_POINT('',(-4.200900720381,12.287044170833,73.0791));
#1639 = VECTOR('',#1640,1.);
#1640 = DIRECTION('',(0.896949078742,-0.442133859984,0.));
#1641 = ORIENTED_EDGE('',*,*,#1088,.F.);
#1642 = ORIENTED_EDGE('',*,*,#143,.F.);
#1643 = PLANE('',#1644);
#1644 = AXIS2_PLACEMENT_3D('',#1645,#1646,#1647);
#1645 = CARTESIAN_POINT('',(-4.200900720381,12.287044170833,74.0791));
#1646 = DIRECTION('',(-0.442133859984,-0.896949078742,0.));
#1647 = DIRECTION('',(0.896949078742,-0.442133859984,0.));
#1648 = ADVANCED_FACE('',(#1649),#1675,.F.);
#1649 = FACE_BOUND('',#1650,.F.);
#1650 = EDGE_LOOP('',(#1651,#1659,#1668,#1674));
#1651 = ORIENTED_EDGE('',*,*,#1652,.T.);
#1652 = EDGE_CURVE('',#319,#1653,#1655,.T.);
#1653 = VERTEX_POINT('',#1654);
#1654 = CARTESIAN_POINT('',(-4.528353796246,9.124056503774,73.0791));
#1655 = LINE('',#1656,#1657);
#1656 = CARTESIAN_POINT('',(-4.528353796246,9.124056503774,74.0791));
#1657 = VECTOR('',#1658,1.);
#1658 = DIRECTION('',(-0.,-0.,-1.));
#1659 = ORIENTED_EDGE('',*,*,#1660,.T.);
#1660 = EDGE_CURVE('',#1653,#1661,#1663,.T.);
#1661 = VERTEX_POINT('',#1662);
#1662 = CARTESIAN_POINT('',(-4.336624482174,9.090515574135,73.0791));
#1663 = B_SPLINE_CURVE_WITH_KNOTS('',3,(#1664,#1665,#1666,#1667),
  .UNSPECIFIED.,.F.,.F.,(4,4),(0.,1.),.PIECEWISE_BEZIER_KNOTS.);
#1664 = CARTESIAN_POINT('',(-4.528353796246,9.124056503774,73.0791));
#1665 = CARTESIAN_POINT('',(-4.442083405129,9.109704105975,73.0791));
#1666 = CARTESIAN_POINT('',(-4.379837679894,9.100187842217,73.0791));
#1667 = CARTESIAN_POINT('',(-4.336624482174,9.090515574135,73.0791));
#1668 = ORIENTED_EDGE('',*,*,#1669,.F.);
#1669 = EDGE_CURVE('',#321,#1661,#1670,.T.);
#1670 = LINE('',#1671,#1672);
#1671 = CARTESIAN_POINT('',(-4.336624482174,9.090515574135,74.0791));
#1672 = VECTOR('',#1673,1.);
#1673 = DIRECTION('',(-0.,-0.,-1.));
#1674 = ORIENTED_EDGE('',*,*,#318,.F.);
#1675 = SURFACE_OF_LINEAR_EXTRUSION('',#1676,#1681);
#1676 = B_SPLINE_CURVE_WITH_KNOTS('',3,(#1677,#1678,#1679,#1680),
  .UNSPECIFIED.,.F.,.F.,(4,4),(0.,1.),.PIECEWISE_BEZIER_KNOTS.);
#1677 = CARTESIAN_POINT('',(-4.528353796246,9.124056503774,74.0791));
#1678 = CARTESIAN_POINT('',(-4.442083405129,9.109704105975,74.0791));
#1679 = CARTESIAN_POINT('',(-4.379837679894,9.100187842217,74.0791));
#1680 = CARTESIAN_POINT('',(-4.336624482174,9.090515574135,74.0791));
#1681 = VECTOR('',#1682,1.);
#1682 = DIRECTION('',(0.,0.,1.));
#1683 = ADVANCED_FACE('',(#1684),#1703,.F.);
#1684 = FACE_BOUND('',#1685,.F.);
#1685 = EDGE_LOOP('',(#1686,#1687,#1696,#1702));
#1686 = ORIENTED_EDGE('',*,*,#1669,.T.);
#1687 = ORIENTED_EDGE('',*,*,#1688,.T.);
#1688 = EDGE_CURVE('',#1661,#1689,#1691,.T.);
#1689 = VERTEX_POINT('',#1690);
#1690 = CARTESIAN_POINT('',(-3.545838564328,8.970704253381,73.0791));
#1691 = B_SPLINE_CURVE_WITH_KNOTS('',3,(#1692,#1693,#1694,#1695),
  .UNSPECIFIED.,.F.,.F.,(4,4),(0.,1.),.PIECEWISE_BEZIER_KNOTS.);
#1692 = CARTESIAN_POINT('',(-4.336624482174,9.090515574135,73.0791));
#1693 = CARTESIAN_POINT('',(-3.972354385868,9.013917451101,73.0791));
#1694 = CARTESIAN_POINT('',(-3.684838416922,8.970704253381,73.0791));
#1695 = CARTESIAN_POINT('',(-3.545838564328,8.970704253381,73.0791));
#1696 = ORIENTED_EDGE('',*,*,#1697,.F.);
#1697 = EDGE_CURVE('',#356,#1689,#1698,.T.);
#1698 = LINE('',#1699,#1700);
#1699 = CARTESIAN_POINT('',(-3.545838564328,8.970704253381,74.0791));
#1700 = VECTOR('',#1701,1.);
#1701 = DIRECTION('',(-0.,-0.,-1.));
#1702 = ORIENTED_EDGE('',*,*,#364,.F.);
#1703 = SURFACE_OF_LINEAR_EXTRUSION('',#1704,#1709);
#1704 = B_SPLINE_CURVE_WITH_KNOTS('',3,(#1705,#1706,#1707,#1708),
  .UNSPECIFIED.,.F.,.F.,(4,4),(0.,1.),.PIECEWISE_BEZIER_KNOTS.);
#1705 = CARTESIAN_POINT('',(-4.336624482174,9.090515574135,74.0791));
#1706 = CARTESIAN_POINT('',(-3.972354385868,9.013917451101,74.0791));
#1707 = CARTESIAN_POINT('',(-3.684838416922,8.970704253381,74.0791));
#1708 = CARTESIAN_POINT('',(-3.545838564328,8.970704253381,74.0791));
#1709 = VECTOR('',#1710,1.);
#1710 = DIRECTION('',(0.,0.,1.));
#1711 = ADVANCED_FACE('',(#1712),#1731,.F.);
#1712 = FACE_BOUND('',#1713,.F.);
#1713 = EDGE_LOOP('',(#1714,#1715,#1724,#1730));
#1714 = ORIENTED_EDGE('',*,*,#1697,.T.);
#1715 = ORIENTED_EDGE('',*,*,#1716,.T.);
#1716 = EDGE_CURVE('',#1689,#1717,#1719,.T.);
#1717 = VERTEX_POINT('',#1718);
#1718 = CARTESIAN_POINT('',(-3.354109250255,9.171949831211,73.0791));
#1719 = B_SPLINE_CURVE_WITH_KNOTS('',3,(#1720,#1721,#1722,#1723),
  .UNSPECIFIED.,.F.,.F.,(4,4),(0.,1.),.PIECEWISE_BEZIER_KNOTS.);
#1720 = CARTESIAN_POINT('',(-3.545838564328,8.970704253381,73.0791));
#1721 = CARTESIAN_POINT('',(-3.440379641372,8.970704253381,73.0791));
#1722 = CARTESIAN_POINT('',(-3.354109250255,9.061810778538,73.0791));
#1723 = CARTESIAN_POINT('',(-3.354109250255,9.171949831211,73.0791));
#1724 = ORIENTED_EDGE('',*,*,#1725,.F.);
#1725 = EDGE_CURVE('',#347,#1717,#1726,.T.);
#1726 = LINE('',#1727,#1728);
#1727 = CARTESIAN_POINT('',(-3.354109250255,9.171949831211,74.0791));
#1728 = VECTOR('',#1729,1.);
#1729 = DIRECTION('',(-0.,-0.,-1.));
#1730 = ORIENTED_EDGE('',*,*,#355,.F.);
#1731 = SURFACE_OF_LINEAR_EXTRUSION('',#1732,#1737);
#1732 = B_SPLINE_CURVE_WITH_KNOTS('',3,(#1733,#1734,#1735,#1736),
  .UNSPECIFIED.,.F.,.F.,(4,4),(0.,1.),.PIECEWISE_BEZIER_KNOTS.);
#1733 = CARTESIAN_POINT('',(-3.545838564328,8.970704253381,74.0791));
#1734 = CARTESIAN_POINT('',(-3.440379641372,8.970704253381,74.0791));
#1735 = CARTESIAN_POINT('',(-3.354109250255,9.061810778538,74.0791));
#1736 = CARTESIAN_POINT('',(-3.354109250255,9.171949831211,74.0791));
#1737 = VECTOR('',#1738,1.);
#1738 = DIRECTION('',(0.,0.,1.));
#1739 = ADVANCED_FACE('',(#1740),#1759,.F.);
#1740 = FACE_BOUND('',#1741,.F.);
#1741 = EDGE_LOOP('',(#1742,#1743,#1752,#1758));
#1742 = ORIENTED_EDGE('',*,*,#1725,.T.);
#1743 = ORIENTED_EDGE('',*,*,#1744,.T.);
#1744 = EDGE_CURVE('',#1717,#1745,#1747,.T.);
#1745 = VERTEX_POINT('',#1746);
#1746 = CARTESIAN_POINT('',(-3.550674698368,9.378031543082,73.0791));
#1747 = B_SPLINE_CURVE_WITH_KNOTS('',3,(#1748,#1749,#1750,#1751),
  .UNSPECIFIED.,.F.,.F.,(4,4),(0.,1.),.PIECEWISE_BEZIER_KNOTS.);
#1748 = CARTESIAN_POINT('',(-3.354109250255,9.171949831211,73.0791));
#1749 = CARTESIAN_POINT('',(-3.354109250255,9.287081022248,73.0791));
#1750 = CARTESIAN_POINT('',(-3.440379641372,9.378031543082,73.0791));
#1751 = CARTESIAN_POINT('',(-3.550674698368,9.378031543082,73.0791));
#1752 = ORIENTED_EDGE('',*,*,#1753,.F.);
#1753 = EDGE_CURVE('',#338,#1745,#1754,.T.);
#1754 = LINE('',#1755,#1756);
#1755 = CARTESIAN_POINT('',(-3.550674698368,9.378031543082,74.0791));
#1756 = VECTOR('',#1757,1.);
#1757 = DIRECTION('',(-0.,-0.,-1.));
#1758 = ORIENTED_EDGE('',*,*,#346,.F.);
#1759 = SURFACE_OF_LINEAR_EXTRUSION('',#1760,#1765);
#1760 = B_SPLINE_CURVE_WITH_KNOTS('',3,(#1761,#1762,#1763,#1764),
  .UNSPECIFIED.,.F.,.F.,(4,4),(0.,1.),.PIECEWISE_BEZIER_KNOTS.);
#1761 = CARTESIAN_POINT('',(-3.354109250255,9.171949831211,74.0791));
#1762 = CARTESIAN_POINT('',(-3.354109250255,9.287081022248,74.0791));
#1763 = CARTESIAN_POINT('',(-3.440379641372,9.378031543082,74.0791));
#1764 = CARTESIAN_POINT('',(-3.550674698368,9.378031543082,74.0791));
#1765 = VECTOR('',#1766,1.);
#1766 = DIRECTION('',(0.,0.,1.));
#1767 = ADVANCED_FACE('',(#1768),#1787,.F.);
#1768 = FACE_BOUND('',#1769,.F.);
#1769 = EDGE_LOOP('',(#1770,#1771,#1780,#1786));
#1770 = ORIENTED_EDGE('',*,*,#1753,.T.);
#1771 = ORIENTED_EDGE('',*,*,#1772,.T.);
#1772 = EDGE_CURVE('',#1745,#1773,#1775,.T.);
#1773 = VERTEX_POINT('',#1774);
#1774 = CARTESIAN_POINT('',(-4.528353796246,9.224679292689,73.0791));
#1775 = B_SPLINE_CURVE_WITH_KNOTS('',3,(#1776,#1777,#1778,#1779),
  .UNSPECIFIED.,.F.,.F.,(4,4),(0.,1.),.PIECEWISE_BEZIER_KNOTS.);
#1776 = CARTESIAN_POINT('',(-3.550674698368,9.378031543082,73.0791));
#1777 = CARTESIAN_POINT('',(-3.632108955444,9.378031543082,73.0791));
#1778 = CARTESIAN_POINT('',(-4.063460911026,9.310949683805,73.0791));
#1779 = CARTESIAN_POINT('',(-4.528353796246,9.224679292689,73.0791));
#1780 = ORIENTED_EDGE('',*,*,#1781,.F.);
#1781 = EDGE_CURVE('',#330,#1773,#1782,.T.);
#1782 = LINE('',#1783,#1784);
#1783 = CARTESIAN_POINT('',(-4.528353796246,9.224679292689,74.0791));
#1784 = VECTOR('',#1785,1.);
#1785 = DIRECTION('',(-0.,-0.,-1.));
#1786 = ORIENTED_EDGE('',*,*,#337,.F.);
#1787 = SURFACE_OF_LINEAR_EXTRUSION('',#1788,#1793);
#1788 = B_SPLINE_CURVE_WITH_KNOTS('',3,(#1789,#1790,#1791,#1792),
  .UNSPECIFIED.,.F.,.F.,(4,4),(0.,1.),.PIECEWISE_BEZIER_KNOTS.);
#1789 = CARTESIAN_POINT('',(-3.550674698368,9.378031543082,74.0791));
#1790 = CARTESIAN_POINT('',(-3.632108955444,9.378031543082,74.0791));
#1791 = CARTESIAN_POINT('',(-4.063460911026,9.310949683805,74.0791));
#1792 = CARTESIAN_POINT('',(-4.528353796246,9.224679292689,74.0791));
#1793 = VECTOR('',#1794,1.);
#1794 = DIRECTION('',(0.,0.,1.));
#1795 = ADVANCED_FACE('',(#1796),#1807,.F.);
#1796 = FACE_BOUND('',#1797,.F.);
#1797 = EDGE_LOOP('',(#1798,#1799,#1805,#1806));
#1798 = ORIENTED_EDGE('',*,*,#1781,.T.);
#1799 = ORIENTED_EDGE('',*,*,#1800,.T.);
#1800 = EDGE_CURVE('',#1773,#1653,#1801,.T.);
#1801 = LINE('',#1802,#1803);
#1802 = CARTESIAN_POINT('',(-4.528353796246,9.224679292689,73.0791));
#1803 = VECTOR('',#1804,1.);
#1804 = DIRECTION('',(-2.22044604925E-16,-1.,0.));
#1805 = ORIENTED_EDGE('',*,*,#1652,.F.);
#1806 = ORIENTED_EDGE('',*,*,#329,.F.);
#1807 = PLANE('',#1808);
#1808 = AXIS2_PLACEMENT_3D('',#1809,#1810,#1811);
#1809 = CARTESIAN_POINT('',(-4.528353796246,9.224679292689,74.0791));
#1810 = DIRECTION('',(-1.,2.22044604925E-16,0.));
#1811 = DIRECTION('',(-2.22044604925E-16,-1.,0.));
#1812 = ADVANCED_FACE('',(#1813),#1839,.F.);
#1813 = FACE_BOUND('',#1814,.F.);
#1814 = EDGE_LOOP('',(#1815,#1823,#1832,#1838));
#1815 = ORIENTED_EDGE('',*,*,#1816,.T.);
#1816 = EDGE_CURVE('',#374,#1817,#1819,.T.);
#1817 = VERTEX_POINT('',#1818);
#1818 = CARTESIAN_POINT('',(-4.528353796246,9.934030953459,73.0791));
#1819 = LINE('',#1820,#1821);
#1820 = CARTESIAN_POINT('',(-4.528353796246,9.934030953459,74.0791));
#1821 = VECTOR('',#1822,1.);
#1822 = DIRECTION('',(-0.,-0.,-1.));
#1823 = ORIENTED_EDGE('',*,*,#1824,.T.);
#1824 = EDGE_CURVE('',#1817,#1825,#1827,.T.);
#1825 = VERTEX_POINT('',#1826);
#1826 = CARTESIAN_POINT('',(-4.336624482174,9.900490023821,73.0791));
#1827 = B_SPLINE_CURVE_WITH_KNOTS('',3,(#1828,#1829,#1830,#1831),
  .UNSPECIFIED.,.F.,.F.,(4,4),(0.,1.),.PIECEWISE_BEZIER_KNOTS.);
#1828 = CARTESIAN_POINT('',(-4.528353796246,9.934030953459,73.0791));
#1829 = CARTESIAN_POINT('',(-4.442083405129,9.91967855566,73.0791));
#1830 = CARTESIAN_POINT('',(-4.379837679894,9.910006287579,73.0791));
#1831 = CARTESIAN_POINT('',(-4.336624482174,9.900490023821,73.0791));
#1832 = ORIENTED_EDGE('',*,*,#1833,.F.);
#1833 = EDGE_CURVE('',#376,#1825,#1834,.T.);
#1834 = LINE('',#1835,#1836);
#1835 = CARTESIAN_POINT('',(-4.336624482174,9.900490023821,74.0791));
#1836 = VECTOR('',#1837,1.);
#1837 = DIRECTION('',(-0.,-0.,-1.));
#1838 = ORIENTED_EDGE('',*,*,#373,.F.);
#1839 = SURFACE_OF_LINEAR_EXTRUSION('',#1840,#1845);
#1840 = B_SPLINE_CURVE_WITH_KNOTS('',3,(#1841,#1842,#1843,#1844),
  .UNSPECIFIED.,.F.,.F.,(4,4),(0.,1.),.PIECEWISE_BEZIER_KNOTS.);
#1841 = CARTESIAN_POINT('',(-4.528353796246,9.934030953459,74.0791));
#1842 = CARTESIAN_POINT('',(-4.442083405129,9.91967855566,74.0791));
#1843 = CARTESIAN_POINT('',(-4.379837679894,9.910006287579,74.0791));
#1844 = CARTESIAN_POINT('',(-4.336624482174,9.900490023821,74.0791));
#1845 = VECTOR('',#1846,1.);
#1846 = DIRECTION('',(0.,0.,1.));
#1847 = ADVANCED_FACE('',(#1848),#1867,.F.);
#1848 = FACE_BOUND('',#1849,.F.);
#1849 = EDGE_LOOP('',(#1850,#1851,#1860,#1866));
#1850 = ORIENTED_EDGE('',*,*,#1833,.T.);
#1851 = ORIENTED_EDGE('',*,*,#1852,.T.);
#1852 = EDGE_CURVE('',#1825,#1853,#1855,.T.);
#1853 = VERTEX_POINT('',#1854);
#1854 = CARTESIAN_POINT('',(-3.545838564328,9.780678703066,73.0791));
#1855 = B_SPLINE_CURVE_WITH_KNOTS('',3,(#1856,#1857,#1858,#1859),
  .UNSPECIFIED.,.F.,.F.,(4,4),(0.,1.),.PIECEWISE_BEZIER_KNOTS.);
#1856 = CARTESIAN_POINT('',(-4.336624482174,9.900490023821,73.0791));
#1857 = CARTESIAN_POINT('',(-3.972354385868,9.823735896462,73.0791));
#1858 = CARTESIAN_POINT('',(-3.684838416922,9.780678703066,73.0791));
#1859 = CARTESIAN_POINT('',(-3.545838564328,9.780678703066,73.0791));
#1860 = ORIENTED_EDGE('',*,*,#1861,.F.);
#1861 = EDGE_CURVE('',#411,#1853,#1862,.T.);
#1862 = LINE('',#1863,#1864);
#1863 = CARTESIAN_POINT('',(-3.545838564328,9.780678703066,74.0791));
#1864 = VECTOR('',#1865,1.);
#1865 = DIRECTION('',(-0.,-0.,-1.));
#1866 = ORIENTED_EDGE('',*,*,#419,.F.);
#1867 = SURFACE_OF_LINEAR_EXTRUSION('',#1868,#1873);
#1868 = B_SPLINE_CURVE_WITH_KNOTS('',3,(#1869,#1870,#1871,#1872),
  .UNSPECIFIED.,.F.,.F.,(4,4),(0.,1.),.PIECEWISE_BEZIER_KNOTS.);
#1869 = CARTESIAN_POINT('',(-4.336624482174,9.900490023821,74.0791));
#1870 = CARTESIAN_POINT('',(-3.972354385868,9.823735896462,74.0791));
#1871 = CARTESIAN_POINT('',(-3.684838416922,9.780678703066,74.0791));
#1872 = CARTESIAN_POINT('',(-3.545838564328,9.780678703066,74.0791));
#1873 = VECTOR('',#1874,1.);
#1874 = DIRECTION('',(0.,0.,1.));
#1875 = ADVANCED_FACE('',(#1876),#1895,.F.);
#1876 = FACE_BOUND('',#1877,.F.);
#1877 = EDGE_LOOP('',(#1878,#1879,#1888,#1894));
#1878 = ORIENTED_EDGE('',*,*,#1861,.T.);
#1879 = ORIENTED_EDGE('',*,*,#1880,.T.);
#1880 = EDGE_CURVE('',#1853,#1881,#1883,.T.);
#1881 = VERTEX_POINT('',#1882);
#1882 = CARTESIAN_POINT('',(-3.354109250255,9.981924280896,73.0791));
#1883 = B_SPLINE_CURVE_WITH_KNOTS('',3,(#1884,#1885,#1886,#1887),
  .UNSPECIFIED.,.F.,.F.,(4,4),(0.,1.),.PIECEWISE_BEZIER_KNOTS.);
#1884 = CARTESIAN_POINT('',(-3.545838564328,9.780678703066,73.0791));
#1885 = CARTESIAN_POINT('',(-3.440379641372,9.780678703066,73.0791));
#1886 = CARTESIAN_POINT('',(-3.354109250255,9.871785228223,73.0791));
#1887 = CARTESIAN_POINT('',(-3.354109250255,9.981924280896,73.0791));
#1888 = ORIENTED_EDGE('',*,*,#1889,.F.);
#1889 = EDGE_CURVE('',#402,#1881,#1890,.T.);
#1890 = LINE('',#1891,#1892);
#1891 = CARTESIAN_POINT('',(-3.354109250255,9.981924280896,74.0791));
#1892 = VECTOR('',#1893,1.);
#1893 = DIRECTION('',(-0.,-0.,-1.));
#1894 = ORIENTED_EDGE('',*,*,#410,.F.);
#1895 = SURFACE_OF_LINEAR_EXTRUSION('',#1896,#1901);
#1896 = B_SPLINE_CURVE_WITH_KNOTS('',3,(#1897,#1898,#1899,#1900),
  .UNSPECIFIED.,.F.,.F.,(4,4),(0.,1.),.PIECEWISE_BEZIER_KNOTS.);
#1897 = CARTESIAN_POINT('',(-3.545838564328,9.780678703066,74.0791));
#1898 = CARTESIAN_POINT('',(-3.440379641372,9.780678703066,74.0791));
#1899 = CARTESIAN_POINT('',(-3.354109250255,9.871785228223,74.0791));
#1900 = CARTESIAN_POINT('',(-3.354109250255,9.981924280896,74.0791));
#1901 = VECTOR('',#1902,1.);
#1902 = DIRECTION('',(0.,0.,1.));
#1903 = ADVANCED_FACE('',(#1904),#1923,.F.);
#1904 = FACE_BOUND('',#1905,.F.);
#1905 = EDGE_LOOP('',(#1906,#1907,#1916,#1922));
#1906 = ORIENTED_EDGE('',*,*,#1889,.T.);
#1907 = ORIENTED_EDGE('',*,*,#1908,.T.);
#1908 = EDGE_CURVE('',#1881,#1909,#1911,.T.);
#1909 = VERTEX_POINT('',#1910);
#1910 = CARTESIAN_POINT('',(-3.550674698368,10.188005992767,73.0791));
#1911 = B_SPLINE_CURVE_WITH_KNOTS('',3,(#1912,#1913,#1914,#1915),
  .UNSPECIFIED.,.F.,.F.,(4,4),(0.,1.),.PIECEWISE_BEZIER_KNOTS.);
#1912 = CARTESIAN_POINT('',(-3.354109250255,9.981924280896,73.0791));
#1913 = CARTESIAN_POINT('',(-3.354109250255,10.09689946761,73.0791));
#1914 = CARTESIAN_POINT('',(-3.440379641372,10.188005992767,73.0791));
#1915 = CARTESIAN_POINT('',(-3.550674698368,10.188005992767,73.0791));
#1916 = ORIENTED_EDGE('',*,*,#1917,.F.);
#1917 = EDGE_CURVE('',#393,#1909,#1918,.T.);
#1918 = LINE('',#1919,#1920);
#1919 = CARTESIAN_POINT('',(-3.550674698368,10.188005992767,74.0791));
#1920 = VECTOR('',#1921,1.);
#1921 = DIRECTION('',(-0.,-0.,-1.));
#1922 = ORIENTED_EDGE('',*,*,#401,.F.);
#1923 = SURFACE_OF_LINEAR_EXTRUSION('',#1924,#1929);
#1924 = B_SPLINE_CURVE_WITH_KNOTS('',3,(#1925,#1926,#1927,#1928),
  .UNSPECIFIED.,.F.,.F.,(4,4),(0.,1.),.PIECEWISE_BEZIER_KNOTS.);
#1925 = CARTESIAN_POINT('',(-3.354109250255,9.981924280896,74.0791));
#1926 = CARTESIAN_POINT('',(-3.354109250255,10.09689946761,74.0791));
#1927 = CARTESIAN_POINT('',(-3.440379641372,10.188005992767,74.0791));
#1928 = CARTESIAN_POINT('',(-3.550674698368,10.188005992767,74.0791));
#1929 = VECTOR('',#1930,1.);
#1930 = DIRECTION('',(0.,0.,1.));
#1931 = ADVANCED_FACE('',(#1932),#1951,.F.);
#1932 = FACE_BOUND('',#1933,.F.);
#1933 = EDGE_LOOP('',(#1934,#1935,#1944,#1950));
#1934 = ORIENTED_EDGE('',*,*,#1917,.T.);
#1935 = ORIENTED_EDGE('',*,*,#1936,.T.);
#1936 = EDGE_CURVE('',#1909,#1937,#1939,.T.);
#1937 = VERTEX_POINT('',#1938);
#1938 = CARTESIAN_POINT('',(-4.528353796246,10.034653742374,73.0791));
#1939 = B_SPLINE_CURVE_WITH_KNOTS('',3,(#1940,#1941,#1942,#1943),
  .UNSPECIFIED.,.F.,.F.,(4,4),(0.,1.),.PIECEWISE_BEZIER_KNOTS.);
#1940 = CARTESIAN_POINT('',(-3.550674698368,10.188005992767,73.0791));
#1941 = CARTESIAN_POINT('',(-3.632108955444,10.188005992767,73.0791));
#1942 = CARTESIAN_POINT('',(-4.063460911026,10.120924133491,73.0791));
#1943 = CARTESIAN_POINT('',(-4.528353796246,10.034653742374,73.0791));
#1944 = ORIENTED_EDGE('',*,*,#1945,.F.);
#1945 = EDGE_CURVE('',#385,#1937,#1946,.T.);
#1946 = LINE('',#1947,#1948);
#1947 = CARTESIAN_POINT('',(-4.528353796246,10.034653742374,74.0791));
#1948 = VECTOR('',#1949,1.);
#1949 = DIRECTION('',(-0.,-0.,-1.));
#1950 = ORIENTED_EDGE('',*,*,#392,.F.);
#1951 = SURFACE_OF_LINEAR_EXTRUSION('',#1952,#1957);
#1952 = B_SPLINE_CURVE_WITH_KNOTS('',3,(#1953,#1954,#1955,#1956),
  .UNSPECIFIED.,.F.,.F.,(4,4),(0.,1.),.PIECEWISE_BEZIER_KNOTS.);
#1953 = CARTESIAN_POINT('',(-3.550674698368,10.188005992767,74.0791));
#1954 = CARTESIAN_POINT('',(-3.632108955444,10.188005992767,74.0791));
#1955 = CARTESIAN_POINT('',(-4.063460911026,10.120924133491,74.0791));
#1956 = CARTESIAN_POINT('',(-4.528353796246,10.034653742374,74.0791));
#1957 = VECTOR('',#1958,1.);
#1958 = DIRECTION('',(0.,0.,1.));
#1959 = ADVANCED_FACE('',(#1960),#1971,.F.);
#1960 = FACE_BOUND('',#1961,.F.);
#1961 = EDGE_LOOP('',(#1962,#1963,#1969,#1970));
#1962 = ORIENTED_EDGE('',*,*,#1945,.T.);
#1963 = ORIENTED_EDGE('',*,*,#1964,.T.);
#1964 = EDGE_CURVE('',#1937,#1817,#1965,.T.);
#1965 = LINE('',#1966,#1967);
#1966 = CARTESIAN_POINT('',(-4.528353796246,10.034653742374,73.0791));
#1967 = VECTOR('',#1968,1.);
#1968 = DIRECTION('',(-2.22044604925E-16,-1.,0.));
#1969 = ORIENTED_EDGE('',*,*,#1816,.F.);
#1970 = ORIENTED_EDGE('',*,*,#384,.F.);
#1971 = PLANE('',#1972);
#1972 = AXIS2_PLACEMENT_3D('',#1973,#1974,#1975);
#1973 = CARTESIAN_POINT('',(-4.528353796246,10.034653742374,74.0791));
#1974 = DIRECTION('',(-1.,2.22044604925E-16,0.));
#1975 = DIRECTION('',(-2.22044604925E-16,-1.,0.));
#1976 = ADVANCED_FACE('',(#1977),#2002,.F.);
#1977 = FACE_BOUND('',#1978,.F.);
#1978 = EDGE_LOOP('',(#1979,#1987,#1995,#2001));
#1979 = ORIENTED_EDGE('',*,*,#1980,.T.);
#1980 = EDGE_CURVE('',#429,#1981,#1983,.T.);
#1981 = VERTEX_POINT('',#1982);
#1982 = CARTESIAN_POINT('',(-5.933016728636,13.073149958962,73.0791));
#1983 = LINE('',#1984,#1985);
#1984 = CARTESIAN_POINT('',(-5.933016728636,13.073149958962,74.0791));
#1985 = VECTOR('',#1986,1.);
#1986 = DIRECTION('',(-0.,-0.,-1.));
#1987 = ORIENTED_EDGE('',*,*,#1988,.T.);
#1988 = EDGE_CURVE('',#1981,#1989,#1991,.T.);
#1989 = VERTEX_POINT('',#1990);
#1990 = CARTESIAN_POINT('',(-5.909148067079,13.135395684198,73.0791));
#1991 = LINE('',#1992,#1993);
#1992 = CARTESIAN_POINT('',(-5.933016728636,13.073149958962,73.0791));
#1993 = VECTOR('',#1994,1.);
#1994 = DIRECTION('',(0.358038024804,0.933707005861,0.));
#1995 = ORIENTED_EDGE('',*,*,#1996,.F.);
#1996 = EDGE_CURVE('',#431,#1989,#1997,.T.);
#1997 = LINE('',#1998,#1999);
#1998 = CARTESIAN_POINT('',(-5.909148067079,13.135395684198,74.0791));
#1999 = VECTOR('',#2000,1.);
#2000 = DIRECTION('',(-0.,-0.,-1.));
#2001 = ORIENTED_EDGE('',*,*,#428,.F.);
#2002 = PLANE('',#2003);
#2003 = AXIS2_PLACEMENT_3D('',#2004,#2005,#2006);
#2004 = CARTESIAN_POINT('',(-5.933016728636,13.073149958962,74.0791));
#2005 = DIRECTION('',(0.933707005861,-0.358038024804,0.));
#2006 = DIRECTION('',(0.358038024804,0.933707005861,0.));
#2007 = ADVANCED_FACE('',(#2008),#2027,.F.);
#2008 = FACE_BOUND('',#2009,.F.);
#2009 = EDGE_LOOP('',(#2010,#2011,#2020,#2026));
#2010 = ORIENTED_EDGE('',*,*,#1996,.T.);
#2011 = ORIENTED_EDGE('',*,*,#2012,.T.);
#2012 = EDGE_CURVE('',#1989,#2013,#2015,.T.);
#2013 = VERTEX_POINT('',#2014);
#2014 = CARTESIAN_POINT('',(-6.224900818651,13.590616301336,73.0791));
#2015 = B_SPLINE_CURVE_WITH_KNOTS('',3,(#2016,#2017,#2018,#2019),
  .UNSPECIFIED.,.F.,.F.,(4,4),(0.,1.),.PIECEWISE_BEZIER_KNOTS.);
#2016 = CARTESIAN_POINT('',(-5.909148067079,13.135395684198,73.0791));
#2017 = CARTESIAN_POINT('',(-6.186679759296,13.312772600472,73.0791));
#2018 = CARTESIAN_POINT('',(-6.220064684611,13.36550206195,73.0791));
#2019 = CARTESIAN_POINT('',(-6.224900818651,13.590616301336,73.0791));
#2020 = ORIENTED_EDGE('',*,*,#2021,.F.);
#2021 = EDGE_CURVE('',#550,#2013,#2022,.T.);
#2022 = LINE('',#2023,#2024);
#2023 = CARTESIAN_POINT('',(-6.224900818651,13.590616301336,74.0791));
#2024 = VECTOR('',#2025,1.);
#2025 = DIRECTION('',(-0.,-0.,-1.));
#2026 = ORIENTED_EDGE('',*,*,#557,.F.);
#2027 = SURFACE_OF_LINEAR_EXTRUSION('',#2028,#2033);
#2028 = B_SPLINE_CURVE_WITH_KNOTS('',3,(#2029,#2030,#2031,#2032),
  .UNSPECIFIED.,.F.,.F.,(4,4),(0.,1.),.PIECEWISE_BEZIER_KNOTS.);
#2029 = CARTESIAN_POINT('',(-5.909148067079,13.135395684198,74.0791));
#2030 = CARTESIAN_POINT('',(-6.186679759296,13.312772600472,74.0791));
#2031 = CARTESIAN_POINT('',(-6.220064684611,13.36550206195,74.0791));
#2032 = CARTESIAN_POINT('',(-6.224900818651,13.590616301336,74.0791));
#2033 = VECTOR('',#2034,1.);
#2034 = DIRECTION('',(0.,0.,1.));
#2035 = ADVANCED_FACE('',(#2036),#2054,.F.);
#2036 = FACE_BOUND('',#2037,.F.);
#2037 = EDGE_LOOP('',(#2038,#2039,#2047,#2053));
#2038 = ORIENTED_EDGE('',*,*,#2021,.T.);
#2039 = ORIENTED_EDGE('',*,*,#2040,.T.);
#2040 = EDGE_CURVE('',#2013,#2041,#2043,.T.);
#2041 = VERTEX_POINT('',#2042);
#2042 = CARTESIAN_POINT('',(-6.224900818651,14.736000047406,73.0791));
#2043 = LINE('',#2044,#2045);
#2044 = CARTESIAN_POINT('',(-6.224900818651,13.590616301336,73.0791));
#2045 = VECTOR('',#2046,1.);
#2046 = DIRECTION('',(2.22044604925E-16,1.,0.));
#2047 = ORIENTED_EDGE('',*,*,#2048,.F.);
#2048 = EDGE_CURVE('',#542,#2041,#2049,.T.);
#2049 = LINE('',#2050,#2051);
#2050 = CARTESIAN_POINT('',(-6.224900818651,14.736000047406,74.0791));
#2051 = VECTOR('',#2052,1.);
#2052 = DIRECTION('',(-0.,-0.,-1.));
#2053 = ORIENTED_EDGE('',*,*,#549,.F.);
#2054 = PLANE('',#2055);
#2055 = AXIS2_PLACEMENT_3D('',#2056,#2057,#2058);
#2056 = CARTESIAN_POINT('',(-6.224900818651,13.590616301336,74.0791));
#2057 = DIRECTION('',(1.,-2.22044604925E-16,0.));
#2058 = DIRECTION('',(2.22044604925E-16,1.,0.));
#2059 = ADVANCED_FACE('',(#2060),#2078,.F.);
#2060 = FACE_BOUND('',#2061,.F.);
#2061 = EDGE_LOOP('',(#2062,#2063,#2071,#2077));
#2062 = ORIENTED_EDGE('',*,*,#2048,.T.);
#2063 = ORIENTED_EDGE('',*,*,#2064,.T.);
#2064 = EDGE_CURVE('',#2041,#2065,#2067,.T.);
#2065 = VERTEX_POINT('',#2066);
#2066 = CARTESIAN_POINT('',(-5.382945482567,13.930861731761,73.0791));
#2067 = LINE('',#2068,#2069);
#2068 = CARTESIAN_POINT('',(-6.224900818651,14.736000047406,73.0791));
#2069 = VECTOR('',#2070,1.);
#2070 = DIRECTION('',(0.722732008073,-0.691128384967,0.));
#2071 = ORIENTED_EDGE('',*,*,#2072,.F.);
#2072 = EDGE_CURVE('',#533,#2065,#2073,.T.);
#2073 = LINE('',#2074,#2075);
#2074 = CARTESIAN_POINT('',(-5.382945482567,13.930861731761,74.0791));
#2075 = VECTOR('',#2076,1.);
#2076 = DIRECTION('',(-0.,-0.,-1.));
#2077 = ORIENTED_EDGE('',*,*,#541,.F.);
#2078 = PLANE('',#2079);
#2079 = AXIS2_PLACEMENT_3D('',#2080,#2081,#2082);
#2080 = CARTESIAN_POINT('',(-6.224900818651,14.736000047406,74.0791));
#2081 = DIRECTION('',(-0.691128384967,-0.722732008073,0.));
#2082 = DIRECTION('',(0.722732008073,-0.691128384967,0.));
#2083 = ADVANCED_FACE('',(#2084),#2103,.F.);
#2084 = FACE_BOUND('',#2085,.F.);
#2085 = EDGE_LOOP('',(#2086,#2087,#2096,#2102));
#2086 = ORIENTED_EDGE('',*,*,#2072,.T.);
#2087 = ORIENTED_EDGE('',*,*,#2088,.T.);
#2088 = EDGE_CURVE('',#2065,#2089,#2091,.T.);
#2089 = VERTEX_POINT('',#2090);
#2090 = CARTESIAN_POINT('',(-4.201524737677,13.317452730189,73.0791));
#2091 = B_SPLINE_CURVE_WITH_KNOTS('',3,(#2092,#2093,#2094,#2095),
  .UNSPECIFIED.,.F.,.F.,(4,4),(0.,1.),.PIECEWISE_BEZIER_KNOTS.);
#2092 = CARTESIAN_POINT('',(-5.382945482567,13.930861731761,73.0791));
#2093 = CARTESIAN_POINT('',(-4.938177155129,13.50434591022,73.0791));
#2094 = CARTESIAN_POINT('',(-4.57453107612,13.317452730189,73.0791));
#2095 = CARTESIAN_POINT('',(-4.201524737677,13.317452730189,73.0791));
#2096 = ORIENTED_EDGE('',*,*,#2097,.F.);
#2097 = EDGE_CURVE('',#524,#2089,#2098,.T.);
#2098 = LINE('',#2099,#2100);
#2099 = CARTESIAN_POINT('',(-4.201524737677,13.317452730189,74.0791));
#2100 = VECTOR('',#2101,1.);
#2101 = DIRECTION('',(-0.,-0.,-1.));
#2102 = ORIENTED_EDGE('',*,*,#532,.F.);
#2103 = SURFACE_OF_LINEAR_EXTRUSION('',#2104,#2109);
#2104 = B_SPLINE_CURVE_WITH_KNOTS('',3,(#2105,#2106,#2107,#2108),
  .UNSPECIFIED.,.F.,.F.,(4,4),(0.,1.),.PIECEWISE_BEZIER_KNOTS.);
#2105 = CARTESIAN_POINT('',(-5.382945482567,13.930861731761,74.0791));
#2106 = CARTESIAN_POINT('',(-4.938177155129,13.50434591022,74.0791));
#2107 = CARTESIAN_POINT('',(-4.57453107612,13.317452730189,74.0791));
#2108 = CARTESIAN_POINT('',(-4.201524737677,13.317452730189,74.0791));
#2109 = VECTOR('',#2110,1.);
#2110 = DIRECTION('',(0.,0.,1.));
#2111 = ADVANCED_FACE('',(#2112),#2131,.F.);
#2112 = FACE_BOUND('',#2113,.F.);
#2113 = EDGE_LOOP('',(#2114,#2115,#2124,#2130));
#2114 = ORIENTED_EDGE('',*,*,#2097,.T.);
#2115 = ORIENTED_EDGE('',*,*,#2116,.T.);
#2116 = EDGE_CURVE('',#2089,#2117,#2119,.T.);
#2117 = VERTEX_POINT('',#2118);
#2118 = CARTESIAN_POINT('',(-3.354109250255,14.204025302909,73.0791));
#2119 = B_SPLINE_CURVE_WITH_KNOTS('',3,(#2120,#2121,#2122,#2123),
  .UNSPECIFIED.,.F.,.F.,(4,4),(0.,1.),.PIECEWISE_BEZIER_KNOTS.);
#2120 = CARTESIAN_POINT('',(-4.201524737677,13.317452730189,73.0791));
#2121 = CARTESIAN_POINT('',(-3.723215480601,13.317452730189,73.0791));
#2122 = CARTESIAN_POINT('',(-3.354109250255,13.705747492374,73.0791));
#2123 = CARTESIAN_POINT('',(-3.354109250255,14.204025302909,73.0791));
#2124 = ORIENTED_EDGE('',*,*,#2125,.F.);
#2125 = EDGE_CURVE('',#515,#2117,#2126,.T.);
#2126 = LINE('',#2127,#2128);
#2127 = CARTESIAN_POINT('',(-3.354109250255,14.204025302909,74.0791));
#2128 = VECTOR('',#2129,1.);
#2129 = DIRECTION('',(-0.,-0.,-1.));
#2130 = ORIENTED_EDGE('',*,*,#523,.F.);
#2131 = SURFACE_OF_LINEAR_EXTRUSION('',#2132,#2137);
#2132 = B_SPLINE_CURVE_WITH_KNOTS('',3,(#2133,#2134,#2135,#2136),
  .UNSPECIFIED.,.F.,.F.,(4,4),(0.,1.),.PIECEWISE_BEZIER_KNOTS.);
#2133 = CARTESIAN_POINT('',(-4.201524737677,13.317452730189,74.0791));
#2134 = CARTESIAN_POINT('',(-3.723215480601,13.317452730189,74.0791));
#2135 = CARTESIAN_POINT('',(-3.354109250255,13.705747492374,74.0791));
#2136 = CARTESIAN_POINT('',(-3.354109250255,14.204025302909,74.0791));
#2137 = VECTOR('',#2138,1.);
#2138 = DIRECTION('',(0.,0.,1.));
#2139 = ADVANCED_FACE('',(#2140),#2159,.F.);
#2140 = FACE_BOUND('',#2141,.F.);
#2141 = EDGE_LOOP('',(#2142,#2143,#2152,#2158));
#2142 = ORIENTED_EDGE('',*,*,#2125,.T.);
#2143 = ORIENTED_EDGE('',*,*,#2144,.T.);
#2144 = EDGE_CURVE('',#2117,#2145,#2147,.T.);
#2145 = VERTEX_POINT('',#2146);
#2146 = CARTESIAN_POINT('',(-3.651297487284,14.89418843184,73.0791));
#2147 = B_SPLINE_CURVE_WITH_KNOTS('',3,(#2148,#2149,#2150,#2151),
  .UNSPECIFIED.,.F.,.F.,(4,4),(0.,1.),.PIECEWISE_BEZIER_KNOTS.);
#2148 = CARTESIAN_POINT('',(-3.354109250255,14.204025302909,73.0791));
#2149 = CARTESIAN_POINT('',(-3.354109250255,14.467672610299,73.0791));
#2150 = CARTESIAN_POINT('',(-3.459568173211,14.716811515566,73.0791));
#2151 = CARTESIAN_POINT('',(-3.651297487284,14.89418843184,73.0791));
#2152 = ORIENTED_EDGE('',*,*,#2153,.F.);
#2153 = EDGE_CURVE('',#506,#2145,#2154,.T.);
#2154 = LINE('',#2155,#2156);
#2155 = CARTESIAN_POINT('',(-3.651297487284,14.89418843184,74.0791));
#2156 = VECTOR('',#2157,1.);
#2157 = DIRECTION('',(-0.,-0.,-1.));
#2158 = ORIENTED_EDGE('',*,*,#514,.F.);
#2159 = SURFACE_OF_LINEAR_EXTRUSION('',#2160,#2165);
#2160 = B_SPLINE_CURVE_WITH_KNOTS('',3,(#2161,#2162,#2163,#2164),
  .UNSPECIFIED.,.F.,.F.,(4,4),(0.,1.),.PIECEWISE_BEZIER_KNOTS.);
#2161 = CARTESIAN_POINT('',(-3.354109250255,14.204025302909,74.0791));
#2162 = CARTESIAN_POINT('',(-3.354109250255,14.467672610299,74.0791));
#2163 = CARTESIAN_POINT('',(-3.459568173211,14.716811515566,74.0791));
#2164 = CARTESIAN_POINT('',(-3.651297487284,14.89418843184,74.0791));
#2165 = VECTOR('',#2166,1.);
#2166 = DIRECTION('',(0.,0.,1.));
#2167 = ADVANCED_FACE('',(#2168),#2187,.F.);
#2168 = FACE_BOUND('',#2169,.F.);
#2169 = EDGE_LOOP('',(#2170,#2171,#2180,#2186));
#2170 = ORIENTED_EDGE('',*,*,#2153,.T.);
#2171 = ORIENTED_EDGE('',*,*,#2172,.T.);
#2172 = EDGE_CURVE('',#2145,#2173,#2175,.T.);
#2173 = VERTEX_POINT('',#2174);
#2174 = CARTESIAN_POINT('',(-4.306671651985,15.200892932626,73.0791));
#2175 = B_SPLINE_CURVE_WITH_KNOTS('',3,(#2176,#2177,#2178,#2179),
  .UNSPECIFIED.,.F.,.F.,(4,4),(0.,1.),.PIECEWISE_BEZIER_KNOTS.);
#2176 = CARTESIAN_POINT('',(-3.651297487284,14.89418843184,73.0791));
#2177 = CARTESIAN_POINT('',(-3.814009997111,15.047540682233,73.0791));
#2178 = CARTESIAN_POINT('',(-3.967050238856,15.11945867555,73.0791));
#2179 = CARTESIAN_POINT('',(-4.306671651985,15.200892932626,73.0791));
#2180 = ORIENTED_EDGE('',*,*,#2181,.F.);
#2181 = EDGE_CURVE('',#498,#2173,#2182,.T.);
#2182 = LINE('',#2183,#2184);
#2183 = CARTESIAN_POINT('',(-4.306671651985,15.200892932626,74.0791));
#2184 = VECTOR('',#2185,1.);
#2185 = DIRECTION('',(-0.,-0.,-1.));
#2186 = ORIENTED_EDGE('',*,*,#505,.F.);
#2187 = SURFACE_OF_LINEAR_EXTRUSION('',#2188,#2193);
#2188 = B_SPLINE_CURVE_WITH_KNOTS('',3,(#2189,#2190,#2191,#2192),
  .UNSPECIFIED.,.F.,.F.,(4,4),(0.,1.),.PIECEWISE_BEZIER_KNOTS.);
#2189 = CARTESIAN_POINT('',(-3.651297487284,14.89418843184,74.0791));
#2190 = CARTESIAN_POINT('',(-3.814009997111,15.047540682233,74.0791));
#2191 = CARTESIAN_POINT('',(-3.967050238856,15.11945867555,74.0791));
#2192 = CARTESIAN_POINT('',(-4.306671651985,15.200892932626,74.0791));
#2193 = VECTOR('',#2194,1.);
#2194 = DIRECTION('',(0.,0.,1.));
#2195 = ADVANCED_FACE('',(#2196),#2214,.F.);
#2196 = FACE_BOUND('',#2197,.F.);
#2197 = EDGE_LOOP('',(#2198,#2199,#2207,#2213));
#2198 = ORIENTED_EDGE('',*,*,#2181,.T.);
#2199 = ORIENTED_EDGE('',*,*,#2200,.T.);
#2200 = EDGE_CURVE('',#2173,#2201,#2203,.T.);
#2201 = VERTEX_POINT('',#2202);
#2202 = CARTESIAN_POINT('',(-4.330696317865,15.100270143711,73.0791));
#2203 = LINE('',#2204,#2205);
#2204 = CARTESIAN_POINT('',(-4.306671651985,15.200892932626,73.0791));
#2205 = VECTOR('',#2206,1.);
#2206 = DIRECTION('',(-0.232232095514,-0.972660400044,0.));
#2207 = ORIENTED_EDGE('',*,*,#2208,.F.);
#2208 = EDGE_CURVE('',#489,#2201,#2209,.T.);
#2209 = LINE('',#2210,#2211);
#2210 = CARTESIAN_POINT('',(-4.330696317865,15.100270143711,74.0791));
#2211 = VECTOR('',#2212,1.);
#2212 = DIRECTION('',(-0.,-0.,-1.));
#2213 = ORIENTED_EDGE('',*,*,#497,.F.);
#2214 = PLANE('',#2215);
#2215 = AXIS2_PLACEMENT_3D('',#2216,#2217,#2218);
#2216 = CARTESIAN_POINT('',(-4.306671651985,15.200892932626,74.0791));
#2217 = DIRECTION('',(-0.972660400044,0.232232095514,0.));
#2218 = DIRECTION('',(-0.232232095514,-0.972660400044,0.));
#2219 = ADVANCED_FACE('',(#2220),#2239,.F.);
#2220 = FACE_BOUND('',#2221,.F.);
#2221 = EDGE_LOOP('',(#2222,#2223,#2232,#2238));
#2222 = ORIENTED_EDGE('',*,*,#2208,.T.);
#2223 = ORIENTED_EDGE('',*,*,#2224,.T.);
#2224 = EDGE_CURVE('',#2201,#2225,#2227,.T.);
#2225 = VERTEX_POINT('',#2226);
#2226 = CARTESIAN_POINT('',(-3.708863082802,14.405426885063,73.0791));
#2227 = B_SPLINE_CURVE_WITH_KNOTS('',3,(#2228,#2229,#2230,#2231),
  .UNSPECIFIED.,.F.,.F.,(4,4),(0.,1.),.PIECEWISE_BEZIER_KNOTS.);
#2228 = CARTESIAN_POINT('',(-4.330696317865,15.100270143711,73.0791));
#2229 = CARTESIAN_POINT('',(-3.861903324548,14.908540829638,73.0791));
#2230 = CARTESIAN_POINT('',(-3.708863082802,14.740836181447,73.0791));
#2231 = CARTESIAN_POINT('',(-3.708863082802,14.405426885063,73.0791));
#2232 = ORIENTED_EDGE('',*,*,#2233,.F.);
#2233 = EDGE_CURVE('',#480,#2225,#2234,.T.);
#2234 = LINE('',#2235,#2236);
#2235 = CARTESIAN_POINT('',(-3.708863082802,14.405426885063,74.0791));
#2236 = VECTOR('',#2237,1.);
#2237 = DIRECTION('',(-0.,-0.,-1.));
#2238 = ORIENTED_EDGE('',*,*,#488,.F.);
#2239 = SURFACE_OF_LINEAR_EXTRUSION('',#2240,#2245);
#2240 = B_SPLINE_CURVE_WITH_KNOTS('',3,(#2241,#2242,#2243,#2244),
  .UNSPECIFIED.,.F.,.F.,(4,4),(0.,1.),.PIECEWISE_BEZIER_KNOTS.);
#2241 = CARTESIAN_POINT('',(-4.330696317865,15.100270143711,74.0791));
#2242 = CARTESIAN_POINT('',(-3.861903324548,14.908540829638,74.0791));
#2243 = CARTESIAN_POINT('',(-3.708863082802,14.740836181447,74.0791));
#2244 = CARTESIAN_POINT('',(-3.708863082802,14.405426885063,74.0791));
#2245 = VECTOR('',#2246,1.);
#2246 = DIRECTION('',(0.,0.,1.));
#2247 = ADVANCED_FACE('',(#2248),#2267,.F.);
#2248 = FACE_BOUND('',#2249,.F.);
#2249 = EDGE_LOOP('',(#2250,#2251,#2260,#2266));
#2250 = ORIENTED_EDGE('',*,*,#2233,.T.);
#2251 = ORIENTED_EDGE('',*,*,#2252,.T.);
#2252 = EDGE_CURVE('',#2225,#2253,#2255,.T.);
#2253 = VERTEX_POINT('',#2254);
#2254 = CARTESIAN_POINT('',(-4.383269775019,13.729616153931,73.0791));
#2255 = B_SPLINE_CURVE_WITH_KNOTS('',3,(#2256,#2257,#2258,#2259),
  .UNSPECIFIED.,.F.,.F.,(4,4),(0.,1.),.PIECEWISE_BEZIER_KNOTS.);
#2256 = CARTESIAN_POINT('',(-3.708863082802,14.405426885063,73.0791));
#2257 = CARTESIAN_POINT('',(-3.708863082802,13.998099595362,73.0791));
#2258 = CARTESIAN_POINT('',(-3.981402636655,13.729616153931,73.0791));
#2259 = CARTESIAN_POINT('',(-4.383269775019,13.729616153931,73.0791));
#2260 = ORIENTED_EDGE('',*,*,#2261,.F.);
#2261 = EDGE_CURVE('',#471,#2253,#2262,.T.);
#2262 = LINE('',#2263,#2264);
#2263 = CARTESIAN_POINT('',(-4.383269775019,13.729616153931,74.0791));
#2264 = VECTOR('',#2265,1.);
#2265 = DIRECTION('',(-0.,-0.,-1.));
#2266 = ORIENTED_EDGE('',*,*,#479,.F.);
#2267 = SURFACE_OF_LINEAR_EXTRUSION('',#2268,#2273);
#2268 = B_SPLINE_CURVE_WITH_KNOTS('',3,(#2269,#2270,#2271,#2272),
  .UNSPECIFIED.,.F.,.F.,(4,4),(0.,1.),.PIECEWISE_BEZIER_KNOTS.);
#2269 = CARTESIAN_POINT('',(-3.708863082802,14.405426885063,74.0791));
#2270 = CARTESIAN_POINT('',(-3.708863082802,13.998099595362,74.0791));
#2271 = CARTESIAN_POINT('',(-3.981402636655,13.729616153931,74.0791));
#2272 = CARTESIAN_POINT('',(-4.383269775019,13.729616153931,74.0791));
#2273 = VECTOR('',#2274,1.);
#2274 = DIRECTION('',(0.,0.,1.));
#2275 = ADVANCED_FACE('',(#2276),#2295,.F.);
#2276 = FACE_BOUND('',#2277,.F.);
#2277 = EDGE_LOOP('',(#2278,#2279,#2288,#2294));
#2278 = ORIENTED_EDGE('',*,*,#2261,.T.);
#2279 = ORIENTED_EDGE('',*,*,#2280,.T.);
#2280 = EDGE_CURVE('',#2253,#2281,#2283,.T.);
#2281 = VERTEX_POINT('',#2282);
#2282 = CARTESIAN_POINT('',(-5.626936245145,14.352697423585,73.0791));
#2283 = B_SPLINE_CURVE_WITH_KNOTS('',3,(#2284,#2285,#2286,#2287),
  .UNSPECIFIED.,.F.,.F.,(4,4),(0.,1.),.PIECEWISE_BEZIER_KNOTS.);
#2284 = CARTESIAN_POINT('',(-4.383269775019,13.729616153931,73.0791));
#2285 = CARTESIAN_POINT('',(-4.761112247504,13.729616153931,73.0791));
#2286 = CARTESIAN_POINT('',(-5.201200445224,13.950050263601,73.0791));
#2287 = CARTESIAN_POINT('',(-5.626936245145,14.352697423585,73.0791));
#2288 = ORIENTED_EDGE('',*,*,#2289,.F.);
#2289 = EDGE_CURVE('',#463,#2281,#2290,.T.);
#2290 = LINE('',#2291,#2292);
#2291 = CARTESIAN_POINT('',(-5.626936245145,14.352697423585,74.0791));
#2292 = VECTOR('',#2293,1.);
#2293 = DIRECTION('',(-0.,-0.,-1.));
#2294 = ORIENTED_EDGE('',*,*,#470,.F.);
#2295 = SURFACE_OF_LINEAR_EXTRUSION('',#2296,#2301);
#2296 = B_SPLINE_CURVE_WITH_KNOTS('',3,(#2297,#2298,#2299,#2300),
  .UNSPECIFIED.,.F.,.F.,(4,4),(0.,1.),.PIECEWISE_BEZIER_KNOTS.);
#2297 = CARTESIAN_POINT('',(-4.383269775019,13.729616153931,74.0791));
#2298 = CARTESIAN_POINT('',(-4.761112247504,13.729616153931,74.0791));
#2299 = CARTESIAN_POINT('',(-5.201200445224,13.950050263601,74.0791));
#2300 = CARTESIAN_POINT('',(-5.626936245145,14.352697423585,74.0791));
#2301 = VECTOR('',#2302,1.);
#2302 = DIRECTION('',(0.,0.,1.));
#2303 = ADVANCED_FACE('',(#2304),#2322,.F.);
#2304 = FACE_BOUND('',#2305,.F.);
#2305 = EDGE_LOOP('',(#2306,#2307,#2315,#2321));
#2306 = ORIENTED_EDGE('',*,*,#2289,.T.);
#2307 = ORIENTED_EDGE('',*,*,#2308,.T.);
#2308 = EDGE_CURVE('',#2281,#2309,#2311,.T.);
#2309 = VERTEX_POINT('',#2310);
#2310 = CARTESIAN_POINT('',(-6.531605319438,15.205729066667,73.0791));
#2311 = LINE('',#2312,#2313);
#2312 = CARTESIAN_POINT('',(-5.626936245145,14.352697423585,73.0791));
#2313 = VECTOR('',#2314,1.);
#2314 = DIRECTION('',(-0.727566145574,0.686037538196,0.));
#2315 = ORIENTED_EDGE('',*,*,#2316,.F.);
#2316 = EDGE_CURVE('',#455,#2309,#2317,.T.);
#2317 = LINE('',#2318,#2319);
#2318 = CARTESIAN_POINT('',(-6.531605319438,15.205729066667,74.0791));
#2319 = VECTOR('',#2320,1.);
#2320 = DIRECTION('',(-0.,-0.,-1.));
#2321 = ORIENTED_EDGE('',*,*,#462,.F.);
#2322 = PLANE('',#2323);
#2323 = AXIS2_PLACEMENT_3D('',#2324,#2325,#2326);
#2324 = CARTESIAN_POINT('',(-5.626936245145,14.352697423585,74.0791));
#2325 = DIRECTION('',(0.686037538196,0.727566145574,0.));
#2326 = DIRECTION('',(-0.727566145574,0.686037538196,0.));
#2327 = ADVANCED_FACE('',(#2328),#2346,.F.);
#2328 = FACE_BOUND('',#2329,.F.);
#2329 = EDGE_LOOP('',(#2330,#2331,#2339,#2345));
#2330 = ORIENTED_EDGE('',*,*,#2316,.T.);
#2331 = ORIENTED_EDGE('',*,*,#2332,.T.);
#2332 = EDGE_CURVE('',#2309,#2333,#2335,.T.);
#2333 = VERTEX_POINT('',#2334);
#2334 = CARTESIAN_POINT('',(-6.589014910633,15.205729066667,73.0791));
#2335 = LINE('',#2336,#2337);
#2336 = CARTESIAN_POINT('',(-6.531605319438,15.205729066667,73.0791));
#2337 = VECTOR('',#2338,1.);
#2338 = DIRECTION('',(-1.,2.22044604925E-16,0.));
#2339 = ORIENTED_EDGE('',*,*,#2340,.F.);
#2340 = EDGE_CURVE('',#447,#2333,#2341,.T.);
#2341 = LINE('',#2342,#2343);
#2342 = CARTESIAN_POINT('',(-6.589014910633,15.205729066667,74.0791));
#2343 = VECTOR('',#2344,1.);
#2344 = DIRECTION('',(-0.,-0.,-1.));
#2345 = ORIENTED_EDGE('',*,*,#454,.F.);
#2346 = PLANE('',#2347);
#2347 = AXIS2_PLACEMENT_3D('',#2348,#2349,#2350);
#2348 = CARTESIAN_POINT('',(-6.531605319438,15.205729066667,74.0791));
#2349 = DIRECTION('',(2.22044604925E-16,1.,0.));
#2350 = DIRECTION('',(-1.,2.22044604925E-16,0.));
#2351 = ADVANCED_FACE('',(#2352),#2370,.F.);
#2352 = FACE_BOUND('',#2353,.F.);
#2353 = EDGE_LOOP('',(#2354,#2355,#2363,#2369));
#2354 = ORIENTED_EDGE('',*,*,#2340,.T.);
#2355 = ORIENTED_EDGE('',*,*,#2356,.T.);
#2356 = EDGE_CURVE('',#2333,#2357,#2359,.T.);
#2357 = VERTEX_POINT('',#2358);
#2358 = CARTESIAN_POINT('',(-6.589014910633,13.336641262028,73.0791));
#2359 = LINE('',#2360,#2361);
#2360 = CARTESIAN_POINT('',(-6.589014910633,15.205729066667,73.0791));
#2361 = VECTOR('',#2362,1.);
#2362 = DIRECTION('',(-2.22044604925E-16,-1.,0.));
#2363 = ORIENTED_EDGE('',*,*,#2364,.F.);
#2364 = EDGE_CURVE('',#439,#2357,#2365,.T.);
#2365 = LINE('',#2366,#2367);
#2366 = CARTESIAN_POINT('',(-6.589014910633,13.336641262028,74.0791));
#2367 = VECTOR('',#2368,1.);
#2368 = DIRECTION('',(-0.,-0.,-1.));
#2369 = ORIENTED_EDGE('',*,*,#446,.F.);
#2370 = PLANE('',#2371);
#2371 = AXIS2_PLACEMENT_3D('',#2372,#2373,#2374);
#2372 = CARTESIAN_POINT('',(-6.589014910633,15.205729066667,74.0791));
#2373 = DIRECTION('',(-1.,2.22044604925E-16,0.));
#2374 = DIRECTION('',(-2.22044604925E-16,-1.,0.));
#2375 = ADVANCED_FACE('',(#2376),#2387,.F.);
#2376 = FACE_BOUND('',#2377,.F.);
#2377 = EDGE_LOOP('',(#2378,#2379,#2385,#2386));
#2378 = ORIENTED_EDGE('',*,*,#2364,.T.);
#2379 = ORIENTED_EDGE('',*,*,#2380,.T.);
#2380 = EDGE_CURVE('',#2357,#1981,#2381,.T.);
#2381 = LINE('',#2382,#2383);
#2382 = CARTESIAN_POINT('',(-6.589014910633,13.336641262028,73.0791));
#2383 = VECTOR('',#2384,1.);
#2384 = DIRECTION('',(0.927943069427,-0.372721960585,0.));
#2385 = ORIENTED_EDGE('',*,*,#1980,.F.);
#2386 = ORIENTED_EDGE('',*,*,#438,.F.);
#2387 = PLANE('',#2388);
#2388 = AXIS2_PLACEMENT_3D('',#2389,#2390,#2391);
#2389 = CARTESIAN_POINT('',(-6.589014910633,13.336641262028,74.0791));
#2390 = DIRECTION('',(-0.372721960585,-0.927943069427,0.));
#2391 = DIRECTION('',(0.927943069427,-0.372721960585,0.));
#2392 = ADVANCED_FACE('',(#2393),#2419,.F.);
#2393 = FACE_BOUND('',#2394,.F.);
#2394 = EDGE_LOOP('',(#2395,#2403,#2412,#2418));
#2395 = ORIENTED_EDGE('',*,*,#2396,.T.);
#2396 = EDGE_CURVE('',#567,#2397,#2399,.T.);
#2397 = VERTEX_POINT('',#2398);
#2398 = CARTESIAN_POINT('',(-3.314640156309,15.608376226651,73.0791));
#2399 = LINE('',#2400,#2401);
#2400 = CARTESIAN_POINT('',(-3.314640156309,15.608376226651,74.0791));
#2401 = VECTOR('',#2402,1.);
#2402 = DIRECTION('',(-0.,-0.,-1.));
#2403 = ORIENTED_EDGE('',*,*,#2404,.T.);
#2404 = EDGE_CURVE('',#2397,#2405,#2407,.T.);
#2405 = VERTEX_POINT('',#2406);
#2406 = CARTESIAN_POINT('',(-3.698098784453,16.782464768318,73.0791));
#2407 = B_SPLINE_CURVE_WITH_KNOTS('',3,(#2408,#2409,#2410,#2411),
  .UNSPECIFIED.,.F.,.F.,(4,4),(0.,1.),.PIECEWISE_BEZIER_KNOTS.);
#2408 = CARTESIAN_POINT('',(-3.314640156309,15.608376226651,73.0791));
#2409 = CARTESIAN_POINT('',(-3.362533483746,16.154703368947,73.0791));
#2410 = CARTESIAN_POINT('',(-3.453640008903,16.432547069811,73.0791));
#2411 = CARTESIAN_POINT('',(-3.698098784453,16.782464768318,73.0791));
#2412 = ORIENTED_EDGE('',*,*,#2413,.F.);
#2413 = EDGE_CURVE('',#569,#2405,#2414,.T.);
#2414 = LINE('',#2415,#2416);
#2415 = CARTESIAN_POINT('',(-3.698098784453,16.782464768318,74.0791));
#2416 = VECTOR('',#2417,1.);
#2417 = DIRECTION('',(-0.,-0.,-1.));
#2418 = ORIENTED_EDGE('',*,*,#566,.F.);
#2419 = SURFACE_OF_LINEAR_EXTRUSION('',#2420,#2425);
#2420 = B_SPLINE_CURVE_WITH_KNOTS('',3,(#2421,#2422,#2423,#2424),
  .UNSPECIFIED.,.F.,.F.,(4,4),(0.,1.),.PIECEWISE_BEZIER_KNOTS.);
#2421 = CARTESIAN_POINT('',(-3.314640156309,15.608376226651,74.0791));
#2422 = CARTESIAN_POINT('',(-3.362533483746,16.154703368947,74.0791));
#2423 = CARTESIAN_POINT('',(-3.453640008903,16.432547069811,74.0791));
#2424 = CARTESIAN_POINT('',(-3.698098784453,16.782464768318,74.0791));
#2425 = VECTOR('',#2426,1.);
#2426 = DIRECTION('',(0.,0.,1.));
#2427 = ADVANCED_FACE('',(#2428),#2447,.F.);
#2428 = FACE_BOUND('',#2429,.F.);
#2429 = EDGE_LOOP('',(#2430,#2431,#2440,#2446));
#2430 = ORIENTED_EDGE('',*,*,#2413,.T.);
#2431 = ORIENTED_EDGE('',*,*,#2432,.T.);
#2432 = EDGE_CURVE('',#2405,#2433,#2435,.T.);
#2433 = VERTEX_POINT('',#2434);
#2434 = CARTESIAN_POINT('',(-5.255333945617,17.582766949921,73.0791));
#2435 = B_SPLINE_CURVE_WITH_KNOTS('',3,(#2436,#2437,#2438,#2439),
  .UNSPECIFIED.,.F.,.F.,(4,4),(0.,1.),.PIECEWISE_BEZIER_KNOTS.);
#2436 = CARTESIAN_POINT('',(-3.698098784453,16.782464768318,73.0791));
#2437 = CARTESIAN_POINT('',(-4.067049010475,17.300087115016,73.0791));
#2438 = CARTESIAN_POINT('',(-4.613376152771,17.582766949921,73.0791));
#2439 = CARTESIAN_POINT('',(-5.255333945617,17.582766949921,73.0791));
#2440 = ORIENTED_EDGE('',*,*,#2441,.F.);
#2441 = EDGE_CURVE('',#631,#2433,#2442,.T.);
#2442 = LINE('',#2443,#2444);
#2443 = CARTESIAN_POINT('',(-5.255333945617,17.582766949921,74.0791));
#2444 = VECTOR('',#2445,1.);
#2445 = DIRECTION('',(-0.,-0.,-1.));
#2446 = ORIENTED_EDGE('',*,*,#639,.F.);
#2447 = SURFACE_OF_LINEAR_EXTRUSION('',#2448,#2453);
#2448 = B_SPLINE_CURVE_WITH_KNOTS('',3,(#2449,#2450,#2451,#2452),
  .UNSPECIFIED.,.F.,.F.,(4,4),(0.,1.),.PIECEWISE_BEZIER_KNOTS.);
#2449 = CARTESIAN_POINT('',(-3.698098784453,16.782464768318,74.0791));
#2450 = CARTESIAN_POINT('',(-4.067049010475,17.300087115016,74.0791));
#2451 = CARTESIAN_POINT('',(-4.613376152771,17.582766949921,74.0791));
#2452 = CARTESIAN_POINT('',(-5.255333945617,17.582766949921,74.0791));
#2453 = VECTOR('',#2454,1.);
#2454 = DIRECTION('',(0.,0.,1.));
#2455 = ADVANCED_FACE('',(#2456),#2475,.F.);
#2456 = FACE_BOUND('',#2457,.F.);
#2457 = EDGE_LOOP('',(#2458,#2459,#2468,#2474));
#2458 = ORIENTED_EDGE('',*,*,#2441,.T.);
#2459 = ORIENTED_EDGE('',*,*,#2460,.T.);
#2460 = EDGE_CURVE('',#2433,#2461,#2463,.T.);
#2461 = VERTEX_POINT('',#2462);
#2462 = CARTESIAN_POINT('',(-6.333167819438,17.247357653538,73.0791));
#2463 = B_SPLINE_CURVE_WITH_KNOTS('',3,(#2464,#2465,#2466,#2467),
  .UNSPECIFIED.,.F.,.F.,(4,4),(0.,1.),.PIECEWISE_BEZIER_KNOTS.);
#2464 = CARTESIAN_POINT('',(-5.255333945617,17.582766949921,73.0791));
#2465 = CARTESIAN_POINT('',(-5.672177499076,17.582766949921,73.0791));
#2466 = CARTESIAN_POINT('',(-6.093701182252,17.453439365409,73.0791));
#2467 = CARTESIAN_POINT('',(-6.333167819438,17.247357653538,73.0791));
#2468 = ORIENTED_EDGE('',*,*,#2469,.F.);
#2469 = EDGE_CURVE('',#622,#2461,#2470,.T.);
#2470 = LINE('',#2471,#2472);
#2471 = CARTESIAN_POINT('',(-6.333167819438,17.247357653538,74.0791));
#2472 = VECTOR('',#2473,1.);
#2473 = DIRECTION('',(-0.,-0.,-1.));
#2474 = ORIENTED_EDGE('',*,*,#630,.F.);
#2475 = SURFACE_OF_LINEAR_EXTRUSION('',#2476,#2481);
#2476 = B_SPLINE_CURVE_WITH_KNOTS('',3,(#2477,#2478,#2479,#2480),
  .UNSPECIFIED.,.F.,.F.,(4,4),(0.,1.),.PIECEWISE_BEZIER_KNOTS.);
#2477 = CARTESIAN_POINT('',(-5.255333945617,17.582766949921,74.0791));
#2478 = CARTESIAN_POINT('',(-5.672177499076,17.582766949921,74.0791));
#2479 = CARTESIAN_POINT('',(-6.093701182252,17.453439365409,74.0791));
#2480 = CARTESIAN_POINT('',(-6.333167819438,17.247357653538,74.0791));
#2481 = VECTOR('',#2482,1.);
#2482 = DIRECTION('',(0.,0.,1.));
#2483 = ADVANCED_FACE('',(#2484),#2503,.F.);
#2484 = FACE_BOUND('',#2485,.F.);
#2485 = EDGE_LOOP('',(#2486,#2487,#2496,#2502));
#2486 = ORIENTED_EDGE('',*,*,#2469,.T.);
#2487 = ORIENTED_EDGE('',*,*,#2488,.T.);
#2488 = EDGE_CURVE('',#2461,#2489,#2491,.T.);
#2489 = VERTEX_POINT('',#2490);
#2490 = CARTESIAN_POINT('',(-6.65890484774,16.50930119717,73.0791));
#2491 = B_SPLINE_CURVE_WITH_KNOTS('',3,(#2492,#2493,#2494,#2495),
  .UNSPECIFIED.,.F.,.F.,(4,4),(0.,1.),.PIECEWISE_BEZIER_KNOTS.);
#2492 = CARTESIAN_POINT('',(-6.333167819438,17.247357653538,73.0791));
#2493 = CARTESIAN_POINT('',(-6.543929661026,17.065144603223,73.0791));
#2494 = CARTESIAN_POINT('',(-6.65890484774,16.806333429874,73.0791));
#2495 = CARTESIAN_POINT('',(-6.65890484774,16.50930119717,73.0791));
#2496 = ORIENTED_EDGE('',*,*,#2497,.F.);
#2497 = EDGE_CURVE('',#613,#2489,#2498,.T.);
#2498 = LINE('',#2499,#2500);
#2499 = CARTESIAN_POINT('',(-6.65890484774,16.50930119717,74.0791));
#2500 = VECTOR('',#2501,1.);
#2501 = DIRECTION('',(-0.,-0.,-1.));
#2502 = ORIENTED_EDGE('',*,*,#621,.F.);
#2503 = SURFACE_OF_LINEAR_EXTRUSION('',#2504,#2509);
#2504 = B_SPLINE_CURVE_WITH_KNOTS('',3,(#2505,#2506,#2507,#2508),
  .UNSPECIFIED.,.F.,.F.,(4,4),(0.,1.),.PIECEWISE_BEZIER_KNOTS.);
#2505 = CARTESIAN_POINT('',(-6.333167819438,17.247357653538,74.0791));
#2506 = CARTESIAN_POINT('',(-6.543929661026,17.065144603223,74.0791));
#2507 = CARTESIAN_POINT('',(-6.65890484774,16.806333429874,74.0791));
#2508 = CARTESIAN_POINT('',(-6.65890484774,16.50930119717,74.0791));
#2509 = VECTOR('',#2510,1.);
#2510 = DIRECTION('',(0.,0.,1.));
#2511 = ADVANCED_FACE('',(#2512),#2531,.F.);
#2512 = FACE_BOUND('',#2513,.F.);
#2513 = EDGE_LOOP('',(#2514,#2515,#2524,#2530));
#2514 = ORIENTED_EDGE('',*,*,#2497,.T.);
#2515 = ORIENTED_EDGE('',*,*,#2516,.T.);
#2516 = EDGE_CURVE('',#2489,#2517,#2519,.T.);
#2517 = VERTEX_POINT('',#2518);
#2518 = CARTESIAN_POINT('',(-5.542849914563,15.502917303695,73.0791));
#2519 = B_SPLINE_CURVE_WITH_KNOTS('',3,(#2520,#2521,#2522,#2523),
  .UNSPECIFIED.,.F.,.F.,(4,4),(0.,1.),.PIECEWISE_BEZIER_KNOTS.);
#2520 = CARTESIAN_POINT('',(-6.65890484774,16.50930119717,73.0791));
#2521 = CARTESIAN_POINT('',(-6.65890484774,15.915080727437,73.0791));
#2522 = CARTESIAN_POINT('',(-6.203840234925,15.502917303695,73.0791));
#2523 = CARTESIAN_POINT('',(-5.542849914563,15.502917303695,73.0791));
#2524 = ORIENTED_EDGE('',*,*,#2525,.F.);
#2525 = EDGE_CURVE('',#604,#2517,#2526,.T.);
#2526 = LINE('',#2527,#2528);
#2527 = CARTESIAN_POINT('',(-5.542849914563,15.502917303695,74.0791));
#2528 = VECTOR('',#2529,1.);
#2529 = DIRECTION('',(-0.,-0.,-1.));
#2530 = ORIENTED_EDGE('',*,*,#612,.F.);
#2531 = SURFACE_OF_LINEAR_EXTRUSION('',#2532,#2537);
#2532 = B_SPLINE_CURVE_WITH_KNOTS('',3,(#2533,#2534,#2535,#2536),
  .UNSPECIFIED.,.F.,.F.,(4,4),(0.,1.),.PIECEWISE_BEZIER_KNOTS.);
#2533 = CARTESIAN_POINT('',(-6.65890484774,16.50930119717,74.0791));
#2534 = CARTESIAN_POINT('',(-6.65890484774,15.915080727437,74.0791));
#2535 = CARTESIAN_POINT('',(-6.203840234925,15.502917303695,74.0791));
#2536 = CARTESIAN_POINT('',(-5.542849914563,15.502917303695,74.0791));
#2537 = VECTOR('',#2538,1.);
#2538 = DIRECTION('',(0.,0.,1.));
#2539 = ADVANCED_FACE('',(#2540),#2559,.F.);
#2540 = FACE_BOUND('',#2541,.F.);
#2541 = EDGE_LOOP('',(#2542,#2543,#2552,#2558));
#2542 = ORIENTED_EDGE('',*,*,#2525,.T.);
#2543 = ORIENTED_EDGE('',*,*,#2544,.T.);
#2544 = EDGE_CURVE('',#2517,#2545,#2547,.T.);
#2545 = VERTEX_POINT('',#2546);
#2546 = CARTESIAN_POINT('',(-4.541458159453,16.408678408255,73.0791));
#2547 = B_SPLINE_CURVE_WITH_KNOTS('',3,(#2548,#2549,#2550,#2551),
  .UNSPECIFIED.,.F.,.F.,(4,4),(0.,1.),.PIECEWISE_BEZIER_KNOTS.);
#2548 = CARTESIAN_POINT('',(-5.542849914563,15.502917303695,73.0791));
#2549 = CARTESIAN_POINT('',(-4.924916787598,15.502917303695,73.0791));
#2550 = CARTESIAN_POINT('',(-4.541458159453,15.847842863836,73.0791));
#2551 = CARTESIAN_POINT('',(-4.541458159453,16.408678408255,73.0791));
#2552 = ORIENTED_EDGE('',*,*,#2553,.F.);
#2553 = EDGE_CURVE('',#595,#2545,#2554,.T.);
#2554 = LINE('',#2555,#2556);
#2555 = CARTESIAN_POINT('',(-4.541458159453,16.408678408255,74.0791));
#2556 = VECTOR('',#2557,1.);
#2557 = DIRECTION('',(-0.,-0.,-1.));
#2558 = ORIENTED_EDGE('',*,*,#603,.F.);
#2559 = SURFACE_OF_LINEAR_EXTRUSION('',#2560,#2565);
#2560 = B_SPLINE_CURVE_WITH_KNOTS('',3,(#2561,#2562,#2563,#2564),
  .UNSPECIFIED.,.F.,.F.,(4,4),(0.,1.),.PIECEWISE_BEZIER_KNOTS.);
#2561 = CARTESIAN_POINT('',(-5.542849914563,15.502917303695,74.0791));
#2562 = CARTESIAN_POINT('',(-4.924916787598,15.502917303695,74.0791));
#2563 = CARTESIAN_POINT('',(-4.541458159453,15.847842863836,74.0791));
#2564 = CARTESIAN_POINT('',(-4.541458159453,16.408678408255,74.0791));
#2565 = VECTOR('',#2566,1.);
#2566 = DIRECTION('',(0.,0.,1.));
#2567 = ADVANCED_FACE('',(#2568),#2587,.F.);
#2568 = FACE_BOUND('',#2569,.F.);
#2569 = EDGE_LOOP('',(#2570,#2571,#2580,#2586));
#2570 = ORIENTED_EDGE('',*,*,#2553,.T.);
#2571 = ORIENTED_EDGE('',*,*,#2572,.T.);
#2572 = EDGE_CURVE('',#2545,#2573,#2575,.T.);
#2573 = VERTEX_POINT('',#2574);
#2574 = CARTESIAN_POINT('',(-4.757212139406,17.017251275786,73.0791));
#2575 = B_SPLINE_CURVE_WITH_KNOTS('',3,(#2576,#2577,#2578,#2579),
  .UNSPECIFIED.,.F.,.F.,(4,4),(0.,1.),.PIECEWISE_BEZIER_KNOTS.);
#2576 = CARTESIAN_POINT('',(-4.541458159453,16.408678408255,73.0791));
#2577 = CARTESIAN_POINT('',(-4.541458159453,16.619440249843,73.0791));
#2578 = CARTESIAN_POINT('',(-4.574999089092,16.715382909041,73.0791));
#2579 = CARTESIAN_POINT('',(-4.757212139406,17.017251275786,73.0791));
#2580 = ORIENTED_EDGE('',*,*,#2581,.F.);
#2581 = EDGE_CURVE('',#586,#2573,#2582,.T.);
#2582 = LINE('',#2583,#2584);
#2583 = CARTESIAN_POINT('',(-4.757212139406,17.017251275786,74.0791));
#2584 = VECTOR('',#2585,1.);
#2585 = DIRECTION('',(-0.,-0.,-1.));
#2586 = ORIENTED_EDGE('',*,*,#594,.F.);
#2587 = SURFACE_OF_LINEAR_EXTRUSION('',#2588,#2593);
#2588 = B_SPLINE_CURVE_WITH_KNOTS('',3,(#2589,#2590,#2591,#2592),
  .UNSPECIFIED.,.F.,.F.,(4,4),(0.,1.),.PIECEWISE_BEZIER_KNOTS.);
#2589 = CARTESIAN_POINT('',(-4.541458159453,16.408678408255,74.0791));
#2590 = CARTESIAN_POINT('',(-4.541458159453,16.619440249843,74.0791));
#2591 = CARTESIAN_POINT('',(-4.574999089092,16.715382909041,74.0791));
#2592 = CARTESIAN_POINT('',(-4.757212139406,17.017251275786,74.0791));
#2593 = VECTOR('',#2594,1.);
#2594 = DIRECTION('',(0.,0.,1.));
#2595 = ADVANCED_FACE('',(#2596),#2615,.F.);
#2596 = FACE_BOUND('',#2597,.F.);
#2597 = EDGE_LOOP('',(#2598,#2599,#2608,#2614));
#2598 = ORIENTED_EDGE('',*,*,#2581,.T.);
#2599 = ORIENTED_EDGE('',*,*,#2600,.T.);
#2600 = EDGE_CURVE('',#2573,#2601,#2603,.T.);
#2601 = VERTEX_POINT('',#2602);
#2602 = CARTESIAN_POINT('',(-3.391394283667,15.598703958569,73.0791));
#2603 = B_SPLINE_CURVE_WITH_KNOTS('',3,(#2604,#2605,#2606,#2607),
  .UNSPECIFIED.,.F.,.F.,(4,4),(0.,1.),.PIECEWISE_BEZIER_KNOTS.);
#2604 = CARTESIAN_POINT('',(-4.757212139406,17.017251275786,73.0791));
#2605 = CARTESIAN_POINT('',(-4.033508080837,16.887923691274,73.0791));
#2606 = CARTESIAN_POINT('',(-3.515885734139,16.351112812736,73.0791));
#2607 = CARTESIAN_POINT('',(-3.391394283667,15.598703958569,73.0791));
#2608 = ORIENTED_EDGE('',*,*,#2609,.F.);
#2609 = EDGE_CURVE('',#578,#2601,#2610,.T.);
#2610 = LINE('',#2611,#2612);
#2611 = CARTESIAN_POINT('',(-3.391394283667,15.598703958569,74.0791));
#2612 = VECTOR('',#2613,1.);
#2613 = DIRECTION('',(-0.,-0.,-1.));
#2614 = ORIENTED_EDGE('',*,*,#585,.F.);
#2615 = SURFACE_OF_LINEAR_EXTRUSION('',#2616,#2621);
#2616 = B_SPLINE_CURVE_WITH_KNOTS('',3,(#2617,#2618,#2619,#2620),
  .UNSPECIFIED.,.F.,.F.,(4,4),(0.,1.),.PIECEWISE_BEZIER_KNOTS.);
#2617 = CARTESIAN_POINT('',(-4.757212139406,17.017251275786,74.0791));
#2618 = CARTESIAN_POINT('',(-4.033508080837,16.887923691274,74.0791));
#2619 = CARTESIAN_POINT('',(-3.515885734139,16.351112812736,74.0791));
#2620 = CARTESIAN_POINT('',(-3.391394283667,15.598703958569,74.0791));
#2621 = VECTOR('',#2622,1.);
#2622 = DIRECTION('',(0.,0.,1.));
#2623 = ADVANCED_FACE('',(#2624),#2635,.F.);
#2624 = FACE_BOUND('',#2625,.F.);
#2625 = EDGE_LOOP('',(#2626,#2627,#2633,#2634));
#2626 = ORIENTED_EDGE('',*,*,#2609,.T.);
#2627 = ORIENTED_EDGE('',*,*,#2628,.T.);
#2628 = EDGE_CURVE('',#2601,#2397,#2629,.T.);
#2629 = LINE('',#2630,#2631);
#2630 = CARTESIAN_POINT('',(-3.391394283667,15.598703958569,73.0791));
#2631 = VECTOR('',#2632,1.);
#2632 = DIRECTION('',(0.992153283358,0.125027446277,0.));
#2633 = ORIENTED_EDGE('',*,*,#2396,.F.);
#2634 = ORIENTED_EDGE('',*,*,#577,.F.);
#2635 = PLANE('',#2636);
#2636 = AXIS2_PLACEMENT_3D('',#2637,#2638,#2639);
#2637 = CARTESIAN_POINT('',(-3.391394283667,15.598703958569,74.0791));
#2638 = DIRECTION('',(0.125027446277,-0.992153283358,0.));
#2639 = DIRECTION('',(0.992153283358,0.125027446277,0.));
#2640 = ADVANCED_FACE('',(#2641),#2667,.F.);
#2641 = FACE_BOUND('',#2642,.F.);
#2642 = EDGE_LOOP('',(#2643,#2651,#2660,#2666));
#2643 = ORIENTED_EDGE('',*,*,#2644,.T.);
#2644 = EDGE_CURVE('',#649,#2645,#2647,.T.);
#2645 = VERTEX_POINT('',#2646);
#2646 = CARTESIAN_POINT('',(-6.107117554107,18.34484807217,73.0791));
#2647 = LINE('',#2648,#2649);
#2648 = CARTESIAN_POINT('',(-6.107117554107,18.34484807217,74.0791));
#2649 = VECTOR('',#2650,1.);
#2650 = DIRECTION('',(-0.,-0.,-1.));
#2651 = ORIENTED_EDGE('',*,*,#2652,.T.);
#2652 = EDGE_CURVE('',#2645,#2653,#2655,.T.);
#2653 = VERTEX_POINT('',#2654);
#2654 = CARTESIAN_POINT('',(-6.380281125255,18.608339375236,73.0791));
#2655 = B_SPLINE_CURVE_WITH_KNOTS('',3,(#2656,#2657,#2658,#2659),
  .UNSPECIFIED.,.F.,.F.,(4,4),(0.,1.),.PIECEWISE_BEZIER_KNOTS.);
#2656 = CARTESIAN_POINT('',(-6.107117554107,18.34484807217,73.0791));
#2657 = CARTESIAN_POINT('',(-6.107117554107,18.488528054481,73.0791));
#2658 = CARTESIAN_POINT('',(-6.226928874862,18.608339375236,73.0791));
#2659 = CARTESIAN_POINT('',(-6.380281125255,18.608339375236,73.0791));
#2660 = ORIENTED_EDGE('',*,*,#2661,.F.);
#2661 = EDGE_CURVE('',#651,#2653,#2662,.T.);
#2662 = LINE('',#2663,#2664);
#2663 = CARTESIAN_POINT('',(-6.380281125255,18.608339375236,74.0791));
#2664 = VECTOR('',#2665,1.);
#2665 = DIRECTION('',(-0.,-0.,-1.));
#2666 = ORIENTED_EDGE('',*,*,#648,.F.);
#2667 = SURFACE_OF_LINEAR_EXTRUSION('',#2668,#2673);
#2668 = B_SPLINE_CURVE_WITH_KNOTS('',3,(#2669,#2670,#2671,#2672),
  .UNSPECIFIED.,.F.,.F.,(4,4),(0.,1.),.PIECEWISE_BEZIER_KNOTS.);
#2669 = CARTESIAN_POINT('',(-6.107117554107,18.34484807217,74.0791));
#2670 = CARTESIAN_POINT('',(-6.107117554107,18.488528054481,74.0791));
#2671 = CARTESIAN_POINT('',(-6.226928874862,18.608339375236,74.0791));
#2672 = CARTESIAN_POINT('',(-6.380281125255,18.608339375236,74.0791));
#2673 = VECTOR('',#2674,1.);
#2674 = DIRECTION('',(0.,0.,1.));
#2675 = ADVANCED_FACE('',(#2676),#2695,.F.);
#2676 = FACE_BOUND('',#2677,.F.);
#2677 = EDGE_LOOP('',(#2678,#2679,#2688,#2694));
#2678 = ORIENTED_EDGE('',*,*,#2661,.T.);
#2679 = ORIENTED_EDGE('',*,*,#2680,.T.);
#2680 = EDGE_CURVE('',#2653,#2681,#2683,.T.);
#2681 = VERTEX_POINT('',#2682);
#2682 = CARTESIAN_POINT('',(-6.63893629428,18.349528201887,73.0791));
#2683 = B_SPLINE_CURVE_WITH_KNOTS('',3,(#2684,#2685,#2686,#2687),
  .UNSPECIFIED.,.F.,.F.,(4,4),(0.,1.),.PIECEWISE_BEZIER_KNOTS.);
#2684 = CARTESIAN_POINT('',(-6.380281125255,18.608339375236,73.0791));
#2685 = CARTESIAN_POINT('',(-6.51928097785,18.608339375236,73.0791));
#2686 = CARTESIAN_POINT('',(-6.63893629428,18.488528054481,73.0791));
#2687 = CARTESIAN_POINT('',(-6.63893629428,18.349528201887,73.0791));
#2688 = ORIENTED_EDGE('',*,*,#2689,.F.);
#2689 = EDGE_CURVE('',#669,#2681,#2690,.T.);
#2690 = LINE('',#2691,#2692);
#2691 = CARTESIAN_POINT('',(-6.63893629428,18.349528201887,74.0791));
#2692 = VECTOR('',#2693,1.);
#2693 = DIRECTION('',(-0.,-0.,-1.));
#2694 = ORIENTED_EDGE('',*,*,#677,.F.);
#2695 = SURFACE_OF_LINEAR_EXTRUSION('',#2696,#2701);
#2696 = B_SPLINE_CURVE_WITH_KNOTS('',3,(#2697,#2698,#2699,#2700),
  .UNSPECIFIED.,.F.,.F.,(4,4),(0.,1.),.PIECEWISE_BEZIER_KNOTS.);
#2697 = CARTESIAN_POINT('',(-6.380281125255,18.608339375236,74.0791));
#2698 = CARTESIAN_POINT('',(-6.51928097785,18.608339375236,74.0791));
#2699 = CARTESIAN_POINT('',(-6.63893629428,18.488528054481,74.0791));
#2700 = CARTESIAN_POINT('',(-6.63893629428,18.349528201887,74.0791));
#2701 = VECTOR('',#2702,1.);
#2702 = DIRECTION('',(0.,0.,1.));
#2703 = ADVANCED_FACE('',(#2704),#2723,.F.);
#2704 = FACE_BOUND('',#2705,.F.);
#2705 = EDGE_LOOP('',(#2706,#2707,#2716,#2722));
#2706 = ORIENTED_EDGE('',*,*,#2689,.T.);
#2707 = ORIENTED_EDGE('',*,*,#2708,.T.);
#2708 = EDGE_CURVE('',#2681,#2709,#2711,.T.);
#2709 = VERTEX_POINT('',#2710);
#2710 = CARTESIAN_POINT('',(-6.380281125255,18.076364630739,73.0791));
#2711 = B_SPLINE_CURVE_WITH_KNOTS('',3,(#2712,#2713,#2714,#2715),
  .UNSPECIFIED.,.F.,.F.,(4,4),(0.,1.),.PIECEWISE_BEZIER_KNOTS.);
#2712 = CARTESIAN_POINT('',(-6.63893629428,18.349528201887,73.0791));
#2713 = CARTESIAN_POINT('',(-6.63893629428,18.201012085535,73.0791));
#2714 = CARTESIAN_POINT('',(-6.523961107567,18.076364630739,73.0791));
#2715 = CARTESIAN_POINT('',(-6.380281125255,18.076364630739,73.0791));
#2716 = ORIENTED_EDGE('',*,*,#2717,.F.);
#2717 = EDGE_CURVE('',#660,#2709,#2718,.T.);
#2718 = LINE('',#2719,#2720);
#2719 = CARTESIAN_POINT('',(-6.380281125255,18.076364630739,74.0791));
#2720 = VECTOR('',#2721,1.);
#2721 = DIRECTION('',(-0.,-0.,-1.));
#2722 = ORIENTED_EDGE('',*,*,#668,.F.);
#2723 = SURFACE_OF_LINEAR_EXTRUSION('',#2724,#2729);
#2724 = B_SPLINE_CURVE_WITH_KNOTS('',3,(#2725,#2726,#2727,#2728),
  .UNSPECIFIED.,.F.,.F.,(4,4),(0.,1.),.PIECEWISE_BEZIER_KNOTS.);
#2725 = CARTESIAN_POINT('',(-6.63893629428,18.349528201887,74.0791));
#2726 = CARTESIAN_POINT('',(-6.63893629428,18.201012085535,74.0791));
#2727 = CARTESIAN_POINT('',(-6.523961107567,18.076364630739,74.0791));
#2728 = CARTESIAN_POINT('',(-6.380281125255,18.076364630739,74.0791));
#2729 = VECTOR('',#2730,1.);
#2730 = DIRECTION('',(0.,0.,1.));
#2731 = ADVANCED_FACE('',(#2732),#2744,.F.);
#2732 = FACE_BOUND('',#2733,.F.);
#2733 = EDGE_LOOP('',(#2734,#2735,#2742,#2743));
#2734 = ORIENTED_EDGE('',*,*,#2717,.T.);
#2735 = ORIENTED_EDGE('',*,*,#2736,.T.);
#2736 = EDGE_CURVE('',#2709,#2645,#2737,.T.);
#2737 = B_SPLINE_CURVE_WITH_KNOTS('',3,(#2738,#2739,#2740,#2741),
  .UNSPECIFIED.,.F.,.F.,(4,4),(0.,1.),.PIECEWISE_BEZIER_KNOTS.);
#2738 = CARTESIAN_POINT('',(-6.380281125255,18.076364630739,73.0791));
#2739 = CARTESIAN_POINT('',(-6.231609004579,18.076364630739,73.0791));
#2740 = CARTESIAN_POINT('',(-6.107117554107,18.201012085535,73.0791));
#2741 = CARTESIAN_POINT('',(-6.107117554107,18.34484807217,73.0791));
#2742 = ORIENTED_EDGE('',*,*,#2644,.F.);
#2743 = ORIENTED_EDGE('',*,*,#659,.F.);
#2744 = SURFACE_OF_LINEAR_EXTRUSION('',#2745,#2750);
#2745 = B_SPLINE_CURVE_WITH_KNOTS('',3,(#2746,#2747,#2748,#2749),
  .UNSPECIFIED.,.F.,.F.,(4,4),(0.,1.),.PIECEWISE_BEZIER_KNOTS.);
#2746 = CARTESIAN_POINT('',(-6.380281125255,18.076364630739,74.0791));
#2747 = CARTESIAN_POINT('',(-6.231609004579,18.076364630739,74.0791));
#2748 = CARTESIAN_POINT('',(-6.107117554107,18.201012085535,74.0791));
#2749 = CARTESIAN_POINT('',(-6.107117554107,18.34484807217,74.0791));
#2750 = VECTOR('',#2751,1.);
#2751 = DIRECTION('',(0.,0.,1.));
#2752 = ADVANCED_FACE('',(#2753),#2779,.F.);
#2753 = FACE_BOUND('',#2754,.F.);
#2754 = EDGE_LOOP('',(#2755,#2763,#2772,#2778));
#2755 = ORIENTED_EDGE('',*,*,#2756,.T.);
#2756 = EDGE_CURVE('',#687,#2757,#2759,.T.);
#2757 = VERTEX_POINT('',#2758);
#2758 = CARTESIAN_POINT('',(-3.354109250255,20.122829351651,73.0791));
#2759 = LINE('',#2760,#2761);
#2760 = CARTESIAN_POINT('',(-3.354109250255,20.122829351651,74.0791));
#2761 = VECTOR('',#2762,1.);
#2762 = DIRECTION('',(-0.,-0.,-1.));
#2763 = ORIENTED_EDGE('',*,*,#2764,.T.);
#2764 = EDGE_CURVE('',#2757,#2765,#2767,.T.);
#2765 = VERTEX_POINT('',#2766);
#2766 = CARTESIAN_POINT('',(-3.603248155523,20.764943148821,73.0791));
#2767 = B_SPLINE_CURVE_WITH_KNOTS('',3,(#2768,#2769,#2770,#2771),
  .UNSPECIFIED.,.F.,.F.,(4,4),(0.,1.),.PIECEWISE_BEZIER_KNOTS.);
#2768 = CARTESIAN_POINT('',(-3.354109250255,20.122829351651,73.0791));
#2769 = CARTESIAN_POINT('',(-3.354109250255,20.386320654717,73.0791));
#2770 = CARTESIAN_POINT('',(-3.430863377614,20.587722236871,73.0791));
#2771 = CARTESIAN_POINT('',(-3.603248155523,20.764943148821,73.0791));
#2772 = ORIENTED_EDGE('',*,*,#2773,.F.);
#2773 = EDGE_CURVE('',#689,#2765,#2774,.T.);
#2774 = LINE('',#2775,#2776);
#2775 = CARTESIAN_POINT('',(-3.603248155523,20.764943148821,74.0791));
#2776 = VECTOR('',#2777,1.);
#2777 = DIRECTION('',(-0.,-0.,-1.));
#2778 = ORIENTED_EDGE('',*,*,#686,.F.);
#2779 = SURFACE_OF_LINEAR_EXTRUSION('',#2780,#2785);
#2780 = B_SPLINE_CURVE_WITH_KNOTS('',3,(#2781,#2782,#2783,#2784),
  .UNSPECIFIED.,.F.,.F.,(4,4),(0.,1.),.PIECEWISE_BEZIER_KNOTS.);
#2781 = CARTESIAN_POINT('',(-3.354109250255,20.122829351651,74.0791));
#2782 = CARTESIAN_POINT('',(-3.354109250255,20.386320654717,74.0791));
#2783 = CARTESIAN_POINT('',(-3.430863377614,20.587722236871,74.0791));
#2784 = CARTESIAN_POINT('',(-3.603248155523,20.764943148821,74.0791));
#2785 = VECTOR('',#2786,1.);
#2786 = DIRECTION('',(0.,0.,1.));
#2787 = ADVANCED_FACE('',(#2788),#2807,.F.);
#2788 = FACE_BOUND('',#2789,.F.);
#2789 = EDGE_LOOP('',(#2790,#2791,#2800,#2806));
#2790 = ORIENTED_EDGE('',*,*,#2773,.T.);
#2791 = ORIENTED_EDGE('',*,*,#2792,.T.);
#2792 = EDGE_CURVE('',#2765,#2793,#2795,.T.);
#2793 = VERTEX_POINT('',#2794);
#2794 = CARTESIAN_POINT('',(-4.982638387441,21.2249999,73.0791));
#2795 = B_SPLINE_CURVE_WITH_KNOTS('',3,(#2796,#2797,#2798,#2799),
  .UNSPECIFIED.,.F.,.F.,(4,4),(0.,1.),.PIECEWISE_BEZIER_KNOTS.);
#2796 = CARTESIAN_POINT('',(-3.603248155523,20.764943148821,73.0791));
#2797 = CARTESIAN_POINT('',(-3.871419588306,21.042942854009,73.0791));
#2798 = CARTESIAN_POINT('',(-4.422270855994,21.2249999,73.0791));
#2799 = CARTESIAN_POINT('',(-4.982638387441,21.2249999,73.0791));
#2800 = ORIENTED_EDGE('',*,*,#2801,.F.);
#2801 = EDGE_CURVE('',#734,#2793,#2802,.T.);
#2802 = LINE('',#2803,#2804);
#2803 = CARTESIAN_POINT('',(-4.982638387441,21.2249999,74.0791));
#2804 = VECTOR('',#2805,1.);
#2805 = DIRECTION('',(-0.,-0.,-1.));
#2806 = ORIENTED_EDGE('',*,*,#742,.F.);
#2807 = SURFACE_OF_LINEAR_EXTRUSION('',#2808,#2813);
#2808 = B_SPLINE_CURVE_WITH_KNOTS('',3,(#2809,#2810,#2811,#2812),
  .UNSPECIFIED.,.F.,.F.,(4,4),(0.,1.),.PIECEWISE_BEZIER_KNOTS.);
#2809 = CARTESIAN_POINT('',(-3.603248155523,20.764943148821,74.0791));
#2810 = CARTESIAN_POINT('',(-3.871419588306,21.042942854009,74.0791));
#2811 = CARTESIAN_POINT('',(-4.422270855994,21.2249999,74.0791));
#2812 = CARTESIAN_POINT('',(-4.982638387441,21.2249999,74.0791));
#2813 = VECTOR('',#2814,1.);
#2814 = DIRECTION('',(0.,0.,1.));
#2815 = ADVANCED_FACE('',(#2816),#2835,.F.);
#2816 = FACE_BOUND('',#2817,.F.);
#2817 = EDGE_LOOP('',(#2818,#2819,#2828,#2834));
#2818 = ORIENTED_EDGE('',*,*,#2801,.T.);
#2819 = ORIENTED_EDGE('',*,*,#2820,.T.);
#2820 = EDGE_CURVE('',#2793,#2821,#2823,.T.);
#2821 = VERTEX_POINT('',#2822);
#2822 = CARTESIAN_POINT('',(-6.333167819438,20.841697276179,73.0791));
#2823 = B_SPLINE_CURVE_WITH_KNOTS('',3,(#2824,#2825,#2826,#2827),
  .UNSPECIFIED.,.F.,.F.,(4,4),(0.,1.),.PIECEWISE_BEZIER_KNOTS.);
#2824 = CARTESIAN_POINT('',(-4.982638387441,21.2249999,73.0791));
#2825 = CARTESIAN_POINT('',(-5.509464989249,21.2249999,73.0791));
#2826 = CARTESIAN_POINT('',(-6.064996386655,21.066811515566,73.0791));
#2827 = CARTESIAN_POINT('',(-6.333167819438,20.841697276179,73.0791));
#2828 = ORIENTED_EDGE('',*,*,#2829,.F.);
#2829 = EDGE_CURVE('',#725,#2821,#2830,.T.);
#2830 = LINE('',#2831,#2832);
#2831 = CARTESIAN_POINT('',(-6.333167819438,20.841697276179,74.0791));
#2832 = VECTOR('',#2833,1.);
#2833 = DIRECTION('',(-0.,-0.,-1.));
#2834 = ORIENTED_EDGE('',*,*,#733,.F.);
#2835 = SURFACE_OF_LINEAR_EXTRUSION('',#2836,#2841);
#2836 = B_SPLINE_CURVE_WITH_KNOTS('',3,(#2837,#2838,#2839,#2840),
  .UNSPECIFIED.,.F.,.F.,(4,4),(0.,1.),.PIECEWISE_BEZIER_KNOTS.);
#2837 = CARTESIAN_POINT('',(-4.982638387441,21.2249999,74.0791));
#2838 = CARTESIAN_POINT('',(-5.509464989249,21.2249999,74.0791));
#2839 = CARTESIAN_POINT('',(-6.064996386655,21.066811515566,74.0791));
#2840 = CARTESIAN_POINT('',(-6.333167819438,20.841697276179,74.0791));
#2841 = VECTOR('',#2842,1.);
#2842 = DIRECTION('',(0.,0.,1.));
#2843 = ADVANCED_FACE('',(#2844),#2863,.F.);
#2844 = FACE_BOUND('',#2845,.F.);
#2845 = EDGE_LOOP('',(#2846,#2847,#2856,#2862));
#2846 = ORIENTED_EDGE('',*,*,#2829,.T.);
#2847 = ORIENTED_EDGE('',*,*,#2848,.T.);
#2848 = EDGE_CURVE('',#2821,#2849,#2851,.T.);
#2849 = VERTEX_POINT('',#2850);
#2850 = CARTESIAN_POINT('',(-6.65890484774,20.142017883491,73.0791));
#2851 = B_SPLINE_CURVE_WITH_KNOTS('',3,(#2852,#2853,#2854,#2855),
  .UNSPECIFIED.,.F.,.F.,(4,4),(0.,1.),.PIECEWISE_BEZIER_KNOTS.);
#2852 = CARTESIAN_POINT('',(-6.333167819438,20.841697276179,73.0791));
#2853 = CARTESIAN_POINT('',(-6.543929661026,20.664320359906,73.0791));
#2854 = CARTESIAN_POINT('',(-6.65890484774,20.419861584355,73.0791));
#2855 = CARTESIAN_POINT('',(-6.65890484774,20.142017883491,73.0791));
#2856 = ORIENTED_EDGE('',*,*,#2857,.F.);
#2857 = EDGE_CURVE('',#716,#2849,#2858,.T.);
#2858 = LINE('',#2859,#2860);
#2859 = CARTESIAN_POINT('',(-6.65890484774,20.142017883491,74.0791));
#2860 = VECTOR('',#2861,1.);
#2861 = DIRECTION('',(-0.,-0.,-1.));
#2862 = ORIENTED_EDGE('',*,*,#724,.F.);
#2863 = SURFACE_OF_LINEAR_EXTRUSION('',#2864,#2869);
#2864 = B_SPLINE_CURVE_WITH_KNOTS('',3,(#2865,#2866,#2867,#2868),
  .UNSPECIFIED.,.F.,.F.,(4,4),(0.,1.),.PIECEWISE_BEZIER_KNOTS.);
#2865 = CARTESIAN_POINT('',(-6.333167819438,20.841697276179,74.0791));
#2866 = CARTESIAN_POINT('',(-6.543929661026,20.664320359906,74.0791));
#2867 = CARTESIAN_POINT('',(-6.65890484774,20.419861584355,74.0791));
#2868 = CARTESIAN_POINT('',(-6.65890484774,20.142017883491,74.0791));
#2869 = VECTOR('',#2870,1.);
#2870 = DIRECTION('',(0.,0.,1.));
#2871 = ADVANCED_FACE('',(#2872),#2891,.F.);
#2872 = FACE_BOUND('',#2873,.F.);
#2873 = EDGE_LOOP('',(#2874,#2875,#2884,#2890));
#2874 = ORIENTED_EDGE('',*,*,#2857,.T.);
#2875 = ORIENTED_EDGE('',*,*,#2876,.T.);
#2876 = EDGE_CURVE('',#2849,#2877,#2879,.T.);
#2877 = VERTEX_POINT('',#2878);
#2878 = CARTESIAN_POINT('',(-6.409921946796,19.518936613836,73.0791));
#2879 = B_SPLINE_CURVE_WITH_KNOTS('',3,(#2880,#2881,#2882,#2883),
  .UNSPECIFIED.,.F.,.F.,(4,4),(0.,1.),.PIECEWISE_BEZIER_KNOTS.);
#2880 = CARTESIAN_POINT('',(-6.65890484774,20.142017883491,73.0791));
#2881 = CARTESIAN_POINT('',(-6.65890484774,19.89755910794,73.0791));
#2882 = CARTESIAN_POINT('',(-6.577470590664,19.691477396069,73.0791));
#2883 = CARTESIAN_POINT('',(-6.409921946796,19.518936613836,73.0791));
#2884 = ORIENTED_EDGE('',*,*,#2885,.F.);
#2885 = EDGE_CURVE('',#707,#2877,#2886,.T.);
#2886 = LINE('',#2887,#2888);
#2887 = CARTESIAN_POINT('',(-6.409921946796,19.518936613836,74.0791));
#2888 = VECTOR('',#2889,1.);
#2889 = DIRECTION('',(-0.,-0.,-1.));
#2890 = ORIENTED_EDGE('',*,*,#715,.F.);
#2891 = SURFACE_OF_LINEAR_EXTRUSION('',#2892,#2897);
#2892 = B_SPLINE_CURVE_WITH_KNOTS('',3,(#2893,#2894,#2895,#2896),
  .UNSPECIFIED.,.F.,.F.,(4,4),(0.,1.),.PIECEWISE_BEZIER_KNOTS.);
#2893 = CARTESIAN_POINT('',(-6.65890484774,20.142017883491,74.0791));
#2894 = CARTESIAN_POINT('',(-6.65890484774,19.89755910794,74.0791));
#2895 = CARTESIAN_POINT('',(-6.577470590664,19.691477396069,74.0791));
#2896 = CARTESIAN_POINT('',(-6.409921946796,19.518936613836,74.0791));
#2897 = VECTOR('',#2898,1.);
#2898 = DIRECTION('',(0.,0.,1.));
#2899 = ADVANCED_FACE('',(#2900),#2919,.F.);
#2900 = FACE_BOUND('',#2901,.F.);
#2901 = EDGE_LOOP('',(#2902,#2903,#2912,#2918));
#2902 = ORIENTED_EDGE('',*,*,#2885,.T.);
#2903 = ORIENTED_EDGE('',*,*,#2904,.T.);
#2904 = EDGE_CURVE('',#2877,#2905,#2907,.T.);
#2905 = VERTEX_POINT('',#2906);
#2906 = CARTESIAN_POINT('',(-5.011343183038,19.058879862657,73.0791));
#2907 = B_SPLINE_CURVE_WITH_KNOTS('',3,(#2908,#2909,#2910,#2911),
  .UNSPECIFIED.,.F.,.F.,(4,4),(0.,1.),.PIECEWISE_BEZIER_KNOTS.);
#2908 = CARTESIAN_POINT('',(-6.409921946796,19.518936613836,73.0791));
#2909 = CARTESIAN_POINT('',(-6.14643064373,19.240936908648,73.0791));
#2910 = CARTESIAN_POINT('',(-5.590899246324,19.058879862657,73.0791));
#2911 = CARTESIAN_POINT('',(-5.011343183038,19.058879862657,73.0791));
#2912 = ORIENTED_EDGE('',*,*,#2913,.F.);
#2913 = EDGE_CURVE('',#698,#2905,#2914,.T.);
#2914 = LINE('',#2915,#2916);
#2915 = CARTESIAN_POINT('',(-5.011343183038,19.058879862657,74.0791));
#2916 = VECTOR('',#2917,1.);
#2917 = DIRECTION('',(-0.,-0.,-1.));
#2918 = ORIENTED_EDGE('',*,*,#706,.F.);
#2919 = SURFACE_OF_LINEAR_EXTRUSION('',#2920,#2925);
#2920 = B_SPLINE_CURVE_WITH_KNOTS('',3,(#2921,#2922,#2923,#2924),
  .UNSPECIFIED.,.F.,.F.,(4,4),(0.,1.),.PIECEWISE_BEZIER_KNOTS.);
#2921 = CARTESIAN_POINT('',(-6.409921946796,19.518936613836,74.0791));
#2922 = CARTESIAN_POINT('',(-6.14643064373,19.240936908648,74.0791));
#2923 = CARTESIAN_POINT('',(-5.590899246324,19.058879862657,74.0791));
#2924 = CARTESIAN_POINT('',(-5.011343183038,19.058879862657,74.0791));
#2925 = VECTOR('',#2926,1.);
#2926 = DIRECTION('',(0.,0.,1.));
#2927 = ADVANCED_FACE('',(#2928),#2940,.F.);
#2928 = FACE_BOUND('',#2929,.F.);
#2929 = EDGE_LOOP('',(#2930,#2931,#2938,#2939));
#2930 = ORIENTED_EDGE('',*,*,#2913,.T.);
#2931 = ORIENTED_EDGE('',*,*,#2932,.T.);
#2932 = EDGE_CURVE('',#2905,#2757,#2933,.T.);
#2933 = B_SPLINE_CURVE_WITH_KNOTS('',3,(#2934,#2935,#2936,#2937),
  .UNSPECIFIED.,.F.,.F.,(4,4),(0.,1.),.PIECEWISE_BEZIER_KNOTS.);
#2934 = CARTESIAN_POINT('',(-5.011343183038,19.058879862657,73.0791));
#2935 = CARTESIAN_POINT('',(-4.02960797274,19.058879862657,73.0791));
#2936 = CARTESIAN_POINT('',(-3.354109250255,19.494911947956,73.0791));
#2937 = CARTESIAN_POINT('',(-3.354109250255,20.122829351651,73.0791));
#2938 = ORIENTED_EDGE('',*,*,#2756,.F.);
#2939 = ORIENTED_EDGE('',*,*,#697,.F.);
#2940 = SURFACE_OF_LINEAR_EXTRUSION('',#2941,#2946);
#2941 = B_SPLINE_CURVE_WITH_KNOTS('',3,(#2942,#2943,#2944,#2945),
  .UNSPECIFIED.,.F.,.F.,(4,4),(0.,1.),.PIECEWISE_BEZIER_KNOTS.);
#2942 = CARTESIAN_POINT('',(-5.011343183038,19.058879862657,74.0791));
#2943 = CARTESIAN_POINT('',(-4.02960797274,19.058879862657,74.0791));
#2944 = CARTESIAN_POINT('',(-3.354109250255,19.494911947956,74.0791));
#2945 = CARTESIAN_POINT('',(-3.354109250255,20.122829351651,74.0791));
#2946 = VECTOR('',#2947,1.);
#2947 = DIRECTION('',(0.,0.,1.));
#2948 = ADVANCED_FACE('',(#2949),#3000,.T.);
#2949 = FACE_BOUND('',#2950,.F.);
#2950 = EDGE_LOOP('',(#2951,#2961,#2968,#2969,#2978,#2991,#2992,#2993));
#2951 = ORIENTED_EDGE('',*,*,#2952,.T.);
#2952 = EDGE_CURVE('',#2953,#2955,#2957,.T.);
#2953 = VERTEX_POINT('',#2954);
#2954 = CARTESIAN_POINT('',(-10.76401491063,7.9375,67.437));
#2955 = VERTEX_POINT('',#2956);
#2956 = CARTESIAN_POINT('',(-12.66901491063,7.9375,67.437));
#2957 = LINE('',#2958,#2959);
#2958 = CARTESIAN_POINT('',(-7.589014910633,7.9375,67.437));
#2959 = VECTOR('',#2960,1.);
#2960 = DIRECTION('',(-1.,0.,0.));
#2961 = ORIENTED_EDGE('',*,*,#2962,.T.);
#2962 = EDGE_CURVE('',#2955,#2955,#2963,.T.);
#2963 = CIRCLE('',#2964,4.7625);
#2964 = AXIS2_PLACEMENT_3D('',#2965,#2966,#2967);
#2965 = CARTESIAN_POINT('',(-12.66901491063,12.7,67.437));
#2966 = DIRECTION('',(-1.,0.,0.));
#2967 = DIRECTION('',(0.,-1.,0.));
#2968 = ORIENTED_EDGE('',*,*,#2952,.F.);
#2969 = ORIENTED_EDGE('',*,*,#2970,.F.);
#2970 = EDGE_CURVE('',#2971,#2953,#2973,.T.);
#2971 = VERTEX_POINT('',#2972);
#2972 = CARTESIAN_POINT('',(-10.76401491063,10.092489888342,63.45174));
#2973 = CIRCLE('',#2974,4.7625);
#2974 = AXIS2_PLACEMENT_3D('',#2975,#2976,#2977);
#2975 = CARTESIAN_POINT('',(-10.76401491063,12.7,67.437));
#2976 = DIRECTION('',(-1.,0.,0.));
#2977 = DIRECTION('',(0.,-1.,0.));
#2978 = ORIENTED_EDGE('',*,*,#2979,.F.);
#2979 = EDGE_CURVE('',#767,#2971,#2980,.T.);
#2980 = ( BOUNDED_CURVE() B_SPLINE_CURVE(9,(#2981,#2982,#2983,#2984,
    #2985,#2986,#2987,#2988,#2989,#2990),.UNSPECIFIED.,.F.,.F.) 
B_SPLINE_CURVE_WITH_KNOTS((10,10),(19.683435575928,25.202069462236),
.PIECEWISE_BEZIER_KNOTS.) CURVE() GEOMETRIC_REPRESENTATION_ITEM() 
RATIONAL_B_SPLINE_CURVE((1.,1.,1.,1.,1.,1.,1.,1.,1.,1.)) 
REPRESENTATION_ITEM('') );
#2981 = CARTESIAN_POINT('',(-10.76401491063,15.307510111658,63.45174));
#2982 = CARTESIAN_POINT('',(-10.76401491063,14.79440017807,
    63.116018029483));
#2983 = CARTESIAN_POINT('',(-10.60676752297,14.232661241337,
    62.854617252418));
#2984 = CARTESIAN_POINT('',(-10.50432321397,13.63459808314,
    62.675589351136));
#2985 = CARTESIAN_POINT('',(-10.42069904102,13.014068212724,
    62.584606120539));
#2986 = CARTESIAN_POINT('',(-10.42069904102,12.385931787276,
    62.584606120538));
#2987 = CARTESIAN_POINT('',(-10.50432321397,11.765401916859,
    62.675589351137));
#2988 = CARTESIAN_POINT('',(-10.60676752297,11.167338758663,
    62.854617252418));
#2989 = CARTESIAN_POINT('',(-10.76401491063,10.60559982193,
    63.116018029483));
#2990 = CARTESIAN_POINT('',(-10.76401491063,10.092489888342,63.45174));
#2991 = ORIENTED_EDGE('',*,*,#775,.F.);
#2992 = ORIENTED_EDGE('',*,*,#878,.F.);
#2993 = ORIENTED_EDGE('',*,*,#2994,.F.);
#2994 = EDGE_CURVE('',#2953,#868,#2995,.T.);
#2995 = CIRCLE('',#2996,4.7625);
#2996 = AXIS2_PLACEMENT_3D('',#2997,#2998,#2999);
#2997 = CARTESIAN_POINT('',(-10.76401491063,12.7,67.437));
#2998 = DIRECTION('',(-1.,0.,0.));
#2999 = DIRECTION('',(0.,-1.,0.));
#3000 = CYLINDRICAL_SURFACE('',#3001,4.7625);
#3001 = AXIS2_PLACEMENT_3D('',#3002,#3003,#3004);
#3002 = CARTESIAN_POINT('',(-7.589014910633,12.7,67.437));
#3003 = DIRECTION('',(1.,0.,0.));
#3004 = DIRECTION('',(0.,-1.,0.));
#3005 = ADVANCED_FACE('',(#3006),#3017,.T.);
#3006 = FACE_BOUND('',#3007,.T.);
#3007 = EDGE_LOOP('',(#3008,#3009,#3010,#3016));
#3008 = ORIENTED_EDGE('',*,*,#766,.F.);
#3009 = ORIENTED_EDGE('',*,*,#791,.T.);
#3010 = ORIENTED_EDGE('',*,*,#3011,.T.);
#3011 = EDGE_CURVE('',#792,#2971,#3012,.T.);
#3012 = ( BOUNDED_CURVE() B_SPLINE_CURVE(2,(#3013,#3014,#3015),
.UNSPECIFIED.,.F.,.F.) B_SPLINE_CURVE_WITH_KNOTS((3,3),(0.,
5.518633886307),.PIECEWISE_BEZIER_KNOTS.) CURVE() 
GEOMETRIC_REPRESENTATION_ITEM() RATIONAL_B_SPLINE_CURVE((1.,
0.707106781187,1.)) REPRESENTATION_ITEM('') );
#3013 = CARTESIAN_POINT('',(-7.589014910633,8.354149813903,60.7949));
#3014 = CARTESIAN_POINT('',(-7.589014910633,10.092489888342,63.45174));
#3015 = CARTESIAN_POINT('',(-10.76401491063,10.092489888342,63.45174));
#3016 = ORIENTED_EDGE('',*,*,#2979,.F.);
#3017 = ( BOUNDED_SURFACE() B_SPLINE_SURFACE(2,9,(
    (#3018,#3019,#3020,#3021,#3022,#3023,#3024,#3025,#3026,#3027)
    ,(#3028,#3029,#3030,#3031,#3032,#3033,#3034,#3035,#3036,#3037)
    ,(#3038,#3039,#3040,#3041,#3042,#3043,#3044,#3045,#3046,#3047
)),.UNSPECIFIED.,.F.,.F.,.F.) B_SPLINE_SURFACE_WITH_KNOTS((3,3),(10,10),
  (0.,5.518633886307),(19.683435575928,25.202069462236),
.PIECEWISE_BEZIER_KNOTS.) GEOMETRIC_REPRESENTATION_ITEM() 
RATIONAL_B_SPLINE_SURFACE((
    (1.,1.,1.,1.,1.,1.,1.,1.,1.,1.)
    ,(0.707106781187,0.78156593879,0.816769243619,0.840716920674
      ,0.849446816312,0.849446816312,0.840716920674,0.816769243619
      ,0.78156593879,0.707106781187)
,(1.,1.,1.,1.,1.,1.,1.,1.,1.,1.))) REPRESENTATION_ITEM('') SURFACE() );
#3018 = CARTESIAN_POINT('',(-10.76401491063,15.307510111658,63.45174));
#3019 = CARTESIAN_POINT('',(-10.76401491063,14.79440017807,
    63.116018029483));
#3020 = CARTESIAN_POINT('',(-10.60676752297,14.232661241337,
    62.854617252418));
#3021 = CARTESIAN_POINT('',(-10.50432321397,13.63459808314,
    62.675589351136));
#3022 = CARTESIAN_POINT('',(-10.42069904102,13.014068212724,
    62.584606120539));
#3023 = CARTESIAN_POINT('',(-10.42069904102,12.385931787276,
    62.584606120538));
#3024 = CARTESIAN_POINT('',(-10.50432321397,11.765401916859,
    62.675589351137));
#3025 = CARTESIAN_POINT('',(-10.60676752297,11.167338758663,
    62.854617252418));
#3026 = CARTESIAN_POINT('',(-10.76401491063,10.60559982193,
    63.116018029483));
#3027 = CARTESIAN_POINT('',(-10.76401491063,10.092489888342,63.45174));
#3028 = CARTESIAN_POINT('',(-7.589014910633,15.307510111658,63.45174));
#3029 = CARTESIAN_POINT('',(-8.193974297062,14.843283748243,
    63.148001991262));
#3030 = CARTESIAN_POINT('',(-8.372060104706,14.271551703434,
    62.866270536892));
#3031 = CARTESIAN_POINT('',(-8.444098517317,13.670351397549,
    62.682219904855));
#3032 = CARTESIAN_POINT('',(-8.455639404047,13.017011790132,
    62.580453532569));
#3033 = CARTESIAN_POINT('',(-8.455639404048,12.382988209868,
    62.580453532568));
#3034 = CARTESIAN_POINT('',(-8.444098517317,11.729648602451,
    62.682219904855));
#3035 = CARTESIAN_POINT('',(-8.372060104706,11.128448296566,
    62.866270536891));
#3036 = CARTESIAN_POINT('',(-8.193974297062,10.556716251757,
    63.148001991262));
#3037 = CARTESIAN_POINT('',(-7.589014910633,10.092489888342,63.45174));
#3038 = CARTESIAN_POINT('',(-7.589014910633,17.045850186097,60.7949));
#3039 = CARTESIAN_POINT('',(-7.589014910633,15.824568543762,60.7949));
#3040 = CARTESIAN_POINT('',(-7.589014910633,14.834740454397,60.7949));
#3041 = CARTESIAN_POINT('',(-7.589014910633,13.942893625486,60.7949));
#3042 = CARTESIAN_POINT('',(-7.589014910633,13.110712466579,60.7949));
#3043 = CARTESIAN_POINT('',(-7.589014910633,12.289287533421,60.7949));
#3044 = CARTESIAN_POINT('',(-7.589014910633,11.457106374514,60.7949));
#3045 = CARTESIAN_POINT('',(-7.589014910633,10.565259545603,60.7949));
#3046 = CARTESIAN_POINT('',(-7.589014910633,9.575431456238,60.7949));
#3047 = CARTESIAN_POINT('',(-7.589014910633,8.354149813903,60.7949));
#3048 = ADVANCED_FACE('',(#3049),#3076,.T.);
#3049 = FACE_BOUND('',#3050,.T.);
#3050 = EDGE_LOOP('',(#3051,#3060,#3061,#3070));
#3051 = ORIENTED_EDGE('',*,*,#3052,.F.);
#3052 = EDGE_CURVE('',#838,#3053,#3055,.T.);
#3053 = VERTEX_POINT('',#3054);
#3054 = CARTESIAN_POINT('',(7.493,-22.225,57.997046345453));
#3055 = CIRCLE('',#3056,9.525);
#3056 = AXIS2_PLACEMENT_3D('',#3057,#3058,#3059);
#3057 = CARTESIAN_POINT('',(8.763,-22.225,67.437));
#3058 = DIRECTION('',(0.,-1.,2.22044604925E-16));
#3059 = DIRECTION('',(1.,0.,0.));
#3060 = ORIENTED_EDGE('',*,*,#845,.F.);
#3061 = ORIENTED_EDGE('',*,*,#3062,.T.);
#3062 = EDGE_CURVE('',#846,#3063,#3065,.T.);
#3063 = VERTEX_POINT('',#3064);
#3064 = CARTESIAN_POINT('',(7.493,22.225,57.997046345453));
#3065 = CIRCLE('',#3066,9.525);
#3066 = AXIS2_PLACEMENT_3D('',#3067,#3068,#3069);
#3067 = CARTESIAN_POINT('',(8.763,22.225,67.437));
#3068 = DIRECTION('',(0.,-1.,2.22044604925E-16));
#3069 = DIRECTION('',(1.,0.,0.));
#3070 = ORIENTED_EDGE('',*,*,#3071,.F.);
#3071 = EDGE_CURVE('',#3053,#3063,#3072,.T.);
#3072 = LINE('',#3073,#3074);
#3073 = CARTESIAN_POINT('',(7.493,-22.225,57.997046345453));
#3074 = VECTOR('',#3075,1.);
#3075 = DIRECTION('',(-0.,1.,-2.22044604925E-16));
#3076 = CYLINDRICAL_SURFACE('',#3077,9.525);
#3077 = AXIS2_PLACEMENT_3D('',#3078,#3079,#3080);
#3078 = CARTESIAN_POINT('',(8.763,-22.225,67.437));
#3079 = DIRECTION('',(0.,-1.,2.22044604925E-16));
#3080 = DIRECTION('',(1.,0.,0.));
#3081 = ADVANCED_FACE('',(#3082),#3115,.T.);
#3082 = FACE_BOUND('',#3083,.T.);
#3083 = EDGE_LOOP('',(#3084,#3093,#3094,#3102));
#3084 = ORIENTED_EDGE('',*,*,#3085,.F.);
#3085 = EDGE_CURVE('',#807,#3086,#3088,.T.);
#3086 = VERTEX_POINT('',#3087);
#3087 = CARTESIAN_POINT('',(-10.76401491063,-10.09248988834,63.45174));
#3088 = CIRCLE('',#3089,3.175);
#3089 = AXIS2_PLACEMENT_3D('',#3090,#3091,#3092);
#3090 = CARTESIAN_POINT('',(-10.76401491063,-8.354149813903,60.7949));
#3091 = DIRECTION('',(0.,-0.8368,-0.547508684863));
#3092 = DIRECTION('',(0.,0.547508684863,-0.8368));
#3093 = ORIENTED_EDGE('',*,*,#814,.T.);
#3094 = ORIENTED_EDGE('',*,*,#3095,.T.);
#3095 = EDGE_CURVE('',#815,#3096,#3098,.T.);
#3096 = VERTEX_POINT('',#3097);
#3097 = CARTESIAN_POINT('',(-10.76401491063,-15.30751011165,63.45174));
#3098 = ( BOUNDED_CURVE() B_SPLINE_CURVE(2,(#3099,#3100,#3101),
.UNSPECIFIED.,.F.,.F.) B_SPLINE_CURVE_WITH_KNOTS((3,3),(0.,
5.518633886307),.PIECEWISE_BEZIER_KNOTS.) CURVE() 
GEOMETRIC_REPRESENTATION_ITEM() RATIONAL_B_SPLINE_CURVE((1.,
0.707106781187,1.)) REPRESENTATION_ITEM('') );
#3099 = CARTESIAN_POINT('',(-7.589014910633,-17.04585018609,60.7949));
#3100 = CARTESIAN_POINT('',(-7.589014910633,-15.30751011165,63.45174));
#3101 = CARTESIAN_POINT('',(-10.76401491063,-15.30751011165,63.45174));
#3102 = ORIENTED_EDGE('',*,*,#3103,.F.);
#3103 = EDGE_CURVE('',#3086,#3096,#3104,.T.);
#3104 = ( BOUNDED_CURVE() B_SPLINE_CURVE(9,(#3105,#3106,#3107,#3108,
    #3109,#3110,#3111,#3112,#3113,#3114),.UNSPECIFIED.,.F.,.F.) 
B_SPLINE_CURVE_WITH_KNOTS((10,10),(19.683435575928,25.202069462236),
.PIECEWISE_BEZIER_KNOTS.) CURVE() GEOMETRIC_REPRESENTATION_ITEM() 
RATIONAL_B_SPLINE_CURVE((1.,1.,1.,1.,1.,1.,1.,1.,1.,1.)) 
REPRESENTATION_ITEM('') );
#3105 = CARTESIAN_POINT('',(-10.76401491063,-10.09248988834,63.45174));
#3106 = CARTESIAN_POINT('',(-10.76401491063,-10.60559982193,
    63.116018029483));
#3107 = CARTESIAN_POINT('',(-10.60676752297,-11.16733875866,
    62.854617252418));
#3108 = CARTESIAN_POINT('',(-10.50432321397,-11.76540191686,
    62.675589351136));
#3109 = CARTESIAN_POINT('',(-10.42069904102,-12.38593178727,
    62.584606120538));
#3110 = CARTESIAN_POINT('',(-10.42069904102,-13.01406821272,
    62.584606120538));
#3111 = CARTESIAN_POINT('',(-10.50432321397,-13.63459808314,
    62.675589351137));
#3112 = CARTESIAN_POINT('',(-10.60676752297,-14.23266124133,
    62.854617252418));
#3113 = CARTESIAN_POINT('',(-10.76401491063,-14.79440017807,
    63.116018029483));
#3114 = CARTESIAN_POINT('',(-10.76401491063,-15.30751011165,63.45174));
#3115 = ( BOUNDED_SURFACE() B_SPLINE_SURFACE(2,9,(
    (#3116,#3117,#3118,#3119,#3120,#3121,#3122,#3123,#3124,#3125)
    ,(#3126,#3127,#3128,#3129,#3130,#3131,#3132,#3133,#3134,#3135)
    ,(#3136,#3137,#3138,#3139,#3140,#3141,#3142,#3143,#3144,#3145
)),.UNSPECIFIED.,.F.,.F.,.F.) B_SPLINE_SURFACE_WITH_KNOTS((3,3),(10,10),
  (0.,5.518633886307),(19.683435575928,25.202069462236),
.PIECEWISE_BEZIER_KNOTS.) GEOMETRIC_REPRESENTATION_ITEM() 
RATIONAL_B_SPLINE_SURFACE((
    (1.,1.,1.,1.,1.,1.,1.,1.,1.,1.)
    ,(0.707106781187,0.78156593879,0.816769243619,0.840716920674
      ,0.849446816312,0.849446816312,0.840716920674,0.816769243619
      ,0.78156593879,0.707106781187)
,(1.,1.,1.,1.,1.,1.,1.,1.,1.,1.))) REPRESENTATION_ITEM('') SURFACE() );
#3116 = CARTESIAN_POINT('',(-10.76401491063,-10.09248988834,63.45174));
#3117 = CARTESIAN_POINT('',(-10.76401491063,-10.60559982193,
    63.116018029483));
#3118 = CARTESIAN_POINT('',(-10.60676752297,-11.16733875866,
    62.854617252418));
#3119 = CARTESIAN_POINT('',(-10.50432321397,-11.76540191686,
    62.675589351136));
#3120 = CARTESIAN_POINT('',(-10.42069904102,-12.38593178727,
    62.584606120538));
#3121 = CARTESIAN_POINT('',(-10.42069904102,-13.01406821272,
    62.584606120538));
#3122 = CARTESIAN_POINT('',(-10.50432321397,-13.63459808314,
    62.675589351137));
#3123 = CARTESIAN_POINT('',(-10.60676752297,-14.23266124133,
    62.854617252418));
#3124 = CARTESIAN_POINT('',(-10.76401491063,-14.79440017807,
    63.116018029483));
#3125 = CARTESIAN_POINT('',(-10.76401491063,-15.30751011165,63.45174));
#3126 = CARTESIAN_POINT('',(-7.589014910633,-10.09248988834,63.45174));
#3127 = CARTESIAN_POINT('',(-8.193974297062,-10.55671625175,
    63.148001991262));
#3128 = CARTESIAN_POINT('',(-8.372060104706,-11.12844829656,
    62.866270536892));
#3129 = CARTESIAN_POINT('',(-8.444098517317,-11.72964860245,
    62.682219904855));
#3130 = CARTESIAN_POINT('',(-8.455639404047,-12.38298820986,
    62.580453532568));
#3131 = CARTESIAN_POINT('',(-8.455639404048,-13.01701179013,
    62.580453532569));
#3132 = CARTESIAN_POINT('',(-8.444098517317,-13.67035139754,
    62.682219904855));
#3133 = CARTESIAN_POINT('',(-8.372060104706,-14.27155170343,
    62.866270536892));
#3134 = CARTESIAN_POINT('',(-8.193974297062,-14.84328374824,
    63.148001991262));
#3135 = CARTESIAN_POINT('',(-7.589014910633,-15.30751011165,63.45174));
#3136 = CARTESIAN_POINT('',(-7.589014910633,-8.354149813903,60.7949));
#3137 = CARTESIAN_POINT('',(-7.589014910633,-9.575431456238,60.7949));
#3138 = CARTESIAN_POINT('',(-7.589014910633,-10.5652595456,60.7949));
#3139 = CARTESIAN_POINT('',(-7.589014910633,-11.45710637451,60.7949));
#3140 = CARTESIAN_POINT('',(-7.589014910633,-12.28928753342,60.7949));
#3141 = CARTESIAN_POINT('',(-7.589014910633,-13.11071246657,60.7949));
#3142 = CARTESIAN_POINT('',(-7.589014910633,-13.94289362548,60.7949));
#3143 = CARTESIAN_POINT('',(-7.589014910633,-14.83474045439,60.7949));
#3144 = CARTESIAN_POINT('',(-7.589014910633,-15.82456854376,60.7949));
#3145 = CARTESIAN_POINT('',(-7.589014910633,-17.04585018609,60.7949));
#3146 = ADVANCED_FACE('',(#3147),#3159,.F.);
#3147 = FACE_BOUND('',#3148,.T.);
#3148 = EDGE_LOOP('',(#3149,#3156,#3157,#3158));
#3149 = ORIENTED_EDGE('',*,*,#3150,.F.);
#3150 = EDGE_CURVE('',#935,#2953,#3151,.T.);
#3151 = CIRCLE('',#3152,3.175);
#3152 = AXIS2_PLACEMENT_3D('',#3153,#3154,#3155);
#3153 = CARTESIAN_POINT('',(-10.76401491063,4.7625,67.437));
#3154 = DIRECTION('',(-0.,0.,1.));
#3155 = DIRECTION('',(0.,-1.,0.));
#3156 = ORIENTED_EDGE('',*,*,#943,.T.);
#3157 = ORIENTED_EDGE('',*,*,#867,.T.);
#3158 = ORIENTED_EDGE('',*,*,#2994,.F.);
#3159 = TOROIDAL_SURFACE('',#3160,7.9375,3.175);
#3160 = AXIS2_PLACEMENT_3D('',#3161,#3162,#3163);
#3161 = CARTESIAN_POINT('',(-10.76401491063,12.7,67.437));
#3162 = DIRECTION('',(1.,0.,0.));
#3163 = DIRECTION('',(0.,-1.,0.));
#3164 = ADVANCED_FACE('',(#3165),#3177,.F.);
#3165 = FACE_BOUND('',#3166,.T.);
#3166 = EDGE_LOOP('',(#3167,#3168,#3169,#3170));
#3167 = ORIENTED_EDGE('',*,*,#1001,.F.);
#3168 = ORIENTED_EDGE('',*,*,#926,.T.);
#3169 = ORIENTED_EDGE('',*,*,#3085,.T.);
#3170 = ORIENTED_EDGE('',*,*,#3171,.F.);
#3171 = EDGE_CURVE('',#1002,#3086,#3172,.T.);
#3172 = CIRCLE('',#3173,4.7625);
#3173 = AXIS2_PLACEMENT_3D('',#3174,#3175,#3176);
#3174 = CARTESIAN_POINT('',(-10.76401491063,-12.7,67.437));
#3175 = DIRECTION('',(-1.,-0.,0.));
#3176 = DIRECTION('',(0.,-1.,-2.98390650188E-15));
#3177 = TOROIDAL_SURFACE('',#3178,7.9375,3.175);
#3178 = AXIS2_PLACEMENT_3D('',#3179,#3180,#3181);
#3179 = CARTESIAN_POINT('',(-10.76401491063,-12.7,67.437));
#3180 = DIRECTION('',(1.,0.,0.));
#3181 = DIRECTION('',(0.,-1.,-2.98390650188E-15));
#3182 = ADVANCED_FACE('',(#3183),#3189,.F.);
#3183 = FACE_BOUND('',#3184,.T.);
#3184 = EDGE_LOOP('',(#3185,#3186,#3187,#3188));
#3185 = ORIENTED_EDGE('',*,*,#3011,.F.);
#3186 = ORIENTED_EDGE('',*,*,#934,.T.);
#3187 = ORIENTED_EDGE('',*,*,#3150,.T.);
#3188 = ORIENTED_EDGE('',*,*,#2970,.F.);
#3189 = TOROIDAL_SURFACE('',#3190,7.9375,3.175);
#3190 = AXIS2_PLACEMENT_3D('',#3191,#3192,#3193);
#3191 = CARTESIAN_POINT('',(-10.76401491063,12.7,67.437));
#3192 = DIRECTION('',(1.,0.,0.));
#3193 = DIRECTION('',(0.,-1.,0.));
#3194 = ADVANCED_FACE('',(#3195),#3220,.F.);
#3195 = FACE_BOUND('',#3196,.F.);
#3196 = EDGE_LOOP('',(#3197,#3205,#3206,#3214));
#3197 = ORIENTED_EDGE('',*,*,#3198,.F.);
#3198 = EDGE_CURVE('',#959,#3199,#3201,.T.);
#3199 = VERTEX_POINT('',#3200);
#3200 = CARTESIAN_POINT('',(10.033,-22.225,59.537436657637));
#3201 = LINE('',#3202,#3203);
#3202 = CARTESIAN_POINT('',(10.033,-22.225,57.997046345453));
#3203 = VECTOR('',#3204,1.);
#3204 = DIRECTION('',(0.,2.22044604925E-16,1.));
#3205 = ORIENTED_EDGE('',*,*,#967,.T.);
#3206 = ORIENTED_EDGE('',*,*,#3207,.T.);
#3207 = EDGE_CURVE('',#968,#3208,#3210,.T.);
#3208 = VERTEX_POINT('',#3209);
#3209 = CARTESIAN_POINT('',(10.033,22.225,59.537436657637));
#3210 = LINE('',#3211,#3212);
#3211 = CARTESIAN_POINT('',(10.033,22.225,62.717023172726));
#3212 = VECTOR('',#3213,1.);
#3213 = DIRECTION('',(0.,-0.,1.));
#3214 = ORIENTED_EDGE('',*,*,#3215,.F.);
#3215 = EDGE_CURVE('',#3199,#3208,#3216,.T.);
#3216 = LINE('',#3217,#3218);
#3217 = CARTESIAN_POINT('',(10.033,-22.225,59.537436657637));
#3218 = VECTOR('',#3219,1.);
#3219 = DIRECTION('',(-0.,1.,-2.22044604925E-16));
#3220 = PLANE('',#3221);
#3221 = AXIS2_PLACEMENT_3D('',#3222,#3223,#3224);
#3222 = CARTESIAN_POINT('',(10.033,-22.225,57.997046345453));
#3223 = DIRECTION('',(1.,0.,-0.));
#3224 = DIRECTION('',(0.,2.22044604925E-16,1.));
#3225 = ADVANCED_FACE('',(#3226),#3246,.F.);
#3226 = FACE_BOUND('',#3227,.T.);
#3227 = EDGE_LOOP('',(#3228,#3237,#3238,#3239));
#3228 = ORIENTED_EDGE('',*,*,#3229,.F.);
#3229 = EDGE_CURVE('',#1065,#3230,#3232,.T.);
#3230 = VERTEX_POINT('',#3231);
#3231 = CARTESIAN_POINT('',(-10.76401491063,-17.4625,67.437));
#3232 = CIRCLE('',#3233,3.175);
#3233 = AXIS2_PLACEMENT_3D('',#3234,#3235,#3236);
#3234 = CARTESIAN_POINT('',(-10.76401491063,-20.6375,67.437));
#3235 = DIRECTION('',(0.,-2.98390650188E-15,1.));
#3236 = DIRECTION('',(0.,-1.,-2.98390650188E-15));
#3237 = ORIENTED_EDGE('',*,*,#1073,.T.);
#3238 = ORIENTED_EDGE('',*,*,#991,.T.);
#3239 = ORIENTED_EDGE('',*,*,#3240,.F.);
#3240 = EDGE_CURVE('',#3230,#992,#3241,.T.);
#3241 = CIRCLE('',#3242,4.7625);
#3242 = AXIS2_PLACEMENT_3D('',#3243,#3244,#3245);
#3243 = CARTESIAN_POINT('',(-10.76401491063,-12.7,67.437));
#3244 = DIRECTION('',(-1.,-0.,0.));
#3245 = DIRECTION('',(0.,-1.,-2.98390650188E-15));
#3246 = TOROIDAL_SURFACE('',#3247,7.9375,3.175);
#3247 = AXIS2_PLACEMENT_3D('',#3248,#3249,#3250);
#3248 = CARTESIAN_POINT('',(-10.76401491063,-12.7,67.437));
#3249 = DIRECTION('',(1.,0.,0.));
#3250 = DIRECTION('',(0.,-1.,-2.98390650188E-15));
#3251 = ADVANCED_FACE('',(#3252),#3281,.T.);
#3252 = FACE_BOUND('',#3253,.F.);
#3253 = EDGE_LOOP('',(#3254,#3262,#3269,#3270,#3277,#3278,#3279,#3280));
#3254 = ORIENTED_EDGE('',*,*,#3255,.T.);
#3255 = EDGE_CURVE('',#3230,#3256,#3258,.T.);
#3256 = VERTEX_POINT('',#3257);
#3257 = CARTESIAN_POINT('',(-12.66901491063,-17.4625,67.437));
#3258 = LINE('',#3259,#3260);
#3259 = CARTESIAN_POINT('',(-7.589014910633,-17.4625,67.437));
#3260 = VECTOR('',#3261,1.);
#3261 = DIRECTION('',(-1.,0.,0.));
#3262 = ORIENTED_EDGE('',*,*,#3263,.T.);
#3263 = EDGE_CURVE('',#3256,#3256,#3264,.T.);
#3264 = CIRCLE('',#3265,4.7625);
#3265 = AXIS2_PLACEMENT_3D('',#3266,#3267,#3268);
#3266 = CARTESIAN_POINT('',(-12.66901491063,-12.7,67.437));
#3267 = DIRECTION('',(-1.,0.,0.));
#3268 = DIRECTION('',(0.,-1.,0.));
#3269 = ORIENTED_EDGE('',*,*,#3255,.F.);
#3270 = ORIENTED_EDGE('',*,*,#3271,.F.);
#3271 = EDGE_CURVE('',#3096,#3230,#3272,.T.);
#3272 = CIRCLE('',#3273,4.7625);
#3273 = AXIS2_PLACEMENT_3D('',#3274,#3275,#3276);
#3274 = CARTESIAN_POINT('',(-10.76401491063,-12.7,67.437));
#3275 = DIRECTION('',(-1.,-0.,0.));
#3276 = DIRECTION('',(0.,-1.,-2.98390650188E-15));
#3277 = ORIENTED_EDGE('',*,*,#3103,.F.);
#3278 = ORIENTED_EDGE('',*,*,#3171,.F.);
#3279 = ORIENTED_EDGE('',*,*,#1009,.F.);
#3280 = ORIENTED_EDGE('',*,*,#3240,.F.);
#3281 = CYLINDRICAL_SURFACE('',#3282,4.7625);
#3282 = AXIS2_PLACEMENT_3D('',#3283,#3284,#3285);
#3283 = CARTESIAN_POINT('',(-7.589014910633,-12.7,67.437));
#3284 = DIRECTION('',(1.,0.,0.));
#3285 = DIRECTION('',(0.,-1.,0.));
#3286 = ADVANCED_FACE('',(#3287),#3293,.F.);
#3287 = FACE_BOUND('',#3288,.T.);
#3288 = EDGE_LOOP('',(#3289,#3290,#3291,#3292));
#3289 = ORIENTED_EDGE('',*,*,#3095,.F.);
#3290 = ORIENTED_EDGE('',*,*,#1064,.T.);
#3291 = ORIENTED_EDGE('',*,*,#3229,.T.);
#3292 = ORIENTED_EDGE('',*,*,#3271,.F.);
#3293 = TOROIDAL_SURFACE('',#3294,7.9375,3.175);
#3294 = AXIS2_PLACEMENT_3D('',#3295,#3296,#3297);
#3295 = CARTESIAN_POINT('',(-10.76401491063,-12.7,67.437));
#3296 = DIRECTION('',(1.,0.,0.));
#3297 = DIRECTION('',(0.,-1.,-2.98390650188E-15));
#3298 = ADVANCED_FACE('',(#3299),#3322,.T.);
#3299 = FACE_BOUND('',#3300,.F.);
#3300 = EDGE_LOOP('',(#3301,#3302,#3303,#3304,#3305,#3306,#3307,#3308,
    #3309,#3310,#3311,#3312,#3313,#3314,#3315,#3316,#3317,#3318,#3319,
    #3320,#3321));
#3301 = ORIENTED_EDGE('',*,*,#1096,.F.);
#3302 = ORIENTED_EDGE('',*,*,#1636,.F.);
#3303 = ORIENTED_EDGE('',*,*,#1608,.F.);
#3304 = ORIENTED_EDGE('',*,*,#1580,.F.);
#3305 = ORIENTED_EDGE('',*,*,#1552,.F.);
#3306 = ORIENTED_EDGE('',*,*,#1524,.F.);
#3307 = ORIENTED_EDGE('',*,*,#1496,.F.);
#3308 = ORIENTED_EDGE('',*,*,#1468,.F.);
#3309 = ORIENTED_EDGE('',*,*,#1440,.F.);
#3310 = ORIENTED_EDGE('',*,*,#1412,.F.);
#3311 = ORIENTED_EDGE('',*,*,#1384,.F.);
#3312 = ORIENTED_EDGE('',*,*,#1356,.F.);
#3313 = ORIENTED_EDGE('',*,*,#1328,.F.);
#3314 = ORIENTED_EDGE('',*,*,#1300,.F.);
#3315 = ORIENTED_EDGE('',*,*,#1272,.F.);
#3316 = ORIENTED_EDGE('',*,*,#1248,.F.);
#3317 = ORIENTED_EDGE('',*,*,#1224,.F.);
#3318 = ORIENTED_EDGE('',*,*,#1196,.F.);
#3319 = ORIENTED_EDGE('',*,*,#1172,.F.);
#3320 = ORIENTED_EDGE('',*,*,#1148,.F.);
#3321 = ORIENTED_EDGE('',*,*,#1120,.F.);
#3322 = PLANE('',#3323);
#3323 = AXIS2_PLACEMENT_3D('',#3324,#3325,#3326);
#3324 = CARTESIAN_POINT('',(-4.977359834105,11.72705013933,73.0791));
#3325 = DIRECTION('',(0.,0.,1.));
#3326 = DIRECTION('',(-2.22044604925E-16,-1.,0.));
#3327 = ADVANCED_FACE('',(#3328),#3336,.T.);
#3328 = FACE_BOUND('',#3329,.F.);
#3329 = EDGE_LOOP('',(#3330,#3331,#3332,#3333,#3334,#3335));
#3330 = ORIENTED_EDGE('',*,*,#1660,.F.);
#3331 = ORIENTED_EDGE('',*,*,#1800,.F.);
#3332 = ORIENTED_EDGE('',*,*,#1772,.F.);
#3333 = ORIENTED_EDGE('',*,*,#1744,.F.);
#3334 = ORIENTED_EDGE('',*,*,#1716,.F.);
#3335 = ORIENTED_EDGE('',*,*,#1688,.F.);
#3336 = PLANE('',#3337);
#3337 = AXIS2_PLACEMENT_3D('',#3338,#3339,#3340);
#3338 = CARTESIAN_POINT('',(-3.917418653883,9.57808453461,73.0791));
#3339 = DIRECTION('',(0.,0.,1.));
#3340 = DIRECTION('',(-2.22044604925E-16,-1.,0.));
#3341 = ADVANCED_FACE('',(#3342),#3350,.T.);
#3342 = FACE_BOUND('',#3343,.F.);
#3343 = EDGE_LOOP('',(#3344,#3345,#3346,#3347,#3348,#3349));
#3344 = ORIENTED_EDGE('',*,*,#1824,.F.);
#3345 = ORIENTED_EDGE('',*,*,#1964,.F.);
#3346 = ORIENTED_EDGE('',*,*,#1936,.F.);
#3347 = ORIENTED_EDGE('',*,*,#1908,.F.);
#3348 = ORIENTED_EDGE('',*,*,#1880,.F.);
#3349 = ORIENTED_EDGE('',*,*,#1852,.F.);
#3350 = PLANE('',#3351);
#3351 = AXIS2_PLACEMENT_3D('',#3352,#3353,#3354);
#3352 = CARTESIAN_POINT('',(-3.917418653883,9.57808453461,73.0791));
#3353 = DIRECTION('',(0.,0.,1.));
#3354 = DIRECTION('',(-2.22044604925E-16,-1.,0.));
#3355 = ADVANCED_FACE('',(#3356),#3374,.T.);
#3356 = FACE_BOUND('',#3357,.F.);
#3357 = EDGE_LOOP('',(#3358,#3359,#3360,#3361,#3362,#3363,#3364,#3365,
    #3366,#3367,#3368,#3369,#3370,#3371,#3372,#3373));
#3358 = ORIENTED_EDGE('',*,*,#1988,.F.);
#3359 = ORIENTED_EDGE('',*,*,#2380,.F.);
#3360 = ORIENTED_EDGE('',*,*,#2356,.F.);
#3361 = ORIENTED_EDGE('',*,*,#2332,.F.);
#3362 = ORIENTED_EDGE('',*,*,#2308,.F.);
#3363 = ORIENTED_EDGE('',*,*,#2280,.F.);
#3364 = ORIENTED_EDGE('',*,*,#2252,.F.);
#3365 = ORIENTED_EDGE('',*,*,#2224,.F.);
#3366 = ORIENTED_EDGE('',*,*,#2200,.F.);
#3367 = ORIENTED_EDGE('',*,*,#2172,.F.);
#3368 = ORIENTED_EDGE('',*,*,#2144,.F.);
#3369 = ORIENTED_EDGE('',*,*,#2116,.F.);
#3370 = ORIENTED_EDGE('',*,*,#2088,.F.);
#3371 = ORIENTED_EDGE('',*,*,#2064,.F.);
#3372 = ORIENTED_EDGE('',*,*,#2040,.F.);
#3373 = ORIENTED_EDGE('',*,*,#2012,.F.);
#3374 = PLANE('',#3375);
#3375 = AXIS2_PLACEMENT_3D('',#3376,#3377,#3378);
#3376 = CARTESIAN_POINT('',(-5.149231887656,14.145521617348,73.0791));
#3377 = DIRECTION('',(0.,0.,1.));
#3378 = DIRECTION('',(-2.22044604925E-16,-1.,0.));
#3379 = ADVANCED_FACE('',(#3380,#3391),#3438,.T.);
#3380 = FACE_BOUND('',#3381,.F.);
#3381 = EDGE_LOOP('',(#3382,#3383,#3384,#3385,#3386,#3387,#3388,#3389,
    #3390));
#3382 = ORIENTED_EDGE('',*,*,#2404,.F.);
#3383 = ORIENTED_EDGE('',*,*,#2628,.F.);
#3384 = ORIENTED_EDGE('',*,*,#2600,.F.);
#3385 = ORIENTED_EDGE('',*,*,#2572,.F.);
#3386 = ORIENTED_EDGE('',*,*,#2544,.F.);
#3387 = ORIENTED_EDGE('',*,*,#2516,.F.);
#3388 = ORIENTED_EDGE('',*,*,#2488,.F.);
#3389 = ORIENTED_EDGE('',*,*,#2460,.F.);
#3390 = ORIENTED_EDGE('',*,*,#2432,.F.);
#3391 = FACE_BOUND('',#3392,.F.);
#3392 = EDGE_LOOP('',(#3393,#3404,#3413,#3422,#3431));
#3393 = ORIENTED_EDGE('',*,*,#3394,.F.);
#3394 = EDGE_CURVE('',#3395,#3397,#3399,.T.);
#3395 = VERTEX_POINT('',#3396);
#3396 = CARTESIAN_POINT('',(-4.761892269123,16.585899320204,73.0791));
#3397 = VERTEX_POINT('',#3398);
#3398 = CARTESIAN_POINT('',(-5.705718428714,15.934113254953,73.0791));
#3399 = B_SPLINE_CURVE_WITH_KNOTS('',3,(#3400,#3401,#3402,#3403),
  .UNSPECIFIED.,.F.,.F.,(4,4),(0.,1.),.PIECEWISE_BEZIER_KNOTS.);
#3400 = CARTESIAN_POINT('',(-4.761892269123,16.585899320204,73.0791));
#3401 = CARTESIAN_POINT('',(-4.761892269123,16.169055766745,73.0791));
#3402 = CARTESIAN_POINT('',(-5.106817829265,15.934113254953,73.0791));
#3403 = CARTESIAN_POINT('',(-5.705718428714,15.934113254953,73.0791));
#3404 = ORIENTED_EDGE('',*,*,#3405,.F.);
#3405 = EDGE_CURVE('',#3406,#3395,#3408,.T.);
#3406 = VERTEX_POINT('',#3407);
#3407 = CARTESIAN_POINT('',(-4.881703589878,17.002898877987,73.0791));
#3408 = B_SPLINE_CURVE_WITH_KNOTS('',3,(#3409,#3410,#3411,#3412),
  .UNSPECIFIED.,.F.,.F.,(4,4),(0.,1.),.PIECEWISE_BEZIER_KNOTS.);
#3409 = CARTESIAN_POINT('',(-4.881703589878,17.002898877987,73.0791));
#3410 = CARTESIAN_POINT('',(-4.805105466843,16.902276089072,73.0791));
#3411 = CARTESIAN_POINT('',(-4.761892269123,16.75375997272,73.0791));
#3412 = CARTESIAN_POINT('',(-4.761892269123,16.585899320204,73.0791));
#3413 = ORIENTED_EDGE('',*,*,#3414,.F.);
#3414 = EDGE_CURVE('',#3415,#3406,#3417,.T.);
#3415 = VERTEX_POINT('',#3416);
#3416 = CARTESIAN_POINT('',(-5.332088072975,17.137062596541,73.0791));
#3417 = B_SPLINE_CURVE_WITH_KNOTS('',3,(#3418,#3419,#3420,#3421),
  .UNSPECIFIED.,.F.,.F.,(4,4),(0.,1.),.PIECEWISE_BEZIER_KNOTS.);
#3418 = CARTESIAN_POINT('',(-5.332088072975,17.137062596541,73.0791));
#3419 = CARTESIAN_POINT('',(-5.087785301749,17.137062596541,73.0791));
#3420 = CARTESIAN_POINT('',(-4.953621583196,17.098685532862,73.0791));
#3421 = CARTESIAN_POINT('',(-4.881703589878,17.002898877987,73.0791));
#3422 = ORIENTED_EDGE('',*,*,#3423,.F.);
#3423 = EDGE_CURVE('',#3424,#3415,#3426,.T.);
#3424 = VERTEX_POINT('',#3425);
#3425 = CARTESIAN_POINT('',(-6.524741129186,16.456571735692,73.0791));
#3426 = B_SPLINE_CURVE_WITH_KNOTS('',3,(#3427,#3428,#3429,#3430),
  .UNSPECIFIED.,.F.,.F.,(4,4),(0.,1.),.PIECEWISE_BEZIER_KNOTS.);
#3427 = CARTESIAN_POINT('',(-6.524741129186,16.456571735692,73.0791));
#3428 = CARTESIAN_POINT('',(-6.524741129186,16.878251423192,73.0791));
#3429 = CARTESIAN_POINT('',(-6.074512650412,17.137062596541,73.0791));
#3430 = CARTESIAN_POINT('',(-5.332088072975,17.137062596541,73.0791));
#3431 = ORIENTED_EDGE('',*,*,#3432,.F.);
#3432 = EDGE_CURVE('',#3397,#3424,#3433,.T.);
#3433 = B_SPLINE_CURVE_WITH_KNOTS('',3,(#3434,#3435,#3436,#3437),
  .UNSPECIFIED.,.F.,.F.,(4,4),(0.,1.),.PIECEWISE_BEZIER_KNOTS.);
#3434 = CARTESIAN_POINT('',(-5.705718428714,15.934113254953,73.0791));
#3435 = CARTESIAN_POINT('',(-6.232545030523,15.934113254953,73.0791));
#3436 = CARTESIAN_POINT('',(-6.524741129186,16.121162439308,73.0791));
#3437 = CARTESIAN_POINT('',(-6.524741129186,16.456571735692,73.0791));
#3438 = PLANE('',#3439);
#3439 = AXIS2_PLACEMENT_3D('',#3440,#3441,#3442);
#3440 = CARTESIAN_POINT('',(-5.096309820898,16.536829623996,73.0791));
#3441 = DIRECTION('',(0.,0.,1.));
#3442 = DIRECTION('',(-2.22044604925E-16,-1.,0.));
#3443 = ADVANCED_FACE('',(#3444),#3450,.T.);
#3444 = FACE_BOUND('',#3445,.F.);
#3445 = EDGE_LOOP('',(#3446,#3447,#3448,#3449));
#3446 = ORIENTED_EDGE('',*,*,#2652,.F.);
#3447 = ORIENTED_EDGE('',*,*,#2736,.F.);
#3448 = ORIENTED_EDGE('',*,*,#2708,.F.);
#3449 = ORIENTED_EDGE('',*,*,#2680,.F.);
#3450 = PLANE('',#3451);
#3451 = AXIS2_PLACEMENT_3D('',#3452,#3453,#3454);
#3452 = CARTESIAN_POINT('',(-6.374089254559,18.34318876197,73.0791));
#3453 = DIRECTION('',(0.,0.,1.));
#3454 = DIRECTION('',(-2.22044604925E-16,-1.,0.));
#3455 = ADVANCED_FACE('',(#3456,#3465),#3503,.T.);
#3456 = FACE_BOUND('',#3457,.F.);
#3457 = EDGE_LOOP('',(#3458,#3459,#3460,#3461,#3462,#3463,#3464));
#3458 = ORIENTED_EDGE('',*,*,#2764,.F.);
#3459 = ORIENTED_EDGE('',*,*,#2932,.F.);
#3460 = ORIENTED_EDGE('',*,*,#2904,.F.);
#3461 = ORIENTED_EDGE('',*,*,#2876,.F.);
#3462 = ORIENTED_EDGE('',*,*,#2848,.F.);
#3463 = ORIENTED_EDGE('',*,*,#2820,.F.);
#3464 = ORIENTED_EDGE('',*,*,#2792,.F.);
#3465 = FACE_BOUND('',#3466,.F.);
#3466 = EDGE_LOOP('',(#3467,#3478,#3487,#3496));
#3467 = ORIENTED_EDGE('',*,*,#3468,.F.);
#3468 = EDGE_CURVE('',#3469,#3471,#3473,.T.);
#3469 = VERTEX_POINT('',#3470);
#3470 = CARTESIAN_POINT('',(-3.478756705051,20.13718174945,73.0791));
#3471 = VERTEX_POINT('',#3472);
#3472 = CARTESIAN_POINT('',(-5.02101545112,19.518936613836,73.0791));
#3473 = B_SPLINE_CURVE_WITH_KNOTS('',3,(#3474,#3475,#3476,#3477),
  .UNSPECIFIED.,.F.,.F.,(4,4),(0.,1.),.PIECEWISE_BEZIER_KNOTS.);
#3474 = CARTESIAN_POINT('',(-3.478756705051,20.13718174945,73.0791));
#3475 = CARTESIAN_POINT('',(-3.478756705051,19.734534589465,73.0791));
#3476 = CARTESIAN_POINT('',(-4.019935704658,19.518936613836,73.0791));
#3477 = CARTESIAN_POINT('',(-5.02101545112,19.518936613836,73.0791));
#3478 = ORIENTED_EDGE('',*,*,#3479,.F.);
#3479 = EDGE_CURVE('',#3480,#3469,#3482,.T.);
#3480 = VERTEX_POINT('',#3481);
#3481 = CARTESIAN_POINT('',(-5.025695580837,20.764943148821,73.0791));
#3482 = B_SPLINE_CURVE_WITH_KNOTS('',3,(#3483,#3484,#3485,#3486),
  .UNSPECIFIED.,.F.,.F.,(4,4),(0.,1.),.PIECEWISE_BEZIER_KNOTS.);
#3483 = CARTESIAN_POINT('',(-5.025695580837,20.764943148821,73.0791));
#3484 = CARTESIAN_POINT('',(-4.005583306859,20.764943148821,73.0791));
#3485 = CARTESIAN_POINT('',(-3.478756705051,20.549345173192,73.0791));
#3486 = CARTESIAN_POINT('',(-3.478756705051,20.13718174945,73.0791));
#3487 = ORIENTED_EDGE('',*,*,#3488,.F.);
#3488 = EDGE_CURVE('',#3489,#3480,#3491,.T.);
#3489 = VERTEX_POINT('',#3490);
#3490 = CARTESIAN_POINT('',(-6.534413397268,20.142017883491,73.0791));
#3491 = B_SPLINE_CURVE_WITH_KNOTS('',3,(#3492,#3493,#3494,#3495),
  .UNSPECIFIED.,.F.,.F.,(4,4),(0.,1.),.PIECEWISE_BEZIER_KNOTS.);
#3492 = CARTESIAN_POINT('',(-6.534413397268,20.142017883491,73.0791));
#3493 = CARTESIAN_POINT('',(-6.534413397268,20.554025302909,73.0791));
#3494 = CARTESIAN_POINT('',(-6.021939193258,20.764943148821,73.0791));
#3495 = CARTESIAN_POINT('',(-5.025695580837,20.764943148821,73.0791));
#3496 = ORIENTED_EDGE('',*,*,#3497,.F.);
#3497 = EDGE_CURVE('',#3471,#3489,#3498,.T.);
#3498 = B_SPLINE_CURVE_WITH_KNOTS('',3,(#3499,#3500,#3501,#3502),
  .UNSPECIFIED.,.F.,.F.,(4,4),(0.,1.),.PIECEWISE_BEZIER_KNOTS.);
#3499 = CARTESIAN_POINT('',(-5.02101545112,19.518936613836,73.0791));
#3500 = CARTESIAN_POINT('',(-6.021939193258,19.518936613836,73.0791));
#3501 = CARTESIAN_POINT('',(-6.534413397268,19.729854459748,73.0791));
#3502 = CARTESIAN_POINT('',(-6.534413397268,20.142017883491,73.0791));
#3503 = PLANE('',#3504);
#3504 = AXIS2_PLACEMENT_3D('',#3505,#3506,#3507);
#3505 = CARTESIAN_POINT('',(-5.011377965837,20.144646244783,73.0791));
#3506 = DIRECTION('',(0.,0.,1.));
#3507 = DIRECTION('',(-2.22044604925E-16,-1.,0.));
#3508 = ADVANCED_FACE('',(#3509,#3512),#3523,.F.);
#3509 = FACE_BOUND('',#3510,.T.);
#3510 = EDGE_LOOP('',(#3511));
#3511 = ORIENTED_EDGE('',*,*,#2962,.T.);
#3512 = FACE_BOUND('',#3513,.F.);
#3513 = EDGE_LOOP('',(#3514));
#3514 = ORIENTED_EDGE('',*,*,#3515,.T.);
#3515 = EDGE_CURVE('',#3516,#3516,#3518,.T.);
#3516 = VERTEX_POINT('',#3517);
#3517 = CARTESIAN_POINT('',(-12.66901491063,9.70026,67.437));
#3518 = CIRCLE('',#3519,2.99974);
#3519 = AXIS2_PLACEMENT_3D('',#3520,#3521,#3522);
#3520 = CARTESIAN_POINT('',(-12.66901491063,12.7,67.437));
#3521 = DIRECTION('',(-1.,0.,0.));
#3522 = DIRECTION('',(0.,-1.,0.));
#3523 = PLANE('',#3524);
#3524 = AXIS2_PLACEMENT_3D('',#3525,#3526,#3527);
#3525 = CARTESIAN_POINT('',(-12.66901491063,5.196886969472E-15,67.437));
#3526 = DIRECTION('',(1.,0.,0.));
#3527 = DIRECTION('',(0.,0.,1.));
#3528 = ADVANCED_FACE('',(#3529),#3554,.F.);
#3529 = FACE_BOUND('',#3530,.F.);
#3530 = EDGE_LOOP('',(#3531,#3539,#3547,#3553));
#3531 = ORIENTED_EDGE('',*,*,#3532,.F.);
#3532 = EDGE_CURVE('',#3533,#3053,#3535,.T.);
#3533 = VERTEX_POINT('',#3534);
#3534 = CARTESIAN_POINT('',(7.493,-22.225,59.537436657637));
#3535 = LINE('',#3536,#3537);
#3536 = CARTESIAN_POINT('',(7.493,-22.225,59.537436657637));
#3537 = VECTOR('',#3538,1.);
#3538 = DIRECTION('',(0.,-2.22044604925E-16,-1.));
#3539 = ORIENTED_EDGE('',*,*,#3540,.T.);
#3540 = EDGE_CURVE('',#3533,#3541,#3543,.T.);
#3541 = VERTEX_POINT('',#3542);
#3542 = CARTESIAN_POINT('',(7.493,22.225,59.537436657637));
#3543 = LINE('',#3544,#3545);
#3544 = CARTESIAN_POINT('',(7.493,-22.225,59.537436657637));
#3545 = VECTOR('',#3546,1.);
#3546 = DIRECTION('',(-0.,1.,-2.22044604925E-16));
#3547 = ORIENTED_EDGE('',*,*,#3548,.T.);
#3548 = EDGE_CURVE('',#3541,#3063,#3549,.T.);
#3549 = LINE('',#3550,#3551);
#3550 = CARTESIAN_POINT('',(7.493,22.225,63.487218328819));
#3551 = VECTOR('',#3552,1.);
#3552 = DIRECTION('',(-0.,0.,-1.));
#3553 = ORIENTED_EDGE('',*,*,#3071,.F.);
#3554 = PLANE('',#3555);
#3555 = AXIS2_PLACEMENT_3D('',#3556,#3557,#3558);
#3556 = CARTESIAN_POINT('',(7.493,-22.225,59.537436657637));
#3557 = DIRECTION('',(-1.,-0.,0.));
#3558 = DIRECTION('',(0.,-2.22044604925E-16,-1.));
#3559 = ADVANCED_FACE('',(#3560),#3578,.F.);
#3560 = FACE_BOUND('',#3561,.F.);
#3561 = EDGE_LOOP('',(#3562,#3569,#3570,#3577));
#3562 = ORIENTED_EDGE('',*,*,#3563,.F.);
#3563 = EDGE_CURVE('',#3199,#3533,#3564,.T.);
#3564 = CIRCLE('',#3565,8.001);
#3565 = AXIS2_PLACEMENT_3D('',#3566,#3567,#3568);
#3566 = CARTESIAN_POINT('',(8.763,-22.225,67.437));
#3567 = DIRECTION('',(0.,-1.,2.22044604925E-16));
#3568 = DIRECTION('',(1.,0.,0.));
#3569 = ORIENTED_EDGE('',*,*,#3215,.T.);
#3570 = ORIENTED_EDGE('',*,*,#3571,.T.);
#3571 = EDGE_CURVE('',#3208,#3541,#3572,.T.);
#3572 = CIRCLE('',#3573,8.001);
#3573 = AXIS2_PLACEMENT_3D('',#3574,#3575,#3576);
#3574 = CARTESIAN_POINT('',(8.763,22.225,67.437));
#3575 = DIRECTION('',(0.,-1.,2.22044604925E-16));
#3576 = DIRECTION('',(1.,0.,0.));
#3577 = ORIENTED_EDGE('',*,*,#3540,.F.);
#3578 = CYLINDRICAL_SURFACE('',#3579,8.001);
#3579 = AXIS2_PLACEMENT_3D('',#3580,#3581,#3582);
#3580 = CARTESIAN_POINT('',(8.763,-22.225,67.437));
#3581 = DIRECTION('',(0.,-1.,2.22044604925E-16));
#3582 = DIRECTION('',(1.,0.,0.));
#3583 = ADVANCED_FACE('',(#3584,#3587),#3598,.F.);
#3584 = FACE_BOUND('',#3585,.T.);
#3585 = EDGE_LOOP('',(#3586));
#3586 = ORIENTED_EDGE('',*,*,#3263,.T.);
#3587 = FACE_BOUND('',#3588,.F.);
#3588 = EDGE_LOOP('',(#3589));
#3589 = ORIENTED_EDGE('',*,*,#3590,.T.);
#3590 = EDGE_CURVE('',#3591,#3591,#3593,.T.);
#3591 = VERTEX_POINT('',#3592);
#3592 = CARTESIAN_POINT('',(-12.66901491063,-15.69974,67.437));
#3593 = CIRCLE('',#3594,2.99974);
#3594 = AXIS2_PLACEMENT_3D('',#3595,#3596,#3597);
#3595 = CARTESIAN_POINT('',(-12.66901491063,-12.7,67.437));
#3596 = DIRECTION('',(-1.,0.,0.));
#3597 = DIRECTION('',(0.,-1.,0.));
#3598 = PLANE('',#3599);
#3599 = AXIS2_PLACEMENT_3D('',#3600,#3601,#3602);
#3600 = CARTESIAN_POINT('',(-12.66901491063,5.196886969472E-15,67.437));
#3601 = DIRECTION('',(1.,0.,0.));
#3602 = DIRECTION('',(0.,0.,1.));
#3603 = ADVANCED_FACE('',(#3604),#3630,.F.);
#3604 = FACE_BOUND('',#3605,.F.);
#3605 = EDGE_LOOP('',(#3606,#3614,#3615,#3623));
#3606 = ORIENTED_EDGE('',*,*,#3607,.T.);
#3607 = EDGE_CURVE('',#3608,#3395,#3610,.T.);
#3608 = VERTEX_POINT('',#3609);
#3609 = CARTESIAN_POINT('',(-4.761892269123,16.585899320204,74.0791));
#3610 = LINE('',#3611,#3612);
#3611 = CARTESIAN_POINT('',(-4.761892269123,16.585899320204,74.0791));
#3612 = VECTOR('',#3613,1.);
#3613 = DIRECTION('',(-0.,-0.,-1.));
#3614 = ORIENTED_EDGE('',*,*,#3394,.T.);
#3615 = ORIENTED_EDGE('',*,*,#3616,.F.);
#3616 = EDGE_CURVE('',#3617,#3397,#3619,.T.);
#3617 = VERTEX_POINT('',#3618);
#3618 = CARTESIAN_POINT('',(-5.705718428714,15.934113254953,74.0791));
#3619 = LINE('',#3620,#3621);
#3620 = CARTESIAN_POINT('',(-5.705718428714,15.934113254953,74.0791));
#3621 = VECTOR('',#3622,1.);
#3622 = DIRECTION('',(-0.,-0.,-1.));
#3623 = ORIENTED_EDGE('',*,*,#3624,.F.);
#3624 = EDGE_CURVE('',#3608,#3617,#3625,.T.);
#3625 = B_SPLINE_CURVE_WITH_KNOTS('',3,(#3626,#3627,#3628,#3629),
  .UNSPECIFIED.,.F.,.F.,(4,4),(0.,1.),.PIECEWISE_BEZIER_KNOTS.);
#3626 = CARTESIAN_POINT('',(-4.761892269123,16.585899320204,74.0791));
#3627 = CARTESIAN_POINT('',(-4.761892269123,16.169055766745,74.0791));
#3628 = CARTESIAN_POINT('',(-5.106817829265,15.934113254953,74.0791));
#3629 = CARTESIAN_POINT('',(-5.705718428714,15.934113254953,74.0791));
#3630 = SURFACE_OF_LINEAR_EXTRUSION('',#3631,#3636);
#3631 = B_SPLINE_CURVE_WITH_KNOTS('',3,(#3632,#3633,#3634,#3635),
  .UNSPECIFIED.,.F.,.F.,(4,4),(0.,1.),.PIECEWISE_BEZIER_KNOTS.);
#3632 = CARTESIAN_POINT('',(-4.761892269123,16.585899320204,74.0791));
#3633 = CARTESIAN_POINT('',(-4.761892269123,16.169055766745,74.0791));
#3634 = CARTESIAN_POINT('',(-5.106817829265,15.934113254953,74.0791));
#3635 = CARTESIAN_POINT('',(-5.705718428714,15.934113254953,74.0791));
#3636 = VECTOR('',#3637,1.);
#3637 = DIRECTION('',(0.,0.,1.));
#3638 = ADVANCED_FACE('',(#3639),#3658,.F.);
#3639 = FACE_BOUND('',#3640,.F.);
#3640 = EDGE_LOOP('',(#3641,#3649,#3650,#3651));
#3641 = ORIENTED_EDGE('',*,*,#3642,.T.);
#3642 = EDGE_CURVE('',#3643,#3406,#3645,.T.);
#3643 = VERTEX_POINT('',#3644);
#3644 = CARTESIAN_POINT('',(-4.881703589878,17.002898877987,74.0791));
#3645 = LINE('',#3646,#3647);
#3646 = CARTESIAN_POINT('',(-4.881703589878,17.002898877987,74.0791));
#3647 = VECTOR('',#3648,1.);
#3648 = DIRECTION('',(-0.,-0.,-1.));
#3649 = ORIENTED_EDGE('',*,*,#3405,.T.);
#3650 = ORIENTED_EDGE('',*,*,#3607,.F.);
#3651 = ORIENTED_EDGE('',*,*,#3652,.F.);
#3652 = EDGE_CURVE('',#3643,#3608,#3653,.T.);
#3653 = B_SPLINE_CURVE_WITH_KNOTS('',3,(#3654,#3655,#3656,#3657),
  .UNSPECIFIED.,.F.,.F.,(4,4),(0.,1.),.PIECEWISE_BEZIER_KNOTS.);
#3654 = CARTESIAN_POINT('',(-4.881703589878,17.002898877987,74.0791));
#3655 = CARTESIAN_POINT('',(-4.805105466843,16.902276089072,74.0791));
#3656 = CARTESIAN_POINT('',(-4.761892269123,16.75375997272,74.0791));
#3657 = CARTESIAN_POINT('',(-4.761892269123,16.585899320204,74.0791));
#3658 = SURFACE_OF_LINEAR_EXTRUSION('',#3659,#3664);
#3659 = B_SPLINE_CURVE_WITH_KNOTS('',3,(#3660,#3661,#3662,#3663),
  .UNSPECIFIED.,.F.,.F.,(4,4),(0.,1.),.PIECEWISE_BEZIER_KNOTS.);
#3660 = CARTESIAN_POINT('',(-4.881703589878,17.002898877987,74.0791));
#3661 = CARTESIAN_POINT('',(-4.805105466843,16.902276089072,74.0791));
#3662 = CARTESIAN_POINT('',(-4.761892269123,16.75375997272,74.0791));
#3663 = CARTESIAN_POINT('',(-4.761892269123,16.585899320204,74.0791));
#3664 = VECTOR('',#3665,1.);
#3665 = DIRECTION('',(0.,0.,1.));
#3666 = ADVANCED_FACE('',(#3667),#3686,.F.);
#3667 = FACE_BOUND('',#3668,.F.);
#3668 = EDGE_LOOP('',(#3669,#3677,#3678,#3679));
#3669 = ORIENTED_EDGE('',*,*,#3670,.T.);
#3670 = EDGE_CURVE('',#3671,#3415,#3673,.T.);
#3671 = VERTEX_POINT('',#3672);
#3672 = CARTESIAN_POINT('',(-5.332088072975,17.137062596541,74.0791));
#3673 = LINE('',#3674,#3675);
#3674 = CARTESIAN_POINT('',(-5.332088072975,17.137062596541,74.0791));
#3675 = VECTOR('',#3676,1.);
#3676 = DIRECTION('',(-0.,-0.,-1.));
#3677 = ORIENTED_EDGE('',*,*,#3414,.T.);
#3678 = ORIENTED_EDGE('',*,*,#3642,.F.);
#3679 = ORIENTED_EDGE('',*,*,#3680,.F.);
#3680 = EDGE_CURVE('',#3671,#3643,#3681,.T.);
#3681 = B_SPLINE_CURVE_WITH_KNOTS('',3,(#3682,#3683,#3684,#3685),
  .UNSPECIFIED.,.F.,.F.,(4,4),(0.,1.),.PIECEWISE_BEZIER_KNOTS.);
#3682 = CARTESIAN_POINT('',(-5.332088072975,17.137062596541,74.0791));
#3683 = CARTESIAN_POINT('',(-5.087785301749,17.137062596541,74.0791));
#3684 = CARTESIAN_POINT('',(-4.953621583196,17.098685532862,74.0791));
#3685 = CARTESIAN_POINT('',(-4.881703589878,17.002898877987,74.0791));
#3686 = SURFACE_OF_LINEAR_EXTRUSION('',#3687,#3692);
#3687 = B_SPLINE_CURVE_WITH_KNOTS('',3,(#3688,#3689,#3690,#3691),
  .UNSPECIFIED.,.F.,.F.,(4,4),(0.,1.),.PIECEWISE_BEZIER_KNOTS.);
#3688 = CARTESIAN_POINT('',(-5.332088072975,17.137062596541,74.0791));
#3689 = CARTESIAN_POINT('',(-5.087785301749,17.137062596541,74.0791));
#3690 = CARTESIAN_POINT('',(-4.953621583196,17.098685532862,74.0791));
#3691 = CARTESIAN_POINT('',(-4.881703589878,17.002898877987,74.0791));
#3692 = VECTOR('',#3693,1.);
#3693 = DIRECTION('',(0.,0.,1.));
#3694 = ADVANCED_FACE('',(#3695),#3714,.F.);
#3695 = FACE_BOUND('',#3696,.F.);
#3696 = EDGE_LOOP('',(#3697,#3705,#3706,#3707));
#3697 = ORIENTED_EDGE('',*,*,#3698,.T.);
#3698 = EDGE_CURVE('',#3699,#3424,#3701,.T.);
#3699 = VERTEX_POINT('',#3700);
#3700 = CARTESIAN_POINT('',(-6.524741129186,16.456571735692,74.0791));
#3701 = LINE('',#3702,#3703);
#3702 = CARTESIAN_POINT('',(-6.524741129186,16.456571735692,74.0791));
#3703 = VECTOR('',#3704,1.);
#3704 = DIRECTION('',(-0.,-0.,-1.));
#3705 = ORIENTED_EDGE('',*,*,#3423,.T.);
#3706 = ORIENTED_EDGE('',*,*,#3670,.F.);
#3707 = ORIENTED_EDGE('',*,*,#3708,.F.);
#3708 = EDGE_CURVE('',#3699,#3671,#3709,.T.);
#3709 = B_SPLINE_CURVE_WITH_KNOTS('',3,(#3710,#3711,#3712,#3713),
  .UNSPECIFIED.,.F.,.F.,(4,4),(0.,1.),.PIECEWISE_BEZIER_KNOTS.);
#3710 = CARTESIAN_POINT('',(-6.524741129186,16.456571735692,74.0791));
#3711 = CARTESIAN_POINT('',(-6.524741129186,16.878251423192,74.0791));
#3712 = CARTESIAN_POINT('',(-6.074512650412,17.137062596541,74.0791));
#3713 = CARTESIAN_POINT('',(-5.332088072975,17.137062596541,74.0791));
#3714 = SURFACE_OF_LINEAR_EXTRUSION('',#3715,#3720);
#3715 = B_SPLINE_CURVE_WITH_KNOTS('',3,(#3716,#3717,#3718,#3719),
  .UNSPECIFIED.,.F.,.F.,(4,4),(0.,1.),.PIECEWISE_BEZIER_KNOTS.);
#3716 = CARTESIAN_POINT('',(-6.524741129186,16.456571735692,74.0791));
#3717 = CARTESIAN_POINT('',(-6.524741129186,16.878251423192,74.0791));
#3718 = CARTESIAN_POINT('',(-6.074512650412,17.137062596541,74.0791));
#3719 = CARTESIAN_POINT('',(-5.332088072975,17.137062596541,74.0791));
#3720 = VECTOR('',#3721,1.);
#3721 = DIRECTION('',(0.,0.,1.));
#3722 = ADVANCED_FACE('',(#3723),#3735,.F.);
#3723 = FACE_BOUND('',#3724,.F.);
#3724 = EDGE_LOOP('',(#3725,#3726,#3727,#3728));
#3725 = ORIENTED_EDGE('',*,*,#3616,.T.);
#3726 = ORIENTED_EDGE('',*,*,#3432,.T.);
#3727 = ORIENTED_EDGE('',*,*,#3698,.F.);
#3728 = ORIENTED_EDGE('',*,*,#3729,.F.);
#3729 = EDGE_CURVE('',#3617,#3699,#3730,.T.);
#3730 = B_SPLINE_CURVE_WITH_KNOTS('',3,(#3731,#3732,#3733,#3734),
  .UNSPECIFIED.,.F.,.F.,(4,4),(0.,1.),.PIECEWISE_BEZIER_KNOTS.);
#3731 = CARTESIAN_POINT('',(-5.705718428714,15.934113254953,74.0791));
#3732 = CARTESIAN_POINT('',(-6.232545030523,15.934113254953,74.0791));
#3733 = CARTESIAN_POINT('',(-6.524741129186,16.121162439308,74.0791));
#3734 = CARTESIAN_POINT('',(-6.524741129186,16.456571735692,74.0791));
#3735 = SURFACE_OF_LINEAR_EXTRUSION('',#3736,#3741);
#3736 = B_SPLINE_CURVE_WITH_KNOTS('',3,(#3737,#3738,#3739,#3740),
  .UNSPECIFIED.,.F.,.F.,(4,4),(0.,1.),.PIECEWISE_BEZIER_KNOTS.);
#3737 = CARTESIAN_POINT('',(-5.705718428714,15.934113254953,74.0791));
#3738 = CARTESIAN_POINT('',(-6.232545030523,15.934113254953,74.0791));
#3739 = CARTESIAN_POINT('',(-6.524741129186,16.121162439308,74.0791));
#3740 = CARTESIAN_POINT('',(-6.524741129186,16.456571735692,74.0791));
#3741 = VECTOR('',#3742,1.);
#3742 = DIRECTION('',(0.,0.,1.));
#3743 = ADVANCED_FACE('',(#3744),#3770,.F.);
#3744 = FACE_BOUND('',#3745,.F.);
#3745 = EDGE_LOOP('',(#3746,#3754,#3755,#3763));
#3746 = ORIENTED_EDGE('',*,*,#3747,.T.);
#3747 = EDGE_CURVE('',#3748,#3469,#3750,.T.);
#3748 = VERTEX_POINT('',#3749);
#3749 = CARTESIAN_POINT('',(-3.478756705051,20.13718174945,74.0791));
#3750 = LINE('',#3751,#3752);
#3751 = CARTESIAN_POINT('',(-3.478756705051,20.13718174945,74.0791));
#3752 = VECTOR('',#3753,1.);
#3753 = DIRECTION('',(-0.,-0.,-1.));
#3754 = ORIENTED_EDGE('',*,*,#3468,.T.);
#3755 = ORIENTED_EDGE('',*,*,#3756,.F.);
#3756 = EDGE_CURVE('',#3757,#3471,#3759,.T.);
#3757 = VERTEX_POINT('',#3758);
#3758 = CARTESIAN_POINT('',(-5.02101545112,19.518936613836,74.0791));
#3759 = LINE('',#3760,#3761);
#3760 = CARTESIAN_POINT('',(-5.02101545112,19.518936613836,74.0791));
#3761 = VECTOR('',#3762,1.);
#3762 = DIRECTION('',(-0.,-0.,-1.));
#3763 = ORIENTED_EDGE('',*,*,#3764,.F.);
#3764 = EDGE_CURVE('',#3748,#3757,#3765,.T.);
#3765 = B_SPLINE_CURVE_WITH_KNOTS('',3,(#3766,#3767,#3768,#3769),
  .UNSPECIFIED.,.F.,.F.,(4,4),(0.,1.),.PIECEWISE_BEZIER_KNOTS.);
#3766 = CARTESIAN_POINT('',(-3.478756705051,20.13718174945,74.0791));
#3767 = CARTESIAN_POINT('',(-3.478756705051,19.734534589465,74.0791));
#3768 = CARTESIAN_POINT('',(-4.019935704658,19.518936613836,74.0791));
#3769 = CARTESIAN_POINT('',(-5.02101545112,19.518936613836,74.0791));
#3770 = SURFACE_OF_LINEAR_EXTRUSION('',#3771,#3776);
#3771 = B_SPLINE_CURVE_WITH_KNOTS('',3,(#3772,#3773,#3774,#3775),
  .UNSPECIFIED.,.F.,.F.,(4,4),(0.,1.),.PIECEWISE_BEZIER_KNOTS.);
#3772 = CARTESIAN_POINT('',(-3.478756705051,20.13718174945,74.0791));
#3773 = CARTESIAN_POINT('',(-3.478756705051,19.734534589465,74.0791));
#3774 = CARTESIAN_POINT('',(-4.019935704658,19.518936613836,74.0791));
#3775 = CARTESIAN_POINT('',(-5.02101545112,19.518936613836,74.0791));
#3776 = VECTOR('',#3777,1.);
#3777 = DIRECTION('',(0.,0.,1.));
#3778 = ADVANCED_FACE('',(#3779),#3798,.F.);
#3779 = FACE_BOUND('',#3780,.F.);
#3780 = EDGE_LOOP('',(#3781,#3789,#3790,#3791));
#3781 = ORIENTED_EDGE('',*,*,#3782,.T.);
#3782 = EDGE_CURVE('',#3783,#3480,#3785,.T.);
#3783 = VERTEX_POINT('',#3784);
#3784 = CARTESIAN_POINT('',(-5.025695580837,20.764943148821,74.0791));
#3785 = LINE('',#3786,#3787);
#3786 = CARTESIAN_POINT('',(-5.025695580837,20.764943148821,74.0791));
#3787 = VECTOR('',#3788,1.);
#3788 = DIRECTION('',(-0.,-0.,-1.));
#3789 = ORIENTED_EDGE('',*,*,#3479,.T.);
#3790 = ORIENTED_EDGE('',*,*,#3747,.F.);
#3791 = ORIENTED_EDGE('',*,*,#3792,.F.);
#3792 = EDGE_CURVE('',#3783,#3748,#3793,.T.);
#3793 = B_SPLINE_CURVE_WITH_KNOTS('',3,(#3794,#3795,#3796,#3797),
  .UNSPECIFIED.,.F.,.F.,(4,4),(0.,1.),.PIECEWISE_BEZIER_KNOTS.);
#3794 = CARTESIAN_POINT('',(-5.025695580837,20.764943148821,74.0791));
#3795 = CARTESIAN_POINT('',(-4.005583306859,20.764943148821,74.0791));
#3796 = CARTESIAN_POINT('',(-3.478756705051,20.549345173192,74.0791));
#3797 = CARTESIAN_POINT('',(-3.478756705051,20.13718174945,74.0791));
#3798 = SURFACE_OF_LINEAR_EXTRUSION('',#3799,#3804);
#3799 = B_SPLINE_CURVE_WITH_KNOTS('',3,(#3800,#3801,#3802,#3803),
  .UNSPECIFIED.,.F.,.F.,(4,4),(0.,1.),.PIECEWISE_BEZIER_KNOTS.);
#3800 = CARTESIAN_POINT('',(-5.025695580837,20.764943148821,74.0791));
#3801 = CARTESIAN_POINT('',(-4.005583306859,20.764943148821,74.0791));
#3802 = CARTESIAN_POINT('',(-3.478756705051,20.549345173192,74.0791));
#3803 = CARTESIAN_POINT('',(-3.478756705051,20.13718174945,74.0791));
#3804 = VECTOR('',#3805,1.);
#3805 = DIRECTION('',(0.,0.,1.));
#3806 = ADVANCED_FACE('',(#3807),#3826,.F.);
#3807 = FACE_BOUND('',#3808,.F.);
#3808 = EDGE_LOOP('',(#3809,#3817,#3818,#3819));
#3809 = ORIENTED_EDGE('',*,*,#3810,.T.);
#3810 = EDGE_CURVE('',#3811,#3489,#3813,.T.);
#3811 = VERTEX_POINT('',#3812);
#3812 = CARTESIAN_POINT('',(-6.534413397268,20.142017883491,74.0791));
#3813 = LINE('',#3814,#3815);
#3814 = CARTESIAN_POINT('',(-6.534413397268,20.142017883491,74.0791));
#3815 = VECTOR('',#3816,1.);
#3816 = DIRECTION('',(-0.,-0.,-1.));
#3817 = ORIENTED_EDGE('',*,*,#3488,.T.);
#3818 = ORIENTED_EDGE('',*,*,#3782,.F.);
#3819 = ORIENTED_EDGE('',*,*,#3820,.F.);
#3820 = EDGE_CURVE('',#3811,#3783,#3821,.T.);
#3821 = B_SPLINE_CURVE_WITH_KNOTS('',3,(#3822,#3823,#3824,#3825),
  .UNSPECIFIED.,.F.,.F.,(4,4),(0.,1.),.PIECEWISE_BEZIER_KNOTS.);
#3822 = CARTESIAN_POINT('',(-6.534413397268,20.142017883491,74.0791));
#3823 = CARTESIAN_POINT('',(-6.534413397268,20.554025302909,74.0791));
#3824 = CARTESIAN_POINT('',(-6.021939193258,20.764943148821,74.0791));
#3825 = CARTESIAN_POINT('',(-5.025695580837,20.764943148821,74.0791));
#3826 = SURFACE_OF_LINEAR_EXTRUSION('',#3827,#3832);
#3827 = B_SPLINE_CURVE_WITH_KNOTS('',3,(#3828,#3829,#3830,#3831),
  .UNSPECIFIED.,.F.,.F.,(4,4),(0.,1.),.PIECEWISE_BEZIER_KNOTS.);
#3828 = CARTESIAN_POINT('',(-6.534413397268,20.142017883491,74.0791));
#3829 = CARTESIAN_POINT('',(-6.534413397268,20.554025302909,74.0791));
#3830 = CARTESIAN_POINT('',(-6.021939193258,20.764943148821,74.0791));
#3831 = CARTESIAN_POINT('',(-5.025695580837,20.764943148821,74.0791));
#3832 = VECTOR('',#3833,1.);
#3833 = DIRECTION('',(0.,0.,1.));
#3834 = ADVANCED_FACE('',(#3835),#3847,.F.);
#3835 = FACE_BOUND('',#3836,.F.);
#3836 = EDGE_LOOP('',(#3837,#3838,#3839,#3840));
#3837 = ORIENTED_EDGE('',*,*,#3756,.T.);
#3838 = ORIENTED_EDGE('',*,*,#3497,.T.);
#3839 = ORIENTED_EDGE('',*,*,#3810,.F.);
#3840 = ORIENTED_EDGE('',*,*,#3841,.F.);
#3841 = EDGE_CURVE('',#3757,#3811,#3842,.T.);
#3842 = B_SPLINE_CURVE_WITH_KNOTS('',3,(#3843,#3844,#3845,#3846),
  .UNSPECIFIED.,.F.,.F.,(4,4),(0.,1.),.PIECEWISE_BEZIER_KNOTS.);
#3843 = CARTESIAN_POINT('',(-5.02101545112,19.518936613836,74.0791));
#3844 = CARTESIAN_POINT('',(-6.021939193258,19.518936613836,74.0791));
#3845 = CARTESIAN_POINT('',(-6.534413397268,19.729854459748,74.0791));
#3846 = CARTESIAN_POINT('',(-6.534413397268,20.142017883491,74.0791));
#3847 = SURFACE_OF_LINEAR_EXTRUSION('',#3848,#3853);
#3848 = B_SPLINE_CURVE_WITH_KNOTS('',3,(#3849,#3850,#3851,#3852),
  .UNSPECIFIED.,.F.,.F.,(4,4),(0.,1.),.PIECEWISE_BEZIER_KNOTS.);
#3849 = CARTESIAN_POINT('',(-5.02101545112,19.518936613836,74.0791));
#3850 = CARTESIAN_POINT('',(-6.021939193258,19.518936613836,74.0791));
#3851 = CARTESIAN_POINT('',(-6.534413397268,19.729854459748,74.0791));
#3852 = CARTESIAN_POINT('',(-6.534413397268,20.142017883491,74.0791));
#3853 = VECTOR('',#3854,1.);
#3854 = DIRECTION('',(0.,0.,1.));
#3855 = ADVANCED_FACE('',(#3856),#3875,.F.);
#3856 = FACE_BOUND('',#3857,.T.);
#3857 = EDGE_LOOP('',(#3858,#3866,#3867,#3868));
#3858 = ORIENTED_EDGE('',*,*,#3859,.T.);
#3859 = EDGE_CURVE('',#3860,#3516,#3862,.T.);
#3860 = VERTEX_POINT('',#3861);
#3861 = CARTESIAN_POINT('',(-7.589014910633,9.70026,67.437));
#3862 = LINE('',#3863,#3864);
#3863 = CARTESIAN_POINT('',(-7.589014910633,9.70026,67.437));
#3864 = VECTOR('',#3865,1.);
#3865 = DIRECTION('',(-1.,0.,0.));
#3866 = ORIENTED_EDGE('',*,*,#3515,.T.);
#3867 = ORIENTED_EDGE('',*,*,#3859,.F.);
#3868 = ORIENTED_EDGE('',*,*,#3869,.F.);
#3869 = EDGE_CURVE('',#3860,#3860,#3870,.T.);
#3870 = CIRCLE('',#3871,2.99974);
#3871 = AXIS2_PLACEMENT_3D('',#3872,#3873,#3874);
#3872 = CARTESIAN_POINT('',(-7.589014910633,12.7,67.437));
#3873 = DIRECTION('',(-1.,0.,0.));
#3874 = DIRECTION('',(0.,-1.,0.));
#3875 = CYLINDRICAL_SURFACE('',#3876,2.99974);
#3876 = AXIS2_PLACEMENT_3D('',#3877,#3878,#3879);
#3877 = CARTESIAN_POINT('',(-7.589014910633,12.7,67.437));
#3878 = DIRECTION('',(1.,0.,0.));
#3879 = DIRECTION('',(0.,-1.,0.));
#3880 = ADVANCED_FACE('',(#3881),#3900,.F.);
#3881 = FACE_BOUND('',#3882,.T.);
#3882 = EDGE_LOOP('',(#3883,#3891,#3892,#3893));
#3883 = ORIENTED_EDGE('',*,*,#3884,.T.);
#3884 = EDGE_CURVE('',#3885,#3591,#3887,.T.);
#3885 = VERTEX_POINT('',#3886);
#3886 = CARTESIAN_POINT('',(-7.589014910633,-15.69974,67.437));
#3887 = LINE('',#3888,#3889);
#3888 = CARTESIAN_POINT('',(-7.589014910633,-15.69974,67.437));
#3889 = VECTOR('',#3890,1.);
#3890 = DIRECTION('',(-1.,0.,0.));
#3891 = ORIENTED_EDGE('',*,*,#3590,.T.);
#3892 = ORIENTED_EDGE('',*,*,#3884,.F.);
#3893 = ORIENTED_EDGE('',*,*,#3894,.F.);
#3894 = EDGE_CURVE('',#3885,#3885,#3895,.T.);
#3895 = CIRCLE('',#3896,2.99974);
#3896 = AXIS2_PLACEMENT_3D('',#3897,#3898,#3899);
#3897 = CARTESIAN_POINT('',(-7.589014910633,-12.7,67.437));
#3898 = DIRECTION('',(-1.,0.,0.));
#3899 = DIRECTION('',(0.,-1.,0.));
#3900 = CYLINDRICAL_SURFACE('',#3901,2.99974);
#3901 = AXIS2_PLACEMENT_3D('',#3902,#3903,#3904);
#3902 = CARTESIAN_POINT('',(-7.589014910633,-12.7,67.437));
#3903 = DIRECTION('',(1.,0.,0.));
#3904 = DIRECTION('',(0.,-1.,0.));
#3905 = ADVANCED_FACE('',(#3906),#3913,.T.);
#3906 = FACE_BOUND('',#3907,.T.);
#3907 = EDGE_LOOP('',(#3908,#3909,#3910,#3911,#3912));
#3908 = ORIENTED_EDGE('',*,*,#3624,.F.);
#3909 = ORIENTED_EDGE('',*,*,#3652,.F.);
#3910 = ORIENTED_EDGE('',*,*,#3680,.F.);
#3911 = ORIENTED_EDGE('',*,*,#3708,.F.);
#3912 = ORIENTED_EDGE('',*,*,#3729,.F.);
#3913 = PLANE('',#3914);
#3914 = AXIS2_PLACEMENT_3D('',#3915,#3916,#3917);
#3915 = CARTESIAN_POINT('',(-7.589014910633,22.225,74.0791));
#3916 = DIRECTION('',(0.,2.22044604925E-16,1.));
#3917 = DIRECTION('',(1.,0.,0.));
#3918 = ADVANCED_FACE('',(#3919),#3925,.T.);
#3919 = FACE_BOUND('',#3920,.T.);
#3920 = EDGE_LOOP('',(#3921,#3922,#3923,#3924));
#3921 = ORIENTED_EDGE('',*,*,#3764,.F.);
#3922 = ORIENTED_EDGE('',*,*,#3792,.F.);
#3923 = ORIENTED_EDGE('',*,*,#3820,.F.);
#3924 = ORIENTED_EDGE('',*,*,#3841,.F.);
#3925 = PLANE('',#3926);
#3926 = AXIS2_PLACEMENT_3D('',#3927,#3928,#3929);
#3927 = CARTESIAN_POINT('',(-7.589014910633,22.225,74.0791));
#3928 = DIRECTION('',(0.,2.22044604925E-16,1.));
#3929 = DIRECTION('',(1.,0.,0.));
#3930 = ADVANCED_FACE('',(#3931),#3934,.F.);
#3931 = FACE_BOUND('',#3932,.F.);
#3932 = EDGE_LOOP('',(#3933));
#3933 = ORIENTED_EDGE('',*,*,#3869,.F.);
#3934 = PLANE('',#3935);
#3935 = AXIS2_PLACEMENT_3D('',#3936,#3937,#3938);
#3936 = CARTESIAN_POINT('',(-7.589014910633,22.225,74.0791));
#3937 = DIRECTION('',(1.,0.,0.));
#3938 = DIRECTION('',(0.,-2.22044604925E-16,-1.));
#3939 = ADVANCED_FACE('',(#3940),#3943,.F.);
#3940 = FACE_BOUND('',#3941,.F.);
#3941 = EDGE_LOOP('',(#3942));
#3942 = ORIENTED_EDGE('',*,*,#3894,.F.);
#3943 = PLANE('',#3944);
#3944 = AXIS2_PLACEMENT_3D('',#3945,#3946,#3947);
#3945 = CARTESIAN_POINT('',(-7.589014910633,22.225,74.0791));
#3946 = DIRECTION('',(1.,0.,0.));
#3947 = DIRECTION('',(0.,-2.22044604925E-16,-1.));
#3948 = ADVANCED_FACE('',(#3949),#3959,.T.);
#3949 = FACE_BOUND('',#3950,.T.);
#3950 = EDGE_LOOP('',(#3951,#3952,#3953,#3954,#3955,#3956,#3957,#3958));
#3951 = ORIENTED_EDGE('',*,*,#48,.F.);
#3952 = ORIENTED_EDGE('',*,*,#125,.T.);
#3953 = ORIENTED_EDGE('',*,*,#975,.F.);
#3954 = ORIENTED_EDGE('',*,*,#3207,.T.);
#3955 = ORIENTED_EDGE('',*,*,#3571,.T.);
#3956 = ORIENTED_EDGE('',*,*,#3548,.T.);
#3957 = ORIENTED_EDGE('',*,*,#3062,.F.);
#3958 = ORIENTED_EDGE('',*,*,#853,.F.);
#3959 = PLANE('',#3960);
#3960 = AXIS2_PLACEMENT_3D('',#3961,#3962,#3963);
#3961 = CARTESIAN_POINT('',(5.818685916581,22.225,67.384176476492));
#3962 = DIRECTION('',(0.,1.,0.));
#3963 = DIRECTION('',(0.,-0.,1.));
#3964 = ADVANCED_FACE('',(#3965),#3975,.T.);
#3965 = FACE_BOUND('',#3966,.T.);
#3966 = EDGE_LOOP('',(#3967,#3968,#3969,#3970,#3971,#3972,#3973,#3974));
#3967 = ORIENTED_EDGE('',*,*,#1057,.T.);
#3968 = ORIENTED_EDGE('',*,*,#837,.T.);
#3969 = ORIENTED_EDGE('',*,*,#3052,.T.);
#3970 = ORIENTED_EDGE('',*,*,#3532,.F.);
#3971 = ORIENTED_EDGE('',*,*,#3563,.F.);
#3972 = ORIENTED_EDGE('',*,*,#3198,.F.);
#3973 = ORIENTED_EDGE('',*,*,#958,.T.);
#3974 = ORIENTED_EDGE('',*,*,#109,.F.);
#3975 = PLANE('',#3976);
#3976 = AXIS2_PLACEMENT_3D('',#3977,#3978,#3979);
#3977 = CARTESIAN_POINT('',(5.818685916581,-22.225,67.384176476492));
#3978 = DIRECTION('',(5.319669438755E-16,-1.,-0.));
#3979 = DIRECTION('',(-1.,-5.319669438755E-16,0.));
#3980 = ( GEOMETRIC_REPRESENTATION_CONTEXT(3) 
GLOBAL_UNCERTAINTY_ASSIGNED_CONTEXT((#3984)) 
GLOBAL_UNIT_ASSIGNED_CONTEXT((#3981,#3982,#3983)) REPRESENTATION_CONTEXT
('Context #1','3D Context with UNIT and UNCERTAINTY') );
#3981 = ( LENGTH_UNIT() NAMED_UNIT(*) SI_UNIT(.MILLI.,.METRE.) );
#3982 = ( NAMED_UNIT(*) PLANE_ANGLE_UNIT() SI_UNIT($,.RADIAN.) );
#3983 = ( NAMED_UNIT(*) SI_UNIT($,.STERADIAN.) SOLID_ANGLE_UNIT() );
#3984 = UNCERTAINTY_MEASURE_WITH_UNIT(LENGTH_MEASURE(1.E-05),#3981,
  'distance_accuracy_value','confusion accuracy');
#3985 = PRODUCT_RELATED_PRODUCT_CATEGORY('part',$,(#7));
#3986 = MECHANICAL_DESIGN_GEOMETRIC_PRESENTATION_REPRESENTATION('',(
    #3987),#3980);
#3987 = STYLED_ITEM('color',(#3988),#15);
#3988 = PRESENTATION_STYLE_ASSIGNMENT((#3989,#3995));
#3989 = SURFACE_STYLE_USAGE(.BOTH.,#3990);
#3990 = SURFACE_SIDE_STYLE('',(#3991));
#3991 = SURFACE_STYLE_FILL_AREA(#3992);
#3992 = FILL_AREA_STYLE('',(#3993));
#3993 = FILL_AREA_STYLE_COLOUR('',#3994);
#3994 = COLOUR_RGB('',0.678431390124,0.709803936702,0.741176476869);
#3995 = CURVE_STYLE('',#3996,POSITIVE_LENGTH_MEASURE(0.1),#3997);
#3996 = DRAUGHTING_PRE_DEFINED_CURVE_FONT('continuous');
#3997 = COLOUR_RGB('',9.803921802644E-02,9.803921802644E-02,
  9.803921802644E-02);
ENDSEC;
END-ISO-10303-21;
