ISO-10303-21;
HEADER;
FILE_DESCRIPTION(('FreeCAD Model'),'2;1');
FILE_NAME('Open CASCADE Shape Model','2026-06-11T06:29:44',(''),(''),
  'Open CASCADE STEP processor 7.8','FreeCAD','Unknown');
FILE_SCHEMA(('AUTOMOTIVE_DESIGN { 1 0 10303 214 1 1 1 1 }'));
ENDSEC;
DATA;
#1 = APPLICATION_PROTOCOL_DEFINITION('international standard',
  'automotive_design',2000,#2);
#2 = APPLICATION_CONTEXT(
  'core data for automotive mechanical design processes');
#3 = SHAPE_DEFINITION_REPRESENTATION(#4,#10);
#4 = PRODUCT_DEFINITION_SHAPE('','',#5);
#5 = PRODUCT_DEFINITION('design','',#6,#9);
#6 = PRODUCT_DEFINITION_FORMATION('','',#7);
#7 = PRODUCT('Pocket002','Pocket002','',(#8));
#8 = PRODUCT_CONTEXT('',#2,'mechanical');
#9 = PRODUCT_DEFINITION_CONTEXT('part definition',#2,'design');
#10 = ADVANCED_BREP_SHAPE_REPRESENTATION('',(#11,#15),#3817);
#11 = AXIS2_PLACEMENT_3D('',#12,#13,#14);
#12 = CARTESIAN_POINT('',(0.,0.,0.));
#13 = DIRECTION('',(0.,0.,1.));
#14 = DIRECTION('',(1.,0.,-0.));
#15 = MANIFOLD_SOLID_BREP('',#16);
#16 = CLOSED_SHELL('',(#17,#58,#834,#867,#892,#962,#1020,#1053,#1071,
    #1136,#1153,#1180,#1211,#1235,#1259,#1287,#1311,#1335,#1359,#1383,
    #1400,#1431,#1459,#1483,#1507,#1535,#1559,#1583,#1611,#1639,#1667,
    #1695,#1723,#1751,#1779,#1807,#1835,#1863,#1891,#1919,#1947,#1964,
    #1999,#2027,#2055,#2083,#2111,#2128,#2163,#2191,#2219,#2247,#2275,
    #2292,#2327,#2355,#2383,#2411,#2439,#2467,#2495,#2523,#2551,#2579,
    #2607,#2635,#2663,#2691,#2719,#2743,#2771,#2799,#2827,#2855,#2872,
    #2907,#2935,#2963,#2984,#3015,#3039,#3067,#3091,#3115,#3139,#3163,
    #3191,#3219,#3243,#3271,#3288,#3345,#3388,#3453,#3471,#3489,#3501,
    #3527,#3562,#3574,#3591,#3620,#3634,#3648,#3677,#3689,#3709,#3729,
    #3749,#3774,#3799,#3808));
#17 = ADVANCED_FACE('',(#18),#53,.F.);
#18 = FACE_BOUND('',#19,.F.);
#19 = EDGE_LOOP('',(#20,#30,#39,#47));
#20 = ORIENTED_EDGE('',*,*,#21,.T.);
#21 = EDGE_CURVE('',#22,#24,#26,.T.);
#22 = VERTEX_POINT('',#23);
#23 = CARTESIAN_POINT('',(-20.40446637272,22.225,74.0791));
#24 = VERTEX_POINT('',#25);
#25 = CARTESIAN_POINT('',(-20.40446637272,17.045850186097,74.0791));
#26 = LINE('',#27,#28);
#27 = CARTESIAN_POINT('',(-20.40446637272,22.225,74.0791));
#28 = VECTOR('',#29,1.);
#29 = DIRECTION('',(0.,-1.,2.22044604925E-16));
#30 = ORIENTED_EDGE('',*,*,#31,.T.);
#31 = EDGE_CURVE('',#24,#32,#34,.T.);
#32 = VERTEX_POINT('',#33);
#33 = CARTESIAN_POINT('',(-20.40446637272,17.045850186097,60.7949));
#34 = CIRCLE('',#35,7.9375);
#35 = AXIS2_PLACEMENT_3D('',#36,#37,#38);
#36 = CARTESIAN_POINT('',(-20.40446637272,12.7,67.437));
#37 = DIRECTION('',(-1.,0.,0.));
#38 = DIRECTION('',(0.,-1.,0.));
#39 = ORIENTED_EDGE('',*,*,#40,.F.);
#40 = EDGE_CURVE('',#41,#32,#43,.T.);
#41 = VERTEX_POINT('',#42);
#42 = CARTESIAN_POINT('',(-20.40446637272,22.225,60.7949));
#43 = LINE('',#44,#45);
#44 = CARTESIAN_POINT('',(-20.40446637272,22.225,60.7949));
#45 = VECTOR('',#46,1.);
#46 = DIRECTION('',(0.,-1.,2.22044604925E-16));
#47 = ORIENTED_EDGE('',*,*,#48,.F.);
#48 = EDGE_CURVE('',#22,#41,#49,.T.);
#49 = LINE('',#50,#51);
#50 = CARTESIAN_POINT('',(-20.40446637272,22.225,74.0791));
#51 = VECTOR('',#52,1.);
#52 = DIRECTION('',(0.,-2.22044604925E-16,-1.));
#53 = PLANE('',#54);
#54 = AXIS2_PLACEMENT_3D('',#55,#56,#57);
#55 = CARTESIAN_POINT('',(-20.40446637272,22.225,74.0791));
#56 = DIRECTION('',(1.,0.,0.));
#57 = DIRECTION('',(0.,-2.22044604925E-16,-1.));
#58 = ADVANCED_FACE('',(#59,#130,#205,#390,#445,#500,#689,#727),#829,.T.
  );
#59 = FACE_BOUND('',#60,.T.);
#60 = EDGE_LOOP('',(#61,#62,#77,#85,#100,#108,#116,#124));
#61 = ORIENTED_EDGE('',*,*,#21,.T.);
#62 = ORIENTED_EDGE('',*,*,#63,.F.);
#63 = EDGE_CURVE('',#64,#24,#66,.T.);
#64 = VERTEX_POINT('',#65);
#65 = CARTESIAN_POINT('',(-20.40446637272,8.354149813903,74.0791));
#66 = ( BOUNDED_CURVE() B_SPLINE_CURVE(9,(#67,#68,#69,#70,#71,#72,#73,
#74,#75,#76),.UNSPECIFIED.,.F.,.F.) B_SPLINE_CURVE_WITH_KNOTS((10,10),(
4.721600563207,10.240234449514),.PIECEWISE_BEZIER_KNOTS.) CURVE() 
GEOMETRIC_REPRESENTATION_ITEM() RATIONAL_B_SPLINE_CURVE((1.,1.,1.,1.,1.,
1.,1.,1.,1.,1.)) REPRESENTATION_ITEM('') );
#67 = CARTESIAN_POINT('',(-20.40446637272,8.354149813903,74.0791));
#68 = CARTESIAN_POINT('',(-20.40446637272,9.575431456238,74.0791));
#69 = CARTESIAN_POINT('',(-20.40446637272,10.565259545603,74.0791));
#70 = CARTESIAN_POINT('',(-20.40446637272,11.457106374514,74.0791));
#71 = CARTESIAN_POINT('',(-20.40446637272,12.289287533422,74.0791));
#72 = CARTESIAN_POINT('',(-20.40446637272,13.110712466578,74.0791));
#73 = CARTESIAN_POINT('',(-20.40446637272,13.942893625486,74.0791));
#74 = CARTESIAN_POINT('',(-20.40446637272,14.834740454397,74.0791));
#75 = CARTESIAN_POINT('',(-20.40446637272,15.824568543762,74.0791));
#76 = CARTESIAN_POINT('',(-20.40446637272,17.045850186097,74.0791));
#77 = ORIENTED_EDGE('',*,*,#78,.T.);
#78 = EDGE_CURVE('',#64,#79,#81,.T.);
#79 = VERTEX_POINT('',#80);
#80 = CARTESIAN_POINT('',(-20.40446637272,-8.354149813903,74.0791));
#81 = LINE('',#82,#83);
#82 = CARTESIAN_POINT('',(-20.40446637272,22.225,74.0791));
#83 = VECTOR('',#84,1.);
#84 = DIRECTION('',(0.,-1.,2.22044604925E-16));
#85 = ORIENTED_EDGE('',*,*,#86,.F.);
#86 = EDGE_CURVE('',#87,#79,#89,.T.);
#87 = VERTEX_POINT('',#88);
#88 = CARTESIAN_POINT('',(-20.40446637272,-17.04585018609,74.0791));
#89 = ( BOUNDED_CURVE() B_SPLINE_CURVE(9,(#90,#91,#92,#93,#94,#95,#96,
#97,#98,#99),.UNSPECIFIED.,.F.,.F.) B_SPLINE_CURVE_WITH_KNOTS((10,10),(
4.721600563207,10.240234449514),.PIECEWISE_BEZIER_KNOTS.) CURVE() 
GEOMETRIC_REPRESENTATION_ITEM() RATIONAL_B_SPLINE_CURVE((1.,1.,1.,1.,1.,
1.,1.,1.,1.,1.)) REPRESENTATION_ITEM('') );
#90 = CARTESIAN_POINT('',(-20.40446637272,-17.04585018609,74.0791));
#91 = CARTESIAN_POINT('',(-20.40446637272,-15.82456854376,74.0791));
#92 = CARTESIAN_POINT('',(-20.40446637272,-14.83474045439,74.0791));
#93 = CARTESIAN_POINT('',(-20.40446637272,-13.94289362548,74.0791));
#94 = CARTESIAN_POINT('',(-20.40446637272,-13.11071246657,74.0791));
#95 = CARTESIAN_POINT('',(-20.40446637272,-12.28928753342,74.0791));
#96 = CARTESIAN_POINT('',(-20.40446637272,-11.45710637451,74.0791));
#97 = CARTESIAN_POINT('',(-20.40446637272,-10.5652595456,74.0791));
#98 = CARTESIAN_POINT('',(-20.40446637272,-9.575431456238,74.0791));
#99 = CARTESIAN_POINT('',(-20.40446637272,-8.354149813903,74.0791));
#100 = ORIENTED_EDGE('',*,*,#101,.T.);
#101 = EDGE_CURVE('',#87,#102,#104,.T.);
#102 = VERTEX_POINT('',#103);
#103 = CARTESIAN_POINT('',(-20.40446637272,-22.225,74.0791));
#104 = LINE('',#105,#106);
#105 = CARTESIAN_POINT('',(-20.40446637272,22.225,74.0791));
#106 = VECTOR('',#107,1.);
#107 = DIRECTION('',(0.,-1.,2.22044604925E-16));
#108 = ORIENTED_EDGE('',*,*,#109,.T.);
#109 = EDGE_CURVE('',#102,#110,#112,.T.);
#110 = VERTEX_POINT('',#111);
#111 = CARTESIAN_POINT('',(-15.32446637272,-22.225,74.0791));
#112 = LINE('',#113,#114);
#113 = CARTESIAN_POINT('',(-20.40446637272,-22.225,74.0791));
#114 = VECTOR('',#115,1.);
#115 = DIRECTION('',(1.,0.,0.));
#116 = ORIENTED_EDGE('',*,*,#117,.F.);
#117 = EDGE_CURVE('',#118,#110,#120,.T.);
#118 = VERTEX_POINT('',#119);
#119 = CARTESIAN_POINT('',(-15.32446637272,22.225,74.0791));
#120 = LINE('',#121,#122);
#121 = CARTESIAN_POINT('',(-15.32446637272,22.225,74.0791));
#122 = VECTOR('',#123,1.);
#123 = DIRECTION('',(0.,-1.,2.22044604925E-16));
#124 = ORIENTED_EDGE('',*,*,#125,.F.);
#125 = EDGE_CURVE('',#22,#118,#126,.T.);
#126 = LINE('',#127,#128);
#127 = CARTESIAN_POINT('',(-20.40446637272,22.225,74.0791));
#128 = VECTOR('',#129,1.);
#129 = DIRECTION('',(1.,0.,0.));
#130 = FACE_BOUND('',#131,.T.);
#131 = EDGE_LOOP('',(#132,#142,#150,#158,#166,#174,#182,#191,#199));
#132 = ORIENTED_EDGE('',*,*,#133,.F.);
#133 = EDGE_CURVE('',#134,#136,#138,.T.);
#134 = VERTEX_POINT('',#135);
#135 = CARTESIAN_POINT('',(-16.22946637272,13.614484962893,74.0791));
#136 = VERTEX_POINT('',#137);
#137 = CARTESIAN_POINT('',(-16.22946637272,15.387786112657,74.0791));
#138 = LINE('',#139,#140);
#139 = CARTESIAN_POINT('',(-16.22946637272,13.614484962893,74.0791));
#140 = VECTOR('',#141,1.);
#141 = DIRECTION('',(2.22044604925E-16,1.,0.));
#142 = ORIENTED_EDGE('',*,*,#143,.F.);
#143 = EDGE_CURVE('',#144,#134,#146,.T.);
#144 = VERTEX_POINT('',#145);
#145 = CARTESIAN_POINT('',(-16.30622050007,13.614484962893,74.0791));
#146 = LINE('',#147,#148);
#147 = CARTESIAN_POINT('',(-16.30622050007,13.614484962893,74.0791));
#148 = VECTOR('',#149,1.);
#149 = DIRECTION('',(1.,-2.22044604925E-16,0.));
#150 = ORIENTED_EDGE('',*,*,#151,.F.);
#151 = EDGE_CURVE('',#152,#144,#154,.T.);
#152 = VERTEX_POINT('',#153);
#153 = CARTESIAN_POINT('',(-19.44440347963,14.63054112445,74.0791));
#154 = LINE('',#155,#156);
#155 = CARTESIAN_POINT('',(-19.44440347963,14.63054112445,74.0791));
#156 = VECTOR('',#157,1.);
#157 = DIRECTION('',(0.951376868482,-0.308029307239,0.));
#158 = ORIENTED_EDGE('',*,*,#159,.F.);
#159 = EDGE_CURVE('',#160,#152,#162,.T.);
#160 = VERTEX_POINT('',#161);
#161 = CARTESIAN_POINT('',(-19.44440347963,14.942081759277,74.0791));
#162 = LINE('',#163,#164);
#163 = CARTESIAN_POINT('',(-19.44440347963,14.942081759277,74.0791));
#164 = VECTOR('',#165,1.);
#165 = DIRECTION('',(-2.22044604925E-16,-1.,0.));
#166 = ORIENTED_EDGE('',*,*,#167,.F.);
#167 = EDGE_CURVE('',#168,#160,#170,.T.);
#168 = VERTEX_POINT('',#169);
#169 = CARTESIAN_POINT('',(-16.58422020526,13.993107456997,74.0791));
#170 = LINE('',#171,#172);
#171 = CARTESIAN_POINT('',(-16.58422020526,13.993107456997,74.0791));
#172 = VECTOR('',#173,1.);
#173 = DIRECTION('',(-0.949122411255,0.314907364877,0.));
#174 = ORIENTED_EDGE('',*,*,#175,.F.);
#175 = EDGE_CURVE('',#176,#168,#178,.T.);
#176 = VERTEX_POINT('',#177);
#177 = CARTESIAN_POINT('',(-16.58422020526,15.03303228011,74.0791));
#178 = LINE('',#179,#180);
#179 = CARTESIAN_POINT('',(-16.58422020526,15.03303228011,74.0791));
#180 = VECTOR('',#181,1.);
#181 = DIRECTION('',(-2.22044604925E-16,-1.,0.));
#182 = ORIENTED_EDGE('',*,*,#183,.F.);
#183 = EDGE_CURVE('',#184,#176,#186,.T.);
#184 = VERTEX_POINT('',#185);
#185 = CARTESIAN_POINT('',(-16.97298298042,15.589031690487,74.0791));
#186 = B_SPLINE_CURVE_WITH_KNOTS('',3,(#187,#188,#189,#190),
  .UNSPECIFIED.,.F.,.F.,(4,4),(0.,1.),.PIECEWISE_BEZIER_KNOTS.);
#187 = CARTESIAN_POINT('',(-16.97298298042,15.589031690487,74.0791));
#188 = CARTESIAN_POINT('',(-16.65130206454,15.392466242374,74.0791));
#189 = CARTESIAN_POINT('',(-16.58890033498,15.301515721541,74.0791));
#190 = CARTESIAN_POINT('',(-16.58422020526,15.03303228011,74.0791));
#191 = ORIENTED_EDGE('',*,*,#192,.F.);
#192 = EDGE_CURVE('',#193,#184,#195,.T.);
#193 = VERTEX_POINT('',#194);
#194 = CARTESIAN_POINT('',(-16.93444991242,15.670465947563,74.0791));
#195 = LINE('',#196,#197);
#196 = CARTESIAN_POINT('',(-16.93444991242,15.670465947563,74.0791));
#197 = VECTOR('',#198,1.);
#198 = DIRECTION('',(-0.427714124201,-0.903914060052,0.));
#199 = ORIENTED_EDGE('',*,*,#200,.F.);
#200 = EDGE_CURVE('',#136,#193,#201,.T.);
#201 = LINE('',#202,#203);
#202 = CARTESIAN_POINT('',(-16.22946637272,15.387786112657,74.0791));
#203 = VECTOR('',#204,1.);
#204 = DIRECTION('',(-0.928164735365,0.372169617278,0.));
#205 = FACE_BOUND('',#206,.T.);
#206 = EDGE_LOOP('',(#207,#217,#225,#234,#243,#252,#261,#270,#279,#288,
    #297,#306,#315,#324,#333,#342,#350,#358,#367,#375,#383));
#207 = ORIENTED_EDGE('',*,*,#208,.F.);
#208 = EDGE_CURVE('',#209,#211,#213,.T.);
#209 = VERTEX_POINT('',#210);
#210 = CARTESIAN_POINT('',(-16.60808886682,12.502642146462,74.0791));
#211 = VERTEX_POINT('',#212);
#212 = CARTESIAN_POINT('',(-16.60808886682,11.563340112264,74.0791));
#213 = LINE('',#214,#215);
#214 = CARTESIAN_POINT('',(-16.60808886682,12.502642146462,74.0791));
#215 = VECTOR('',#216,1.);
#216 = DIRECTION('',(-2.22044604925E-16,-1.,0.));
#217 = ORIENTED_EDGE('',*,*,#218,.F.);
#218 = EDGE_CURVE('',#219,#209,#221,.T.);
#219 = VERTEX_POINT('',#220);
#220 = CARTESIAN_POINT('',(-17.01635218246,12.703887724292,74.0791));
#221 = LINE('',#222,#223);
#222 = CARTESIAN_POINT('',(-17.01635218246,12.703887724292,74.0791));
#223 = VECTOR('',#224,1.);
#224 = DIRECTION('',(0.896949078742,-0.442133859984,0.));
#225 = ORIENTED_EDGE('',*,*,#226,.F.);
#226 = EDGE_CURVE('',#227,#219,#229,.T.);
#227 = VERTEX_POINT('',#228);
#228 = CARTESIAN_POINT('',(-17.43881189158,11.654446637421,74.0791));
#229 = B_SPLINE_CURVE_WITH_KNOTS('',3,(#230,#231,#232,#233),
  .UNSPECIFIED.,.F.,.F.,(4,4),(0.,1.),.PIECEWISE_BEZIER_KNOTS.);
#230 = CARTESIAN_POINT('',(-17.43881189158,11.654446637421,74.0791));
#231 = CARTESIAN_POINT('',(-17.22758203702,11.865364483333,74.0791));
#232 = CARTESIAN_POINT('',(-17.1171309757,12.138528054481,74.0791));
#233 = CARTESIAN_POINT('',(-17.01635218246,12.703887724292,74.0791));
#234 = ORIENTED_EDGE('',*,*,#235,.F.);
#235 = EDGE_CURVE('',#236,#227,#238,.T.);
#236 = VERTEX_POINT('',#237);
#237 = CARTESIAN_POINT('',(-18.24551025047,11.328553604796,74.0791));
#238 = B_SPLINE_CURVE_WITH_KNOTS('',3,(#239,#240,#241,#242),
  .UNSPECIFIED.,.F.,.F.,(4,4),(0.,1.),.PIECEWISE_BEZIER_KNOTS.);
#239 = CARTESIAN_POINT('',(-18.24551025047,11.328553604796,74.0791));
#240 = CARTESIAN_POINT('',(-17.89980466871,11.328553604796,74.0791));
#241 = CARTESIAN_POINT('',(-17.67890254606,11.419660129953,74.0791));
#242 = CARTESIAN_POINT('',(-17.43881189158,11.654446637421,74.0791));
#243 = ORIENTED_EDGE('',*,*,#244,.F.);
#244 = EDGE_CURVE('',#245,#236,#247,.T.);
#245 = VERTEX_POINT('',#246);
#246 = CARTESIAN_POINT('',(-19.10025794111,11.64477436934,74.0791));
#247 = B_SPLINE_CURVE_WITH_KNOTS('',3,(#248,#249,#250,#251),
  .UNSPECIFIED.,.F.,.F.,(4,4),(0.,1.),.PIECEWISE_BEZIER_KNOTS.);
#248 = CARTESIAN_POINT('',(-19.10025794111,11.64477436934,74.0791));
#249 = CARTESIAN_POINT('',(-18.88419195251,11.429176393711,74.0791));
#250 = CARTESIAN_POINT('',(-18.61040436407,11.328553604796,74.0791));
#251 = CARTESIAN_POINT('',(-18.24551025047,11.328553604796,74.0791));
#252 = ORIENTED_EDGE('',*,*,#253,.F.);
#253 = EDGE_CURVE('',#254,#245,#256,.T.);
#254 = VERTEX_POINT('',#255);
#255 = CARTESIAN_POINT('',(-19.47435630982,12.632125735299,74.0791));
#256 = B_SPLINE_CURVE_WITH_KNOTS('',3,(#257,#258,#259,#260),
  .UNSPECIFIED.,.F.,.F.,(4,4),(0.,1.),.PIECEWISE_BEZIER_KNOTS.);
#257 = CARTESIAN_POINT('',(-19.47435630982,12.632125735299,74.0791));
#258 = CARTESIAN_POINT('',(-19.47435630982,12.234314709355,74.0791));
#259 = CARTESIAN_POINT('',(-19.34502872531,11.88923314489,74.0791));
#260 = CARTESIAN_POINT('',(-19.10025794111,11.64477436934,74.0791));
#261 = ORIENTED_EDGE('',*,*,#262,.F.);
#262 = EDGE_CURVE('',#263,#254,#265,.T.);
#263 = VERTEX_POINT('',#264);
#264 = CARTESIAN_POINT('',(-19.17701206847,13.21667393695,74.0791));
#265 = B_SPLINE_CURVE_WITH_KNOTS('',3,(#266,#267,#268,#269),
  .UNSPECIFIED.,.F.,.F.,(4,4),(0.,1.),.PIECEWISE_BEZIER_KNOTS.);
#266 = CARTESIAN_POINT('',(-19.17701206847,13.21667393695,74.0791));
#267 = CARTESIAN_POINT('',(-19.35938112311,13.21667393695,74.0791));
#268 = CARTESIAN_POINT('',(-19.47435630982,12.99623982728,74.0791));
#269 = CARTESIAN_POINT('',(-19.47435630982,12.632125735299,74.0791));
#270 = ORIENTED_EDGE('',*,*,#271,.F.);
#271 = EDGE_CURVE('',#272,#263,#274,.T.);
#272 = VERTEX_POINT('',#273);
#273 = CARTESIAN_POINT('',(-18.99947914787,13.01542835912,74.0791));
#274 = B_SPLINE_CURVE_WITH_KNOTS('',3,(#275,#276,#277,#278),
  .UNSPECIFIED.,.F.,.F.,(4,4),(0.,1.),.PIECEWISE_BEZIER_KNOTS.);
#275 = CARTESIAN_POINT('',(-18.99947914787,13.01542835912,74.0791));
#276 = CARTESIAN_POINT('',(-18.99947914787,13.149592077673,74.0791));
#277 = CARTESIAN_POINT('',(-19.05704474339,13.21667393695,74.0791));
#278 = CARTESIAN_POINT('',(-19.17701206847,13.21667393695,74.0791));
#279 = ORIENTED_EDGE('',*,*,#280,.F.);
#280 = EDGE_CURVE('',#281,#272,#283,.T.);
#281 = VERTEX_POINT('',#282);
#282 = CARTESIAN_POINT('',(-19.15782353663,12.646478133098,74.0791));
#283 = B_SPLINE_CURVE_WITH_KNOTS('',3,(#284,#285,#286,#287),
  .UNSPECIFIED.,.F.,.F.,(4,4),(0.,1.),.PIECEWISE_BEZIER_KNOTS.);
#284 = CARTESIAN_POINT('',(-19.15782353663,12.646478133098,74.0791));
#285 = CARTESIAN_POINT('',(-19.04269234559,12.799830383491,74.0791));
#286 = CARTESIAN_POINT('',(-18.99947914787,12.905289306447,74.0791));
#287 = CARTESIAN_POINT('',(-18.99947914787,13.01542835912,74.0791));
#288 = ORIENTED_EDGE('',*,*,#289,.F.);
#289 = EDGE_CURVE('',#290,#281,#292,.T.);
#290 = VERTEX_POINT('',#291);
#291 = CARTESIAN_POINT('',(-19.29713539787,12.33010136423,74.0791));
#292 = B_SPLINE_CURVE_WITH_KNOTS('',3,(#293,#294,#295,#296),
  .UNSPECIFIED.,.F.,.F.,(4,4),(0.,1.),.PIECEWISE_BEZIER_KNOTS.);
#293 = CARTESIAN_POINT('',(-19.29713539787,12.33010136423,74.0791));
#294 = CARTESIAN_POINT('',(-19.29713539787,12.426044023428,74.0791));
#295 = CARTESIAN_POINT('',(-19.26343846391,12.502642146462,74.0791));
#296 = CARTESIAN_POINT('',(-19.15782353663,12.646478133098,74.0791));
#297 = ORIENTED_EDGE('',*,*,#298,.F.);
#298 = EDGE_CURVE('',#299,#290,#301,.T.);
#299 = VERTEX_POINT('',#300);
#300 = CARTESIAN_POINT('',(-18.47608464119,11.663962901179,74.0791));
#301 = B_SPLINE_CURVE_WITH_KNOTS('',3,(#302,#303,#304,#305),
  .UNSPECIFIED.,.F.,.F.,(4,4),(0.,1.),.PIECEWISE_BEZIER_KNOTS.);
#302 = CARTESIAN_POINT('',(-18.47608464119,11.663962901179,74.0791));
#303 = CARTESIAN_POINT('',(-18.93692141399,11.663962901179,74.0791));
#304 = CARTESIAN_POINT('',(-19.29713539787,11.951478870126,74.0791));
#305 = CARTESIAN_POINT('',(-19.29713539787,12.33010136423,74.0791));
#306 = ORIENTED_EDGE('',*,*,#307,.F.);
#307 = EDGE_CURVE('',#308,#299,#310,.T.);
#308 = VERTEX_POINT('',#309);
#309 = CARTESIAN_POINT('',(-17.52523828702,12.464265082783,74.0791));
#310 = B_SPLINE_CURVE_WITH_KNOTS('',3,(#311,#312,#313,#314),
  .UNSPECIFIED.,.F.,.F.,(4,4),(0.,1.),.PIECEWISE_BEZIER_KNOTS.);
#311 = CARTESIAN_POINT('',(-17.52523828702,12.464265082783,74.0791));
#312 = CARTESIAN_POINT('',(-17.70292721195,11.91325781077,74.0791));
#313 = CARTESIAN_POINT('',(-17.99590333223,11.663962901179,74.0791));
#314 = CARTESIAN_POINT('',(-18.47608464119,11.663962901179,74.0791));
#315 = ORIENTED_EDGE('',*,*,#316,.F.);
#316 = EDGE_CURVE('',#317,#308,#319,.T.);
#317 = VERTEX_POINT('',#318);
#318 = CARTESIAN_POINT('',(-17.42929562783,13.005912095362,74.0791));
#319 = B_SPLINE_CURVE_WITH_KNOTS('',3,(#320,#321,#322,#323),
  .UNSPECIFIED.,.F.,.F.,(4,4),(0.,1.),.PIECEWISE_BEZIER_KNOTS.);
#320 = CARTESIAN_POINT('',(-17.42929562783,13.005912095362,74.0791));
#321 = CARTESIAN_POINT('',(-17.42929562783,12.852559844969,74.0791));
#322 = CARTESIAN_POINT('',(-17.46283655746,12.665666664937,74.0791));
#323 = CARTESIAN_POINT('',(-17.52523828702,12.464265082783,74.0791));
#324 = ORIENTED_EDGE('',*,*,#325,.F.);
#325 = EDGE_CURVE('',#326,#317,#328,.T.);
#326 = VERTEX_POINT('',#327);
#327 = CARTESIAN_POINT('',(-17.39076255982,13.063321686557,74.0791));
#328 = B_SPLINE_CURVE_WITH_KNOTS('',3,(#329,#330,#331,#332),
  .UNSPECIFIED.,.F.,.F.,(4,4),(0.,1.),.PIECEWISE_BEZIER_KNOTS.);
#329 = CARTESIAN_POINT('',(-17.39076255982,13.063321686557,74.0791));
#330 = CARTESIAN_POINT('',(-17.41962335974,13.063321686557,74.0791));
#331 = CARTESIAN_POINT('',(-17.42929562783,13.044289159041,74.0791));
#332 = CARTESIAN_POINT('',(-17.42929562783,13.005912095362,74.0791));
#333 = ORIENTED_EDGE('',*,*,#334,.F.);
#334 = EDGE_CURVE('',#335,#326,#337,.T.);
#335 = VERTEX_POINT('',#336);
#336 = CARTESIAN_POINT('',(-17.36689389827,13.05864155684,74.0791));
#337 = B_SPLINE_CURVE_WITH_KNOTS('',3,(#338,#339,#340,#341),
  .UNSPECIFIED.,.F.,.F.,(4,4),(0.,1.),.PIECEWISE_BEZIER_KNOTS.);
#338 = CARTESIAN_POINT('',(-17.36689389827,13.05864155684,74.0791));
#339 = CARTESIAN_POINT('',(-17.37641016202,13.063321686557,74.0791));
#340 = CARTESIAN_POINT('',(-17.38124629606,13.063321686557,74.0791));
#341 = CARTESIAN_POINT('',(-17.39076255982,13.063321686557,74.0791));
#342 = ORIENTED_EDGE('',*,*,#343,.F.);
#343 = EDGE_CURVE('',#344,#335,#346,.T.);
#344 = VERTEX_POINT('',#345);
#345 = CARTESIAN_POINT('',(-16.22946637272,12.536183076101,74.0791));
#346 = LINE('',#347,#348);
#347 = CARTESIAN_POINT('',(-16.22946637272,12.536183076101,74.0791));
#348 = VECTOR('',#349,1.);
#349 = DIRECTION('',(-0.908720288708,0.417405602371,0.));
#350 = ORIENTED_EDGE('',*,*,#351,.F.);
#351 = EDGE_CURVE('',#352,#344,#354,.T.);
#352 = VERTEX_POINT('',#353);
#353 = CARTESIAN_POINT('',(-16.22946637272,11.534635316667,74.0791));
#354 = LINE('',#355,#356);
#355 = CARTESIAN_POINT('',(-16.22946637272,11.534635316667,74.0791));
#356 = VECTOR('',#357,1.);
#357 = DIRECTION('',(2.22044604925E-16,1.,0.));
#358 = ORIENTED_EDGE('',*,*,#359,.F.);
#359 = EDGE_CURVE('',#360,#352,#362,.T.);
#360 = VERTEX_POINT('',#361);
#361 = CARTESIAN_POINT('',(-16.10497492224,11.314201206997,74.0791));
#362 = B_SPLINE_CURVE_WITH_KNOTS('',3,(#363,#364,#365,#366),
  .UNSPECIFIED.,.F.,.F.,(4,4),(0.,1.),.PIECEWISE_BEZIER_KNOTS.);
#363 = CARTESIAN_POINT('',(-16.10497492224,11.314201206997,74.0791));
#364 = CARTESIAN_POINT('',(-16.20076157712,11.386119200314,74.0791));
#365 = CARTESIAN_POINT('',(-16.22946637272,11.429176393711,74.0791));
#366 = CARTESIAN_POINT('',(-16.22946637272,11.534635316667,74.0791));
#367 = ORIENTED_EDGE('',*,*,#368,.F.);
#368 = EDGE_CURVE('',#369,#360,#371,.T.);
#369 = VERTEX_POINT('',#370);
#370 = CARTESIAN_POINT('',(-16.13851585188,11.270988009277,74.0791));
#371 = LINE('',#372,#373);
#372 = CARTESIAN_POINT('',(-16.13851585188,11.270988009277,74.0791));
#373 = VECTOR('',#374,1.);
#374 = DIRECTION('',(0.613150559542,0.789966069735,0.));
#375 = ORIENTED_EDGE('',*,*,#376,.F.);
#376 = EDGE_CURVE('',#377,#369,#379,.T.);
#377 = VERTEX_POINT('',#378);
#378 = CARTESIAN_POINT('',(-16.56503167342,11.453201059591,74.0791));
#379 = LINE('',#380,#381);
#380 = CARTESIAN_POINT('',(-16.56503167342,11.453201059591,74.0791));
#381 = VECTOR('',#382,1.);
#382 = DIRECTION('',(0.919596764583,-0.392863577554,0.));
#383 = ORIENTED_EDGE('',*,*,#384,.F.);
#384 = EDGE_CURVE('',#211,#377,#385,.T.);
#385 = B_SPLINE_CURVE_WITH_KNOTS('',3,(#386,#387,#388,#389),
  .UNSPECIFIED.,.F.,.F.,(4,4),(0.,1.),.PIECEWISE_BEZIER_KNOTS.);
#386 = CARTESIAN_POINT('',(-16.60808886682,11.563340112264,74.0791));
#387 = CARTESIAN_POINT('',(-16.60808886682,11.481905855189,74.0791));
#388 = CARTESIAN_POINT('',(-16.6034087371,11.46755345739,74.0791));
#389 = CARTESIAN_POINT('',(-16.56503167342,11.453201059591,74.0791));
#390 = FACE_BOUND('',#391,.T.);
#391 = EDGE_LOOP('',(#392,#403,#411,#420,#429,#438));
#392 = ORIENTED_EDGE('',*,*,#393,.F.);
#393 = EDGE_CURVE('',#394,#396,#398,.T.);
#394 = VERTEX_POINT('',#395);
#395 = CARTESIAN_POINT('',(-17.34380525833,9.540900057233,74.0791));
#396 = VERTEX_POINT('',#397);
#397 = CARTESIAN_POINT('',(-17.15207594426,9.507359127594,74.0791));
#398 = B_SPLINE_CURVE_WITH_KNOTS('',3,(#399,#400,#401,#402),
  .UNSPECIFIED.,.F.,.F.,(4,4),(0.,1.),.PIECEWISE_BEZIER_KNOTS.);
#399 = CARTESIAN_POINT('',(-17.34380525833,9.540900057233,74.0791));
#400 = CARTESIAN_POINT('',(-17.25753486721,9.526547659434,74.0791));
#401 = CARTESIAN_POINT('',(-17.19528914198,9.517031395676,74.0791));
#402 = CARTESIAN_POINT('',(-17.15207594426,9.507359127594,74.0791));
#403 = ORIENTED_EDGE('',*,*,#404,.F.);
#404 = EDGE_CURVE('',#405,#394,#407,.T.);
#405 = VERTEX_POINT('',#406);
#406 = CARTESIAN_POINT('',(-17.34380525833,9.641522846148,74.0791));
#407 = LINE('',#408,#409);
#408 = CARTESIAN_POINT('',(-17.34380525833,9.641522846148,74.0791));
#409 = VECTOR('',#410,1.);
#410 = DIRECTION('',(-2.22044604925E-16,-1.,0.));
#411 = ORIENTED_EDGE('',*,*,#412,.F.);
#412 = EDGE_CURVE('',#413,#405,#415,.T.);
#413 = VERTEX_POINT('',#414);
#414 = CARTESIAN_POINT('',(-16.36612616045,9.794875096541,74.0791));
#415 = B_SPLINE_CURVE_WITH_KNOTS('',3,(#416,#417,#418,#419),
  .UNSPECIFIED.,.F.,.F.,(4,4),(0.,1.),.PIECEWISE_BEZIER_KNOTS.);
#416 = CARTESIAN_POINT('',(-16.36612616045,9.794875096541,74.0791));
#417 = CARTESIAN_POINT('',(-16.44756041753,9.794875096541,74.0791));
#418 = CARTESIAN_POINT('',(-16.87891237311,9.727793237264,74.0791));
#419 = CARTESIAN_POINT('',(-17.34380525833,9.641522846148,74.0791));
#420 = ORIENTED_EDGE('',*,*,#421,.F.);
#421 = EDGE_CURVE('',#422,#413,#424,.T.);
#422 = VERTEX_POINT('',#423);
#423 = CARTESIAN_POINT('',(-16.16956071234,9.58879338467,74.0791));
#424 = B_SPLINE_CURVE_WITH_KNOTS('',3,(#425,#426,#427,#428),
  .UNSPECIFIED.,.F.,.F.,(4,4),(0.,1.),.PIECEWISE_BEZIER_KNOTS.);
#425 = CARTESIAN_POINT('',(-16.16956071234,9.58879338467,74.0791));
#426 = CARTESIAN_POINT('',(-16.16956071234,9.703924575708,74.0791));
#427 = CARTESIAN_POINT('',(-16.25583110345,9.794875096541,74.0791));
#428 = CARTESIAN_POINT('',(-16.36612616045,9.794875096541,74.0791));
#429 = ORIENTED_EDGE('',*,*,#430,.F.);
#430 = EDGE_CURVE('',#431,#422,#433,.T.);
#431 = VERTEX_POINT('',#432);
#432 = CARTESIAN_POINT('',(-16.36129002641,9.38754780684,74.0791));
#433 = B_SPLINE_CURVE_WITH_KNOTS('',3,(#434,#435,#436,#437),
  .UNSPECIFIED.,.F.,.F.,(4,4),(0.,1.),.PIECEWISE_BEZIER_KNOTS.);
#434 = CARTESIAN_POINT('',(-16.36129002641,9.38754780684,74.0791));
#435 = CARTESIAN_POINT('',(-16.25583110345,9.38754780684,74.0791));
#436 = CARTESIAN_POINT('',(-16.16956071234,9.478654331997,74.0791));
#437 = CARTESIAN_POINT('',(-16.16956071234,9.58879338467,74.0791));
#438 = ORIENTED_EDGE('',*,*,#439,.F.);
#439 = EDGE_CURVE('',#396,#431,#440,.T.);
#440 = B_SPLINE_CURVE_WITH_KNOTS('',3,(#441,#442,#443,#444),
  .UNSPECIFIED.,.F.,.F.,(4,4),(0.,1.),.PIECEWISE_BEZIER_KNOTS.);
#441 = CARTESIAN_POINT('',(-17.15207594426,9.507359127594,74.0791));
#442 = CARTESIAN_POINT('',(-16.78780584795,9.43076100456,74.0791));
#443 = CARTESIAN_POINT('',(-16.50028987901,9.38754780684,74.0791));
#444 = CARTESIAN_POINT('',(-16.36129002641,9.38754780684,74.0791));
#445 = FACE_BOUND('',#446,.T.);
#446 = EDGE_LOOP('',(#447,#458,#466,#475,#484,#493));
#447 = ORIENTED_EDGE('',*,*,#448,.F.);
#448 = EDGE_CURVE('',#449,#451,#453,.T.);
#449 = VERTEX_POINT('',#450);
#450 = CARTESIAN_POINT('',(-17.34380525833,10.350874506918,74.0791));
#451 = VERTEX_POINT('',#452);
#452 = CARTESIAN_POINT('',(-17.15207594426,10.31733357728,74.0791));
#453 = B_SPLINE_CURVE_WITH_KNOTS('',3,(#454,#455,#456,#457),
  .UNSPECIFIED.,.F.,.F.,(4,4),(0.,1.),.PIECEWISE_BEZIER_KNOTS.);
#454 = CARTESIAN_POINT('',(-17.34380525833,10.350874506918,74.0791));
#455 = CARTESIAN_POINT('',(-17.25753486721,10.33652210912,74.0791));
#456 = CARTESIAN_POINT('',(-17.19528914198,10.326849841038,74.0791));
#457 = CARTESIAN_POINT('',(-17.15207594426,10.31733357728,74.0791));
#458 = ORIENTED_EDGE('',*,*,#459,.F.);
#459 = EDGE_CURVE('',#460,#449,#462,.T.);
#460 = VERTEX_POINT('',#461);
#461 = CARTESIAN_POINT('',(-17.34380525833,10.451497295833,74.0791));
#462 = LINE('',#463,#464);
#463 = CARTESIAN_POINT('',(-17.34380525833,10.451497295833,74.0791));
#464 = VECTOR('',#465,1.);
#465 = DIRECTION('',(-2.22044604925E-16,-1.,0.));
#466 = ORIENTED_EDGE('',*,*,#467,.F.);
#467 = EDGE_CURVE('',#468,#460,#470,.T.);
#468 = VERTEX_POINT('',#469);
#469 = CARTESIAN_POINT('',(-16.36612616045,10.604849546226,74.0791));
#470 = B_SPLINE_CURVE_WITH_KNOTS('',3,(#471,#472,#473,#474),
  .UNSPECIFIED.,.F.,.F.,(4,4),(0.,1.),.PIECEWISE_BEZIER_KNOTS.);
#471 = CARTESIAN_POINT('',(-16.36612616045,10.604849546226,74.0791));
#472 = CARTESIAN_POINT('',(-16.44756041753,10.604849546226,74.0791));
#473 = CARTESIAN_POINT('',(-16.87891237311,10.53776768695,74.0791));
#474 = CARTESIAN_POINT('',(-17.34380525833,10.451497295833,74.0791));
#475 = ORIENTED_EDGE('',*,*,#476,.F.);
#476 = EDGE_CURVE('',#477,#468,#479,.T.);
#477 = VERTEX_POINT('',#478);
#478 = CARTESIAN_POINT('',(-16.16956071234,10.398767834355,74.0791));
#479 = B_SPLINE_CURVE_WITH_KNOTS('',3,(#480,#481,#482,#483),
  .UNSPECIFIED.,.F.,.F.,(4,4),(0.,1.),.PIECEWISE_BEZIER_KNOTS.);
#480 = CARTESIAN_POINT('',(-16.16956071234,10.398767834355,74.0791));
#481 = CARTESIAN_POINT('',(-16.16956071234,10.513743021069,74.0791));
#482 = CARTESIAN_POINT('',(-16.25583110345,10.604849546226,74.0791));
#483 = CARTESIAN_POINT('',(-16.36612616045,10.604849546226,74.0791));
#484 = ORIENTED_EDGE('',*,*,#485,.F.);
#485 = EDGE_CURVE('',#486,#477,#488,.T.);
#486 = VERTEX_POINT('',#487);
#487 = CARTESIAN_POINT('',(-16.36129002641,10.197522256525,74.0791));
#488 = B_SPLINE_CURVE_WITH_KNOTS('',3,(#489,#490,#491,#492),
  .UNSPECIFIED.,.F.,.F.,(4,4),(0.,1.),.PIECEWISE_BEZIER_KNOTS.);
#489 = CARTESIAN_POINT('',(-16.36129002641,10.197522256525,74.0791));
#490 = CARTESIAN_POINT('',(-16.25583110345,10.197522256525,74.0791));
#491 = CARTESIAN_POINT('',(-16.16956071234,10.288628781682,74.0791));
#492 = CARTESIAN_POINT('',(-16.16956071234,10.398767834355,74.0791));
#493 = ORIENTED_EDGE('',*,*,#494,.F.);
#494 = EDGE_CURVE('',#451,#486,#495,.T.);
#495 = B_SPLINE_CURVE_WITH_KNOTS('',3,(#496,#497,#498,#499),
  .UNSPECIFIED.,.F.,.F.,(4,4),(0.,1.),.PIECEWISE_BEZIER_KNOTS.);
#496 = CARTESIAN_POINT('',(-17.15207594426,10.31733357728,74.0791));
#497 = CARTESIAN_POINT('',(-16.78780584795,10.240579449921,74.0791));
#498 = CARTESIAN_POINT('',(-16.50028987901,10.197522256525,74.0791));
#499 = CARTESIAN_POINT('',(-16.36129002641,10.197522256525,74.0791));
#500 = FACE_BOUND('',#501,.T.);
#501 = EDGE_LOOP('',(#502,#513,#521,#530,#539,#548,#557,#565,#574,#583,
    #592,#601,#610,#619,#628,#637,#646,#655,#664,#673,#682));
#502 = ORIENTED_EDGE('',*,*,#503,.F.);
#503 = EDGE_CURVE('',#504,#506,#508,.T.);
#504 = VERTEX_POINT('',#505);
#505 = CARTESIAN_POINT('',(-17.82695064945,17.429258695204,74.0791));
#506 = VERTEX_POINT('',#507);
#507 = CARTESIAN_POINT('',(-17.8795241066,16.926144750629,74.0791));
#508 = B_SPLINE_CURVE_WITH_KNOTS('',3,(#509,#510,#511,#512),
  .UNSPECIFIED.,.F.,.F.,(4,4),(0.,1.),.PIECEWISE_BEZIER_KNOTS.);
#509 = CARTESIAN_POINT('',(-17.82695064945,17.429258695204,74.0791));
#510 = CARTESIAN_POINT('',(-17.82695064945,17.146578860299,74.0791));
#511 = CARTESIAN_POINT('',(-17.8364669132,17.036283803302,74.0791));
#512 = CARTESIAN_POINT('',(-17.8795241066,16.926144750629,74.0791));
#513 = ORIENTED_EDGE('',*,*,#514,.F.);
#514 = EDGE_CURVE('',#515,#504,#517,.T.);
#515 = VERTEX_POINT('',#516);
#516 = CARTESIAN_POINT('',(-17.76454891989,17.434094829245,74.0791));
#517 = LINE('',#518,#519);
#518 = CARTESIAN_POINT('',(-17.76454891989,17.434094829245,74.0791));
#519 = VECTOR('',#520,1.);
#520 = DIRECTION('',(-0.997010335782,-7.726830102314E-02,0.));
#521 = ORIENTED_EDGE('',*,*,#522,.F.);
#522 = EDGE_CURVE('',#523,#515,#525,.T.);
#523 = VERTEX_POINT('',#524);
#524 = CARTESIAN_POINT('',(-17.43413176187,16.830202091431,74.0791));
#525 = B_SPLINE_CURVE_WITH_KNOTS('',3,(#526,#527,#528,#529),
  .UNSPECIFIED.,.F.,.F.,(4,4),(0.,1.),.PIECEWISE_BEZIER_KNOTS.);
#526 = CARTESIAN_POINT('',(-17.43413176187,16.830202091431,74.0791));
#527 = CARTESIAN_POINT('',(-17.57781174418,16.974038078066,74.0791));
#528 = CARTESIAN_POINT('',(-17.6497297375,17.10820179662,74.0791));
#529 = CARTESIAN_POINT('',(-17.76454891989,17.434094829245,74.0791));
#530 = ORIENTED_EDGE('',*,*,#531,.F.);
#531 = EDGE_CURVE('',#532,#523,#534,.T.);
#532 = VERTEX_POINT('',#533);
#533 = CARTESIAN_POINT('',(-16.96970688962,16.638628781682,74.0791));
#534 = B_SPLINE_CURVE_WITH_KNOTS('',3,(#535,#536,#537,#538),
  .UNSPECIFIED.,.F.,.F.,(4,4),(0.,1.),.PIECEWISE_BEZIER_KNOTS.);
#535 = CARTESIAN_POINT('',(-16.96970688962,16.638628781682,74.0791));
#536 = CARTESIAN_POINT('',(-17.14209166753,16.638628781682,74.0791));
#537 = CARTESIAN_POINT('',(-17.3096403114,16.710390770676,74.0791));
#538 = CARTESIAN_POINT('',(-17.43413176187,16.830202091431,74.0791));
#539 = ORIENTED_EDGE('',*,*,#540,.F.);
#540 = EDGE_CURVE('',#541,#532,#543,.T.);
#541 = VERTEX_POINT('',#542);
#542 = CARTESIAN_POINT('',(-16.45723268561,17.165767392138,74.0791));
#543 = B_SPLINE_CURVE_WITH_KNOTS('',3,(#544,#545,#546,#547),
  .UNSPECIFIED.,.F.,.F.,(4,4),(0.,1.),.PIECEWISE_BEZIER_KNOTS.);
#544 = CARTESIAN_POINT('',(-16.45723268561,17.165767392138,74.0791));
#545 = CARTESIAN_POINT('',(-16.45723268561,16.84939062327,74.0791));
#546 = CARTESIAN_POINT('',(-16.66315839316,16.638628781682,74.0791));
#547 = CARTESIAN_POINT('',(-16.96970688962,16.638628781682,74.0791));
#548 = ORIENTED_EDGE('',*,*,#549,.F.);
#549 = EDGE_CURVE('',#550,#541,#552,.T.);
#550 = VERTEX_POINT('',#551);
#551 = CARTESIAN_POINT('',(-16.96487075558,17.874963048585,74.0791));
#552 = B_SPLINE_CURVE_WITH_KNOTS('',3,(#553,#554,#555,#556),
  .UNSPECIFIED.,.F.,.F.,(4,4),(0.,1.),.PIECEWISE_BEZIER_KNOTS.);
#553 = CARTESIAN_POINT('',(-16.96487075558,17.874963048585,74.0791));
#554 = CARTESIAN_POINT('',(-16.61042893168,17.683389738836,74.0791));
#555 = CARTESIAN_POINT('',(-16.45723268561,17.467635758884,74.0791));
#556 = CARTESIAN_POINT('',(-16.45723268561,17.165767392138,74.0791));
#557 = ORIENTED_EDGE('',*,*,#558,.F.);
#558 = EDGE_CURVE('',#559,#550,#561,.T.);
#559 = VERTEX_POINT('',#560);
#560 = CARTESIAN_POINT('',(-16.94568222374,17.946881041903,74.0791));
#561 = LINE('',#562,#563);
#562 = CARTESIAN_POINT('',(-16.94568222374,17.946881041903,74.0791));
#563 = VECTOR('',#564,1.);
#564 = DIRECTION('',(-0.257793097102,-0.966200144425,0.));
#565 = ORIENTED_EDGE('',*,*,#566,.F.);
#566 = EDGE_CURVE('',#567,#559,#569,.T.);
#567 = VERTEX_POINT('',#568);
#568 = CARTESIAN_POINT('',(-16.40450322413,17.630660277359,74.0791));
#569 = B_SPLINE_CURVE_WITH_KNOTS('',3,(#570,#571,#572,#573),
  .UNSPECIFIED.,.F.,.F.,(4,4),(0.,1.),.PIECEWISE_BEZIER_KNOTS.);
#570 = CARTESIAN_POINT('',(-16.40450322413,17.630660277359,74.0791));
#571 = CARTESIAN_POINT('',(-16.53866694268,17.77434025967,74.0791));
#572 = CARTESIAN_POINT('',(-16.65832225912,17.846258252987,74.0791));
#573 = CARTESIAN_POINT('',(-16.94568222374,17.946881041903,74.0791));
#574 = ORIENTED_EDGE('',*,*,#575,.F.);
#575 = EDGE_CURVE('',#576,#567,#578,.T.);
#576 = VERTEX_POINT('',#577);
#577 = CARTESIAN_POINT('',(-16.16956071234,17.007579007704,74.0791));
#578 = B_SPLINE_CURVE_WITH_KNOTS('',3,(#579,#580,#581,#582),
  .UNSPECIFIED.,.F.,.F.,(4,4),(0.,1.),.PIECEWISE_BEZIER_KNOTS.);
#579 = CARTESIAN_POINT('',(-16.16956071234,17.007579007704,74.0791));
#580 = CARTESIAN_POINT('',(-16.16956071234,17.247201649214,74.0791));
#581 = CARTESIAN_POINT('',(-16.25115097374,17.458119495126,74.0791));
#582 = CARTESIAN_POINT('',(-16.40450322413,17.630660277359,74.0791));
#583 = ORIENTED_EDGE('',*,*,#584,.F.);
#584 = EDGE_CURVE('',#585,#576,#587,.T.);
#585 = VERTEX_POINT('',#586);
#586 = CARTESIAN_POINT('',(-16.82602690731,16.260006287579,74.0791));
#587 = B_SPLINE_CURVE_WITH_KNOTS('',3,(#588,#589,#590,#591),
  .UNSPECIFIED.,.F.,.F.,(4,4),(0.,1.),.PIECEWISE_BEZIER_KNOTS.);
#588 = CARTESIAN_POINT('',(-16.82602690731,16.260006287579,74.0791));
#589 = CARTESIAN_POINT('',(-16.43320801973,16.260006287579,74.0791));
#590 = CARTESIAN_POINT('',(-16.16956071234,16.561874654324,74.0791));
#591 = CARTESIAN_POINT('',(-16.16956071234,17.007579007704,74.0791));
#592 = ORIENTED_EDGE('',*,*,#593,.F.);
#593 = EDGE_CURVE('',#594,#585,#596,.T.);
#594 = VERTEX_POINT('',#595);
#595 = CARTESIAN_POINT('',(-17.48686122334,16.705710640959,74.0791));
#596 = B_SPLINE_CURVE_WITH_KNOTS('',3,(#597,#598,#599,#600),
  .UNSPECIFIED.,.F.,.F.,(4,4),(0.,1.),.PIECEWISE_BEZIER_KNOTS.);
#597 = CARTESIAN_POINT('',(-17.48686122334,16.705710640959,74.0791));
#598 = CARTESIAN_POINT('',(-17.26174698396,16.379817608333,74.0791));
#599 = CARTESIAN_POINT('',(-17.08452607201,16.260006287579,74.0791));
#600 = CARTESIAN_POINT('',(-16.82602690731,16.260006287579,74.0791));
#601 = ORIENTED_EDGE('',*,*,#602,.F.);
#602 = EDGE_CURVE('',#603,#594,#605,.T.);
#603 = VERTEX_POINT('',#604);
#604 = CARTESIAN_POINT('',(-17.74068025833,16.307899615016,74.0791));
#605 = B_SPLINE_CURVE_WITH_KNOTS('',3,(#606,#607,#608,#609),
  .UNSPECIFIED.,.F.,.F.,(4,4),(0.,1.),.PIECEWISE_BEZIER_KNOTS.);
#606 = CARTESIAN_POINT('',(-17.74068025833,16.307899615016,74.0791));
#607 = CARTESIAN_POINT('',(-17.6353773397,16.408522403931,74.0791));
#608 = CARTESIAN_POINT('',(-17.57781174418,16.499628929088,74.0791));
#609 = CARTESIAN_POINT('',(-17.48686122334,16.705710640959,74.0791));
#610 = ORIENTED_EDGE('',*,*,#611,.F.);
#611 = EDGE_CURVE('',#612,#603,#614,.T.);
#612 = VERTEX_POINT('',#613);
#613 = CARTESIAN_POINT('',(-18.35845738097,16.096981769104,74.0791));
#614 = B_SPLINE_CURVE_WITH_KNOTS('',3,(#615,#616,#617,#618),
  .UNSPECIFIED.,.F.,.F.,(4,4),(0.,1.),.PIECEWISE_BEZIER_KNOTS.);
#615 = CARTESIAN_POINT('',(-18.35845738097,16.096981769104,74.0791));
#616 = CARTESIAN_POINT('',(-18.10947448003,16.096981769104,74.0791));
#617 = CARTESIAN_POINT('',(-17.88919637468,16.173735896462,74.0791));
#618 = CARTESIAN_POINT('',(-17.74068025833,16.307899615016,74.0791));
#619 = ORIENTED_EDGE('',*,*,#620,.F.);
#620 = EDGE_CURVE('',#621,#612,#623,.T.);
#621 = VERTEX_POINT('',#622);
#622 = CARTESIAN_POINT('',(-19.15345541556,16.442063333569,74.0791));
#623 = B_SPLINE_CURVE_WITH_KNOTS('',3,(#624,#625,#626,#627),
  .UNSPECIFIED.,.F.,.F.,(4,4),(0.,1.),.PIECEWISE_BEZIER_KNOTS.);
#624 = CARTESIAN_POINT('',(-19.15345541556,16.442063333569,74.0791));
#625 = CARTESIAN_POINT('',(-18.95704597177,16.216793089859,74.0791));
#626 = CARTESIAN_POINT('',(-18.67935827523,16.096981769104,74.0791));
#627 = CARTESIAN_POINT('',(-18.35845738097,16.096981769104,74.0791));
#628 = ORIENTED_EDGE('',*,*,#629,.F.);
#629 = EDGE_CURVE('',#630,#621,#632,.T.);
#630 = VERTEX_POINT('',#631);
#631 = CARTESIAN_POINT('',(-19.47435630982,17.414906297406,74.0791));
#632 = B_SPLINE_CURVE_WITH_KNOTS('',3,(#633,#634,#635,#636),
  .UNSPECIFIED.,.F.,.F.,(4,4),(0.,1.),.PIECEWISE_BEZIER_KNOTS.);
#633 = CARTESIAN_POINT('',(-19.47435630982,17.414906297406,74.0791));
#634 = CARTESIAN_POINT('',(-19.47435630982,17.050792205425,74.0791));
#635 = CARTESIAN_POINT('',(-19.34986485935,16.672169711321,74.0791));
#636 = CARTESIAN_POINT('',(-19.15345541556,16.442063333569,74.0791));
#637 = ORIENTED_EDGE('',*,*,#638,.F.);
#638 = EDGE_CURVE('',#639,#630,#641,.T.);
#639 = VERTEX_POINT('',#640);
#640 = CARTESIAN_POINT('',(-19.201348743,17.956553309984,74.0791));
#641 = B_SPLINE_CURVE_WITH_KNOTS('',3,(#642,#643,#644,#645),
  .UNSPECIFIED.,.F.,.F.,(4,4),(0.,1.),.PIECEWISE_BEZIER_KNOTS.);
#642 = CARTESIAN_POINT('',(-19.201348743,17.956553309984,74.0791));
#643 = CARTESIAN_POINT('',(-19.36905339119,17.956553309984,74.0791));
#644 = CARTESIAN_POINT('',(-19.47435630982,17.750471598113,74.0791));
#645 = CARTESIAN_POINT('',(-19.47435630982,17.414906297406,74.0791));
#646 = ORIENTED_EDGE('',*,*,#647,.F.);
#647 = EDGE_CURVE('',#648,#639,#650,.T.);
#648 = VERTEX_POINT('',#649);
#649 = CARTESIAN_POINT('',(-19.03364409481,17.77434025967,74.0791));
#650 = B_SPLINE_CURVE_WITH_KNOTS('',3,(#651,#652,#653,#654),
  .UNSPECIFIED.,.F.,.F.,(4,4),(0.,1.),.PIECEWISE_BEZIER_KNOTS.);
#651 = CARTESIAN_POINT('',(-19.03364409481,17.77434025967,74.0791));
#652 = CARTESIAN_POINT('',(-19.03364409481,17.884635316667,74.0791));
#653 = CARTESIAN_POINT('',(-19.10072595408,17.956553309984,74.0791));
#654 = CARTESIAN_POINT('',(-19.201348743,17.956553309984,74.0791));
#655 = ORIENTED_EDGE('',*,*,#656,.F.);
#656 = EDGE_CURVE('',#657,#648,#659,.T.);
#657 = VERTEX_POINT('',#658);
#658 = CARTESIAN_POINT('',(-19.15345541556,17.472471892925,74.0791));
#659 = B_SPLINE_CURVE_WITH_KNOTS('',3,(#660,#661,#662,#663),
  .UNSPECIFIED.,.F.,.F.,(4,4),(0.,1.),.PIECEWISE_BEZIER_KNOTS.);
#660 = CARTESIAN_POINT('',(-19.15345541556,17.472471892925,74.0791));
#661 = CARTESIAN_POINT('',(-19.06718502445,17.611471745519,74.0791));
#662 = CARTESIAN_POINT('',(-19.03364409481,17.692906002594,74.0791));
#663 = CARTESIAN_POINT('',(-19.03364409481,17.77434025967,74.0791));
#664 = ORIENTED_EDGE('',*,*,#665,.F.);
#665 = EDGE_CURVE('',#666,#657,#668,.T.);
#666 = VERTEX_POINT('',#667);
#667 = CARTESIAN_POINT('',(-19.30197153191,17.065144603223,74.0791));
#668 = B_SPLINE_CURVE_WITH_KNOTS('',3,(#669,#670,#671,#672),
  .UNSPECIFIED.,.F.,.F.,(4,4),(0.,1.),.PIECEWISE_BEZIER_KNOTS.);
#669 = CARTESIAN_POINT('',(-19.30197153191,17.065144603223,74.0791));
#670 = CARTESIAN_POINT('',(-19.30197153191,17.199308321777,74.0791));
#671 = CARTESIAN_POINT('',(-19.26843060228,17.295094976651,74.0791));
#672 = CARTESIAN_POINT('',(-19.15345541556,17.472471892925,74.0791));
#673 = ORIENTED_EDGE('',*,*,#674,.F.);
#674 = EDGE_CURVE('',#675,#666,#677,.T.);
#675 = VERTEX_POINT('',#676);
#676 = CARTESIAN_POINT('',(-18.5884077544,16.442063333569,74.0791));
#677 = B_SPLINE_CURVE_WITH_KNOTS('',3,(#678,#679,#680,#681),
  .UNSPECIFIED.,.F.,.F.,(4,4),(0.,1.),.PIECEWISE_BEZIER_KNOTS.);
#678 = CARTESIAN_POINT('',(-18.5884077544,16.442063333569,74.0791));
#679 = CARTESIAN_POINT('',(-18.99542303545,16.442063333569,74.0791));
#680 = CARTESIAN_POINT('',(-19.30197153191,16.710390770676,74.0791));
#681 = CARTESIAN_POINT('',(-19.30197153191,17.065144603223,74.0791));
#682 = ORIENTED_EDGE('',*,*,#683,.F.);
#683 = EDGE_CURVE('',#506,#675,#684,.T.);
#684 = B_SPLINE_CURVE_WITH_KNOTS('',3,(#685,#686,#687,#688),
  .UNSPECIFIED.,.F.,.F.,(4,4),(0.,1.),.PIECEWISE_BEZIER_KNOTS.);
#685 = CARTESIAN_POINT('',(-17.8795241066,16.926144750629,74.0791));
#686 = CARTESIAN_POINT('',(-17.98966315927,16.62412037956,74.0791));
#687 = CARTESIAN_POINT('',(-18.25783459206,16.442063333569,74.0791));
#688 = CARTESIAN_POINT('',(-18.5884077544,16.442063333569,74.0791));
#689 = FACE_BOUND('',#690,.T.);
#690 = EDGE_LOOP('',(#691,#702,#711,#720));
#691 = ORIENTED_EDGE('',*,*,#692,.F.);
#692 = EDGE_CURVE('',#693,#695,#697,.T.);
#693 = VERTEX_POINT('',#694);
#694 = CARTESIAN_POINT('',(-18.92256901619,18.761691625629,74.0791));
#695 = VERTEX_POINT('',#696);
#696 = CARTESIAN_POINT('',(-19.19573258734,19.025182928695,74.0791));
#697 = B_SPLINE_CURVE_WITH_KNOTS('',3,(#698,#699,#700,#701),
  .UNSPECIFIED.,.F.,.F.,(4,4),(0.,1.),.PIECEWISE_BEZIER_KNOTS.);
#698 = CARTESIAN_POINT('',(-18.92256901619,18.761691625629,74.0791));
#699 = CARTESIAN_POINT('',(-18.92256901619,18.90537160794,74.0791));
#700 = CARTESIAN_POINT('',(-19.04238033695,19.025182928695,74.0791));
#701 = CARTESIAN_POINT('',(-19.19573258734,19.025182928695,74.0791));
#702 = ORIENTED_EDGE('',*,*,#703,.F.);
#703 = EDGE_CURVE('',#704,#693,#706,.T.);
#704 = VERTEX_POINT('',#705);
#705 = CARTESIAN_POINT('',(-19.19573258734,18.493208184198,74.0791));
#706 = B_SPLINE_CURVE_WITH_KNOTS('',3,(#707,#708,#709,#710),
  .UNSPECIFIED.,.F.,.F.,(4,4),(0.,1.),.PIECEWISE_BEZIER_KNOTS.);
#707 = CARTESIAN_POINT('',(-19.19573258734,18.493208184198,74.0791));
#708 = CARTESIAN_POINT('',(-19.04706046666,18.493208184198,74.0791));
#709 = CARTESIAN_POINT('',(-18.92256901619,18.617855638994,74.0791));
#710 = CARTESIAN_POINT('',(-18.92256901619,18.761691625629,74.0791));
#711 = ORIENTED_EDGE('',*,*,#712,.F.);
#712 = EDGE_CURVE('',#713,#704,#715,.T.);
#713 = VERTEX_POINT('',#714);
#714 = CARTESIAN_POINT('',(-19.45438775636,18.766371755346,74.0791));
#715 = B_SPLINE_CURVE_WITH_KNOTS('',3,(#716,#717,#718,#719),
  .UNSPECIFIED.,.F.,.F.,(4,4),(0.,1.),.PIECEWISE_BEZIER_KNOTS.);
#716 = CARTESIAN_POINT('',(-19.45438775636,18.766371755346,74.0791));
#717 = CARTESIAN_POINT('',(-19.45438775636,18.617855638994,74.0791));
#718 = CARTESIAN_POINT('',(-19.33941256965,18.493208184198,74.0791));
#719 = CARTESIAN_POINT('',(-19.19573258734,18.493208184198,74.0791));
#720 = ORIENTED_EDGE('',*,*,#721,.F.);
#721 = EDGE_CURVE('',#695,#713,#722,.T.);
#722 = B_SPLINE_CURVE_WITH_KNOTS('',3,(#723,#724,#725,#726),
  .UNSPECIFIED.,.F.,.F.,(4,4),(0.,1.),.PIECEWISE_BEZIER_KNOTS.);
#723 = CARTESIAN_POINT('',(-19.19573258734,19.025182928695,74.0791));
#724 = CARTESIAN_POINT('',(-19.33473243993,19.025182928695,74.0791));
#725 = CARTESIAN_POINT('',(-19.45438775636,18.90537160794,74.0791));
#726 = CARTESIAN_POINT('',(-19.45438775636,18.766371755346,74.0791));
#727 = FACE_BOUND('',#728,.T.);
#728 = EDGE_LOOP('',(#729,#739,#747,#756,#764,#773,#782,#790,#798,#806,
    #814,#823));
#729 = ORIENTED_EDGE('',*,*,#730,.F.);
#730 = EDGE_CURVE('',#731,#733,#735,.T.);
#731 = VERTEX_POINT('',#732);
#732 = CARTESIAN_POINT('',(-19.40446637272,21.191458970362,74.0791));
#733 = VERTEX_POINT('',#734);
#734 = CARTESIAN_POINT('',(-19.40446637272,19.868698308019,74.0791));
#735 = LINE('',#736,#737);
#736 = CARTESIAN_POINT('',(-19.40446637272,21.191458970362,74.0791));
#737 = VECTOR('',#738,1.);
#738 = DIRECTION('',(-2.22044604925E-16,-1.,0.));
#739 = ORIENTED_EDGE('',*,*,#740,.F.);
#740 = EDGE_CURVE('',#741,#731,#743,.T.);
#741 = VERTEX_POINT('',#742);
#742 = CARTESIAN_POINT('',(-19.33270438372,21.191458970362,74.0791));
#743 = LINE('',#744,#745);
#744 = CARTESIAN_POINT('',(-19.33270438372,21.191458970362,74.0791));
#745 = VECTOR('',#746,1.);
#746 = DIRECTION('',(-1.,2.22044604925E-16,0.));
#747 = ORIENTED_EDGE('',*,*,#748,.F.);
#748 = EDGE_CURVE('',#749,#741,#751,.T.);
#749 = VERTEX_POINT('',#750);
#750 = CARTESIAN_POINT('',(-18.95938603663,20.736082348899,74.0791));
#751 = B_SPLINE_CURVE_WITH_KNOTS('',3,(#752,#753,#754,#755),
  .UNSPECIFIED.,.F.,.F.,(4,4),(0.,1.),.PIECEWISE_BEZIER_KNOTS.);
#752 = CARTESIAN_POINT('',(-18.95938603663,20.736082348899,74.0791));
#753 = CARTESIAN_POINT('',(-19.2607863904,20.745754616981,74.0791));
#754 = CARTESIAN_POINT('',(-19.32786824968,20.827188874057,74.0791));
#755 = CARTESIAN_POINT('',(-19.33270438372,21.191458970362,74.0791));
#756 = ORIENTED_EDGE('',*,*,#757,.F.);
#757 = EDGE_CURVE('',#758,#749,#760,.T.);
#758 = VERTEX_POINT('',#759);
#759 = CARTESIAN_POINT('',(-16.79186196037,20.736082348899,74.0791));
#760 = LINE('',#761,#762);
#761 = CARTESIAN_POINT('',(-16.79186196037,20.736082348899,74.0791));
#762 = VECTOR('',#763,1.);
#763 = DIRECTION('',(-1.,2.22044604925E-16,0.));
#764 = ORIENTED_EDGE('',*,*,#765,.F.);
#765 = EDGE_CURVE('',#766,#758,#768,.T.);
#766 = VERTEX_POINT('',#767);
#767 = CARTESIAN_POINT('',(-16.56690372531,20.879918335535,74.0791));
#768 = B_SPLINE_CURVE_WITH_KNOTS('',3,(#769,#770,#771,#772),
  .UNSPECIFIED.,.F.,.F.,(4,4),(0.,1.),.PIECEWISE_BEZIER_KNOTS.);
#769 = CARTESIAN_POINT('',(-16.56690372531,20.879918335535,74.0791));
#770 = CARTESIAN_POINT('',(-16.56690372531,20.77929554662,74.0791));
#771 = CARTESIAN_POINT('',(-16.6386657143,20.736082348899,74.0791));
#772 = CARTESIAN_POINT('',(-16.79186196037,20.736082348899,74.0791));
#773 = ORIENTED_EDGE('',*,*,#774,.F.);
#774 = EDGE_CURVE('',#775,#766,#777,.T.);
#775 = VERTEX_POINT('',#776);
#776 = CARTESIAN_POINT('',(-16.67220664394,21.2249999,74.0791));
#777 = B_SPLINE_CURVE_WITH_KNOTS('',3,(#778,#779,#780,#781),
  .UNSPECIFIED.,.F.,.F.,(4,4),(0.,1.),.PIECEWISE_BEZIER_KNOTS.);
#778 = CARTESIAN_POINT('',(-16.67220664394,21.2249999,74.0791));
#779 = CARTESIAN_POINT('',(-16.60044465495,21.038106719969,74.0791));
#780 = CARTESIAN_POINT('',(-16.56690372531,20.922975528931,74.0791));
#781 = CARTESIAN_POINT('',(-16.56690372531,20.879918335535,74.0791));
#782 = ORIENTED_EDGE('',*,*,#783,.F.);
#783 = EDGE_CURVE('',#784,#775,#786,.T.);
#784 = VERTEX_POINT('',#785);
#785 = CARTESIAN_POINT('',(-16.60512478467,21.2249999,74.0791));
#786 = LINE('',#787,#788);
#787 = CARTESIAN_POINT('',(-16.60512478467,21.2249999,74.0791));
#788 = VECTOR('',#789,1.);
#789 = DIRECTION('',(-1.,2.22044604925E-16,0.));
#790 = ORIENTED_EDGE('',*,*,#791,.F.);
#791 = EDGE_CURVE('',#792,#784,#794,.T.);
#792 = VERTEX_POINT('',#793);
#793 = CARTESIAN_POINT('',(-16.16956071234,20.362295988836,74.0791));
#794 = LINE('',#795,#796);
#795 = CARTESIAN_POINT('',(-16.16956071234,20.362295988836,74.0791));
#796 = VECTOR('',#797,1.);
#797 = DIRECTION('',(-0.450696964698,0.892677011025,0.));
#798 = ORIENTED_EDGE('',*,*,#799,.F.);
#799 = EDGE_CURVE('',#800,#792,#802,.T.);
#800 = VERTEX_POINT('',#801);
#801 = CARTESIAN_POINT('',(-16.17923298042,20.323918925157,74.0791));
#802 = LINE('',#803,#804);
#803 = CARTESIAN_POINT('',(-16.17923298042,20.323918925157,74.0791));
#804 = VECTOR('',#805,1.);
#805 = DIRECTION('',(0.244390135281,0.969676988372,0.));
#806 = ORIENTED_EDGE('',*,*,#807,.F.);
#807 = EDGE_CURVE('',#808,#800,#810,.T.);
#808 = VERTEX_POINT('',#809);
#809 = CARTESIAN_POINT('',(-19.05033655746,20.323918925157,74.0791));
#810 = LINE('',#811,#812);
#811 = CARTESIAN_POINT('',(-19.05033655746,20.323918925157,74.0791));
#812 = VECTOR('',#813,1.);
#813 = DIRECTION('',(1.,-2.22044604925E-16,0.));
#814 = ORIENTED_EDGE('',*,*,#815,.F.);
#815 = EDGE_CURVE('',#816,#808,#818,.T.);
#816 = VERTEX_POINT('',#817);
#817 = CARTESIAN_POINT('',(-19.33270438372,19.868698308019,74.0791));
#818 = B_SPLINE_CURVE_WITH_KNOTS('',3,(#819,#820,#821,#822),
  .UNSPECIFIED.,.F.,.F.,(4,4),(0.,1.),.PIECEWISE_BEZIER_KNOTS.);
#819 = CARTESIAN_POINT('',(-19.33270438372,19.868698308019,74.0791));
#820 = CARTESIAN_POINT('',(-19.33270438372,20.237648534041,74.0791));
#821 = CARTESIAN_POINT('',(-19.27997492224,20.31923879544,74.0791));
#822 = CARTESIAN_POINT('',(-19.05033655746,20.323918925157,74.0791));
#823 = ORIENTED_EDGE('',*,*,#824,.F.);
#824 = EDGE_CURVE('',#733,#816,#825,.T.);
#825 = LINE('',#826,#827);
#826 = CARTESIAN_POINT('',(-19.40446637272,19.868698308019,74.0791));
#827 = VECTOR('',#828,1.);
#828 = DIRECTION('',(1.,-2.22044604925E-16,0.));
#829 = PLANE('',#830);
#830 = AXIS2_PLACEMENT_3D('',#831,#832,#833);
#831 = CARTESIAN_POINT('',(-20.40446637272,22.225,74.0791));
#832 = DIRECTION('',(0.,2.22044604925E-16,1.));
#833 = DIRECTION('',(1.,0.,0.));
#834 = ADVANCED_FACE('',(#835),#862,.F.);
#835 = FACE_BOUND('',#836,.T.);
#836 = EDGE_LOOP('',(#837,#845,#846,#855));
#837 = ORIENTED_EDGE('',*,*,#838,.F.);
#838 = EDGE_CURVE('',#24,#839,#841,.T.);
#839 = VERTEX_POINT('',#840);
#840 = CARTESIAN_POINT('',(-23.57946637272,15.307510111658,71.42226));
#841 = ( BOUNDED_CURVE() B_SPLINE_CURVE(2,(#842,#843,#844),
.UNSPECIFIED.,.F.,.F.) B_SPLINE_CURVE_WITH_KNOTS((3,3),(0.,
5.518633886307),.PIECEWISE_BEZIER_KNOTS.) CURVE() 
GEOMETRIC_REPRESENTATION_ITEM() RATIONAL_B_SPLINE_CURVE((1.,
0.707106781187,1.)) REPRESENTATION_ITEM('') );
#842 = CARTESIAN_POINT('',(-20.40446637272,17.045850186097,74.0791));
#843 = CARTESIAN_POINT('',(-20.40446637272,15.307510111658,71.42226));
#844 = CARTESIAN_POINT('',(-23.57946637272,15.307510111658,71.42226));
#845 = ORIENTED_EDGE('',*,*,#31,.T.);
#846 = ORIENTED_EDGE('',*,*,#847,.T.);
#847 = EDGE_CURVE('',#32,#848,#850,.T.);
#848 = VERTEX_POINT('',#849);
#849 = CARTESIAN_POINT('',(-23.57946637272,15.307510111658,63.45174));
#850 = CIRCLE('',#851,3.175);
#851 = AXIS2_PLACEMENT_3D('',#852,#853,#854);
#852 = CARTESIAN_POINT('',(-23.57946637272,17.045850186097,60.7949));
#853 = DIRECTION('',(0.,-0.8368,-0.547508684863));
#854 = DIRECTION('',(0.,0.547508684863,-0.8368));
#855 = ORIENTED_EDGE('',*,*,#856,.F.);
#856 = EDGE_CURVE('',#839,#848,#857,.T.);
#857 = CIRCLE('',#858,4.7625);
#858 = AXIS2_PLACEMENT_3D('',#859,#860,#861);
#859 = CARTESIAN_POINT('',(-23.57946637272,12.7,67.437));
#860 = DIRECTION('',(-1.,0.,0.));
#861 = DIRECTION('',(0.,-1.,0.));
#862 = TOROIDAL_SURFACE('',#863,7.9375,3.175);
#863 = AXIS2_PLACEMENT_3D('',#864,#865,#866);
#864 = CARTESIAN_POINT('',(-23.57946637272,12.7,67.437));
#865 = DIRECTION('',(1.,0.,0.));
#866 = DIRECTION('',(0.,-1.,0.));
#867 = ADVANCED_FACE('',(#868),#887,.T.);
#868 = FACE_BOUND('',#869,.F.);
#869 = EDGE_LOOP('',(#870,#871,#879,#886));
#870 = ORIENTED_EDGE('',*,*,#48,.T.);
#871 = ORIENTED_EDGE('',*,*,#872,.T.);
#872 = EDGE_CURVE('',#41,#873,#875,.T.);
#873 = VERTEX_POINT('',#874);
#874 = CARTESIAN_POINT('',(-15.32446637272,22.225,60.7949));
#875 = LINE('',#876,#877);
#876 = CARTESIAN_POINT('',(-20.40446637272,22.225,60.7949));
#877 = VECTOR('',#878,1.);
#878 = DIRECTION('',(1.,0.,0.));
#879 = ORIENTED_EDGE('',*,*,#880,.F.);
#880 = EDGE_CURVE('',#118,#873,#881,.T.);
#881 = CIRCLE('',#882,17.4625);
#882 = AXIS2_PLACEMENT_3D('',#883,#884,#885);
#883 = CARTESIAN_POINT('',(0.8255,22.225,67.437));
#884 = DIRECTION('',(0.,-1.,2.22044604925E-16));
#885 = DIRECTION('',(1.,0.,0.));
#886 = ORIENTED_EDGE('',*,*,#125,.F.);
#887 = PLANE('',#888);
#888 = AXIS2_PLACEMENT_3D('',#889,#890,#891);
#889 = CARTESIAN_POINT('',(-18.12856291028,22.225,67.437));
#890 = DIRECTION('',(0.,1.,0.));
#891 = DIRECTION('',(0.,0.,1.));
#892 = ADVANCED_FACE('',(#893),#957,.F.);
#893 = FACE_BOUND('',#894,.F.);
#894 = EDGE_LOOP('',(#895,#896,#911,#919,#934,#942,#950,#956));
#895 = ORIENTED_EDGE('',*,*,#40,.T.);
#896 = ORIENTED_EDGE('',*,*,#897,.T.);
#897 = EDGE_CURVE('',#32,#898,#900,.T.);
#898 = VERTEX_POINT('',#899);
#899 = CARTESIAN_POINT('',(-20.40446637272,8.354149813903,60.7949));
#900 = ( BOUNDED_CURVE() B_SPLINE_CURVE(9,(#901,#902,#903,#904,#905,#906
    ,#907,#908,#909,#910),.UNSPECIFIED.,.F.,.F.) 
B_SPLINE_CURVE_WITH_KNOTS((10,10),(19.683435575928,25.202069462236),
.PIECEWISE_BEZIER_KNOTS.) CURVE() GEOMETRIC_REPRESENTATION_ITEM() 
RATIONAL_B_SPLINE_CURVE((1.,1.,1.,1.,1.,1.,1.,1.,1.,1.)) 
REPRESENTATION_ITEM('') );
#901 = CARTESIAN_POINT('',(-20.40446637272,17.045850186097,60.7949));
#902 = CARTESIAN_POINT('',(-20.40446637272,15.824568543762,60.7949));
#903 = CARTESIAN_POINT('',(-20.40446637272,14.834740454397,60.7949));
#904 = CARTESIAN_POINT('',(-20.40446637272,13.942893625486,60.7949));
#905 = CARTESIAN_POINT('',(-20.40446637272,13.110712466579,60.7949));
#906 = CARTESIAN_POINT('',(-20.40446637272,12.289287533421,60.7949));
#907 = CARTESIAN_POINT('',(-20.40446637272,11.457106374514,60.7949));
#908 = CARTESIAN_POINT('',(-20.40446637272,10.565259545603,60.7949));
#909 = CARTESIAN_POINT('',(-20.40446637272,9.575431456238,60.7949));
#910 = CARTESIAN_POINT('',(-20.40446637272,8.354149813903,60.7949));
#911 = ORIENTED_EDGE('',*,*,#912,.T.);
#912 = EDGE_CURVE('',#898,#913,#915,.T.);
#913 = VERTEX_POINT('',#914);
#914 = CARTESIAN_POINT('',(-20.40446637272,-8.354149813903,60.7949));
#915 = LINE('',#916,#917);
#916 = CARTESIAN_POINT('',(-20.40446637272,22.225,60.7949));
#917 = VECTOR('',#918,1.);
#918 = DIRECTION('',(0.,-1.,2.22044604925E-16));
#919 = ORIENTED_EDGE('',*,*,#920,.T.);
#920 = EDGE_CURVE('',#913,#921,#923,.T.);
#921 = VERTEX_POINT('',#922);
#922 = CARTESIAN_POINT('',(-20.40446637272,-17.04585018609,60.7949));
#923 = ( BOUNDED_CURVE() B_SPLINE_CURVE(9,(#924,#925,#926,#927,#928,#929
    ,#930,#931,#932,#933),.UNSPECIFIED.,.F.,.F.) 
B_SPLINE_CURVE_WITH_KNOTS((10,10),(19.683435575928,25.202069462236),
.PIECEWISE_BEZIER_KNOTS.) CURVE() GEOMETRIC_REPRESENTATION_ITEM() 
RATIONAL_B_SPLINE_CURVE((1.,1.,1.,1.,1.,1.,1.,1.,1.,1.)) 
REPRESENTATION_ITEM('') );
#924 = CARTESIAN_POINT('',(-20.40446637272,-8.354149813903,60.7949));
#925 = CARTESIAN_POINT('',(-20.40446637272,-9.575431456238,60.7949));
#926 = CARTESIAN_POINT('',(-20.40446637272,-10.5652595456,60.7949));
#927 = CARTESIAN_POINT('',(-20.40446637272,-11.45710637451,60.7949));
#928 = CARTESIAN_POINT('',(-20.40446637272,-12.28928753342,60.7949));
#929 = CARTESIAN_POINT('',(-20.40446637272,-13.11071246657,60.7949));
#930 = CARTESIAN_POINT('',(-20.40446637272,-13.94289362548,60.7949));
#931 = CARTESIAN_POINT('',(-20.40446637272,-14.83474045439,60.7949));
#932 = CARTESIAN_POINT('',(-20.40446637272,-15.82456854376,60.7949));
#933 = CARTESIAN_POINT('',(-20.40446637272,-17.04585018609,60.7949));
#934 = ORIENTED_EDGE('',*,*,#935,.T.);
#935 = EDGE_CURVE('',#921,#936,#938,.T.);
#936 = VERTEX_POINT('',#937);
#937 = CARTESIAN_POINT('',(-20.40446637272,-22.225,60.7949));
#938 = LINE('',#939,#940);
#939 = CARTESIAN_POINT('',(-20.40446637272,22.225,60.7949));
#940 = VECTOR('',#941,1.);
#941 = DIRECTION('',(0.,-1.,2.22044604925E-16));
#942 = ORIENTED_EDGE('',*,*,#943,.T.);
#943 = EDGE_CURVE('',#936,#944,#946,.T.);
#944 = VERTEX_POINT('',#945);
#945 = CARTESIAN_POINT('',(-15.32446637272,-22.225,60.7949));
#946 = LINE('',#947,#948);
#947 = CARTESIAN_POINT('',(-20.40446637272,-22.225,60.7949));
#948 = VECTOR('',#949,1.);
#949 = DIRECTION('',(1.,0.,0.));
#950 = ORIENTED_EDGE('',*,*,#951,.F.);
#951 = EDGE_CURVE('',#873,#944,#952,.T.);
#952 = LINE('',#953,#954);
#953 = CARTESIAN_POINT('',(-15.32446637272,22.225,60.7949));
#954 = VECTOR('',#955,1.);
#955 = DIRECTION('',(0.,-1.,2.22044604925E-16));
#956 = ORIENTED_EDGE('',*,*,#872,.F.);
#957 = PLANE('',#958);
#958 = AXIS2_PLACEMENT_3D('',#959,#960,#961);
#959 = CARTESIAN_POINT('',(-20.40446637272,22.225,60.7949));
#960 = DIRECTION('',(0.,2.22044604925E-16,1.));
#961 = DIRECTION('',(1.,0.,0.));
#962 = ADVANCED_FACE('',(#963),#989,.T.);
#963 = FACE_BOUND('',#964,.T.);
#964 = EDGE_LOOP('',(#965,#974,#975,#976));
#965 = ORIENTED_EDGE('',*,*,#966,.F.);
#966 = EDGE_CURVE('',#64,#967,#969,.T.);
#967 = VERTEX_POINT('',#968);
#968 = CARTESIAN_POINT('',(-23.57946637272,10.092489888342,71.42226));
#969 = CIRCLE('',#970,3.175);
#970 = AXIS2_PLACEMENT_3D('',#971,#972,#973);
#971 = CARTESIAN_POINT('',(-23.57946637272,8.354149813903,74.0791));
#972 = DIRECTION('',(-0.,0.8368,0.547508684863));
#973 = DIRECTION('',(0.,-0.547508684863,0.8368));
#974 = ORIENTED_EDGE('',*,*,#63,.T.);
#975 = ORIENTED_EDGE('',*,*,#838,.T.);
#976 = ORIENTED_EDGE('',*,*,#977,.F.);
#977 = EDGE_CURVE('',#967,#839,#978,.T.);
#978 = ( BOUNDED_CURVE() B_SPLINE_CURVE(9,(#979,#980,#981,#982,#983,#984
    ,#985,#986,#987,#988),.UNSPECIFIED.,.F.,.F.) 
B_SPLINE_CURVE_WITH_KNOTS((10,10),(4.721600563207,10.240234449514),
.PIECEWISE_BEZIER_KNOTS.) CURVE() GEOMETRIC_REPRESENTATION_ITEM() 
RATIONAL_B_SPLINE_CURVE((1.,1.,1.,1.,1.,1.,1.,1.,1.,1.)) 
REPRESENTATION_ITEM('') );
#979 = CARTESIAN_POINT('',(-23.57946637272,10.092489888342,71.42226));
#980 = CARTESIAN_POINT('',(-23.57946637272,10.60559982193,
    71.757981970517));
#981 = CARTESIAN_POINT('',(-23.42221898506,11.167338758663,
    72.019382747582));
#982 = CARTESIAN_POINT('',(-23.31977467606,11.765401916859,
    72.198410648863));
#983 = CARTESIAN_POINT('',(-23.2361505031,12.385931787277,
    72.289393879462));
#984 = CARTESIAN_POINT('',(-23.2361505031,13.014068212723,
    72.289393879462));
#985 = CARTESIAN_POINT('',(-23.31977467606,13.634598083141,
    72.198410648864));
#986 = CARTESIAN_POINT('',(-23.42221898506,14.232661241337,
    72.019382747582));
#987 = CARTESIAN_POINT('',(-23.57946637272,14.79440017807,
    71.757981970517));
#988 = CARTESIAN_POINT('',(-23.57946637272,15.307510111658,71.42226));
#989 = ( BOUNDED_SURFACE() B_SPLINE_SURFACE(2,9,(
    (#990,#991,#992,#993,#994,#995,#996,#997,#998,#999)
    ,(#1000,#1001,#1002,#1003,#1004,#1005,#1006,#1007,#1008,#1009)
    ,(#1010,#1011,#1012,#1013,#1014,#1015,#1016,#1017,#1018,#1019
)),.UNSPECIFIED.,.F.,.F.,.F.) B_SPLINE_SURFACE_WITH_KNOTS((3,3),(10,10),
  (0.,5.518633886307),(4.721600563207,10.240234449514),
.PIECEWISE_BEZIER_KNOTS.) GEOMETRIC_REPRESENTATION_ITEM() 
RATIONAL_B_SPLINE_SURFACE((
    (1.,1.,1.,1.,1.,1.,1.,1.,1.,1.)
    ,(0.707106781187,0.78156593879,0.816769243619,0.840716920674
      ,0.849446816312,0.849446816312,0.840716920674,0.816769243619
      ,0.78156593879,0.707106781187)
,(1.,1.,1.,1.,1.,1.,1.,1.,1.,1.))) REPRESENTATION_ITEM('') SURFACE() );
#990 = CARTESIAN_POINT('',(-23.57946637272,10.092489888342,71.42226));
#991 = CARTESIAN_POINT('',(-23.57946637272,10.60559982193,
    71.757981970517));
#992 = CARTESIAN_POINT('',(-23.42221898506,11.167338758663,
    72.019382747582));
#993 = CARTESIAN_POINT('',(-23.31977467606,11.765401916859,
    72.198410648863));
#994 = CARTESIAN_POINT('',(-23.2361505031,12.385931787277,
    72.289393879462));
#995 = CARTESIAN_POINT('',(-23.2361505031,13.014068212723,
    72.289393879462));
#996 = CARTESIAN_POINT('',(-23.31977467606,13.634598083141,
    72.198410648864));
#997 = CARTESIAN_POINT('',(-23.42221898506,14.232661241337,
    72.019382747582));
#998 = CARTESIAN_POINT('',(-23.57946637272,14.79440017807,
    71.757981970517));
#999 = CARTESIAN_POINT('',(-23.57946637272,15.307510111658,71.42226));
#1000 = CARTESIAN_POINT('',(-20.40446637272,10.092489888342,71.42226));
#1001 = CARTESIAN_POINT('',(-21.00942575914,10.556716251757,
    71.725998008738));
#1002 = CARTESIAN_POINT('',(-21.18751156679,11.128448296566,
    72.007729463108));
#1003 = CARTESIAN_POINT('',(-21.2595499794,11.72964860245,
    72.191780095145));
#1004 = CARTESIAN_POINT('',(-21.27109086613,12.382988209869,
    72.293546467431));
#1005 = CARTESIAN_POINT('',(-21.27109086613,13.017011790131,
    72.293546467432));
#1006 = CARTESIAN_POINT('',(-21.2595499794,13.67035139755,
    72.191780095145));
#1007 = CARTESIAN_POINT('',(-21.18751156679,14.271551703434,
    72.007729463109));
#1008 = CARTESIAN_POINT('',(-21.00942575914,14.843283748243,
    71.725998008738));
#1009 = CARTESIAN_POINT('',(-20.40446637272,15.307510111658,71.42226));
#1010 = CARTESIAN_POINT('',(-20.40446637272,8.354149813903,74.0791));
#1011 = CARTESIAN_POINT('',(-20.40446637272,9.575431456238,74.0791));
#1012 = CARTESIAN_POINT('',(-20.40446637272,10.565259545603,74.0791));
#1013 = CARTESIAN_POINT('',(-20.40446637272,11.457106374514,74.0791));
#1014 = CARTESIAN_POINT('',(-20.40446637272,12.289287533422,74.0791));
#1015 = CARTESIAN_POINT('',(-20.40446637272,13.110712466578,74.0791));
#1016 = CARTESIAN_POINT('',(-20.40446637272,13.942893625486,74.0791));
#1017 = CARTESIAN_POINT('',(-20.40446637272,14.834740454397,74.0791));
#1018 = CARTESIAN_POINT('',(-20.40446637272,15.824568543762,74.0791));
#1019 = CARTESIAN_POINT('',(-20.40446637272,17.045850186097,74.0791));
#1020 = ADVANCED_FACE('',(#1021),#1048,.F.);
#1021 = FACE_BOUND('',#1022,.F.);
#1022 = EDGE_LOOP('',(#1023,#1024,#1031,#1032,#1041));
#1023 = ORIENTED_EDGE('',*,*,#78,.T.);
#1024 = ORIENTED_EDGE('',*,*,#1025,.T.);
#1025 = EDGE_CURVE('',#79,#913,#1026,.T.);
#1026 = CIRCLE('',#1027,7.9375);
#1027 = AXIS2_PLACEMENT_3D('',#1028,#1029,#1030);
#1028 = CARTESIAN_POINT('',(-20.40446637272,-12.7,67.437));
#1029 = DIRECTION('',(-1.,-0.,0.));
#1030 = DIRECTION('',(0.,-1.,-2.98390650188E-15));
#1031 = ORIENTED_EDGE('',*,*,#912,.F.);
#1032 = ORIENTED_EDGE('',*,*,#1033,.T.);
#1033 = EDGE_CURVE('',#898,#1034,#1036,.T.);
#1034 = VERTEX_POINT('',#1035);
#1035 = CARTESIAN_POINT('',(-20.40446637272,4.7625,67.437));
#1036 = CIRCLE('',#1037,7.9375);
#1037 = AXIS2_PLACEMENT_3D('',#1038,#1039,#1040);
#1038 = CARTESIAN_POINT('',(-20.40446637272,12.7,67.437));
#1039 = DIRECTION('',(-1.,0.,0.));
#1040 = DIRECTION('',(0.,-1.,0.));
#1041 = ORIENTED_EDGE('',*,*,#1042,.T.);
#1042 = EDGE_CURVE('',#1034,#64,#1043,.T.);
#1043 = CIRCLE('',#1044,7.9375);
#1044 = AXIS2_PLACEMENT_3D('',#1045,#1046,#1047);
#1045 = CARTESIAN_POINT('',(-20.40446637272,12.7,67.437));
#1046 = DIRECTION('',(-1.,0.,0.));
#1047 = DIRECTION('',(0.,-1.,0.));
#1048 = PLANE('',#1049);
#1049 = AXIS2_PLACEMENT_3D('',#1050,#1051,#1052);
#1050 = CARTESIAN_POINT('',(-20.40446637272,22.225,74.0791));
#1051 = DIRECTION('',(1.,0.,0.));
#1052 = DIRECTION('',(0.,-2.22044604925E-16,-1.));
#1053 = ADVANCED_FACE('',(#1054),#1066,.F.);
#1054 = FACE_BOUND('',#1055,.T.);
#1055 = EDGE_LOOP('',(#1056,#1057,#1064,#1065));
#1056 = ORIENTED_EDGE('',*,*,#117,.T.);
#1057 = ORIENTED_EDGE('',*,*,#1058,.T.);
#1058 = EDGE_CURVE('',#110,#944,#1059,.T.);
#1059 = CIRCLE('',#1060,17.4625);
#1060 = AXIS2_PLACEMENT_3D('',#1061,#1062,#1063);
#1061 = CARTESIAN_POINT('',(0.8255,-22.225,67.437));
#1062 = DIRECTION('',(0.,-1.,2.22044604925E-16));
#1063 = DIRECTION('',(1.,0.,0.));
#1064 = ORIENTED_EDGE('',*,*,#951,.F.);
#1065 = ORIENTED_EDGE('',*,*,#880,.F.);
#1066 = CYLINDRICAL_SURFACE('',#1067,17.4625);
#1067 = AXIS2_PLACEMENT_3D('',#1068,#1069,#1070);
#1068 = CARTESIAN_POINT('',(0.8255,22.225,67.437));
#1069 = DIRECTION('',(0.,1.,-2.22044604925E-16));
#1070 = DIRECTION('',(1.,0.,0.));
#1071 = ADVANCED_FACE('',(#1072),#1105,.T.);
#1072 = FACE_BOUND('',#1073,.T.);
#1073 = EDGE_LOOP('',(#1074,#1083,#1084,#1092));
#1074 = ORIENTED_EDGE('',*,*,#1075,.F.);
#1075 = EDGE_CURVE('',#87,#1076,#1078,.T.);
#1076 = VERTEX_POINT('',#1077);
#1077 = CARTESIAN_POINT('',(-23.57946637272,-15.30751011165,71.42226));
#1078 = CIRCLE('',#1079,3.175);
#1079 = AXIS2_PLACEMENT_3D('',#1080,#1081,#1082);
#1080 = CARTESIAN_POINT('',(-23.57946637272,-17.04585018609,74.0791));
#1081 = DIRECTION('',(-0.,0.8368,0.547508684863));
#1082 = DIRECTION('',(0.,-0.547508684863,0.8368));
#1083 = ORIENTED_EDGE('',*,*,#86,.T.);
#1084 = ORIENTED_EDGE('',*,*,#1085,.T.);
#1085 = EDGE_CURVE('',#79,#1086,#1088,.T.);
#1086 = VERTEX_POINT('',#1087);
#1087 = CARTESIAN_POINT('',(-23.57946637272,-10.09248988834,71.42226));
#1088 = ( BOUNDED_CURVE() B_SPLINE_CURVE(2,(#1089,#1090,#1091),
.UNSPECIFIED.,.F.,.F.) B_SPLINE_CURVE_WITH_KNOTS((3,3),(0.,
5.518633886307),.PIECEWISE_BEZIER_KNOTS.) CURVE() 
GEOMETRIC_REPRESENTATION_ITEM() RATIONAL_B_SPLINE_CURVE((1.,
0.707106781187,1.)) REPRESENTATION_ITEM('') );
#1089 = CARTESIAN_POINT('',(-20.40446637272,-8.354149813903,74.0791));
#1090 = CARTESIAN_POINT('',(-20.40446637272,-10.09248988834,71.42226));
#1091 = CARTESIAN_POINT('',(-23.57946637272,-10.09248988834,71.42226));
#1092 = ORIENTED_EDGE('',*,*,#1093,.F.);
#1093 = EDGE_CURVE('',#1076,#1086,#1094,.T.);
#1094 = ( BOUNDED_CURVE() B_SPLINE_CURVE(9,(#1095,#1096,#1097,#1098,
    #1099,#1100,#1101,#1102,#1103,#1104),.UNSPECIFIED.,.F.,.F.) 
B_SPLINE_CURVE_WITH_KNOTS((10,10),(4.721600563207,10.240234449514),
.PIECEWISE_BEZIER_KNOTS.) CURVE() GEOMETRIC_REPRESENTATION_ITEM() 
RATIONAL_B_SPLINE_CURVE((1.,1.,1.,1.,1.,1.,1.,1.,1.,1.)) 
REPRESENTATION_ITEM('') );
#1095 = CARTESIAN_POINT('',(-23.57946637272,-15.30751011165,71.42226));
#1096 = CARTESIAN_POINT('',(-23.57946637272,-14.79440017807,
    71.757981970517));
#1097 = CARTESIAN_POINT('',(-23.42221898506,-14.23266124133,
    72.019382747582));
#1098 = CARTESIAN_POINT('',(-23.31977467606,-13.63459808314,
    72.198410648864));
#1099 = CARTESIAN_POINT('',(-23.2361505031,-13.01406821272,
    72.289393879462));
#1100 = CARTESIAN_POINT('',(-23.2361505031,-12.38593178727,
    72.289393879462));
#1101 = CARTESIAN_POINT('',(-23.31977467606,-11.76540191686,
    72.198410648863));
#1102 = CARTESIAN_POINT('',(-23.42221898506,-11.16733875866,
    72.019382747582));
#1103 = CARTESIAN_POINT('',(-23.57946637272,-10.60559982193,
    71.757981970517));
#1104 = CARTESIAN_POINT('',(-23.57946637272,-10.09248988834,71.42226));
#1105 = ( BOUNDED_SURFACE() B_SPLINE_SURFACE(2,9,(
    (#1106,#1107,#1108,#1109,#1110,#1111,#1112,#1113,#1114,#1115)
    ,(#1116,#1117,#1118,#1119,#1120,#1121,#1122,#1123,#1124,#1125)
    ,(#1126,#1127,#1128,#1129,#1130,#1131,#1132,#1133,#1134,#1135
)),.UNSPECIFIED.,.F.,.F.,.F.) B_SPLINE_SURFACE_WITH_KNOTS((3,3),(10,10),
  (0.,5.518633886307),(4.721600563207,10.240234449514),
.PIECEWISE_BEZIER_KNOTS.) GEOMETRIC_REPRESENTATION_ITEM() 
RATIONAL_B_SPLINE_SURFACE((
    (1.,1.,1.,1.,1.,1.,1.,1.,1.,1.)
    ,(0.707106781187,0.78156593879,0.816769243619,0.840716920674
      ,0.849446816312,0.849446816312,0.840716920674,0.816769243619
      ,0.78156593879,0.707106781187)
,(1.,1.,1.,1.,1.,1.,1.,1.,1.,1.))) REPRESENTATION_ITEM('') SURFACE() );
#1106 = CARTESIAN_POINT('',(-23.57946637272,-15.30751011165,71.42226));
#1107 = CARTESIAN_POINT('',(-23.57946637272,-14.79440017807,
    71.757981970517));
#1108 = CARTESIAN_POINT('',(-23.42221898506,-14.23266124133,
    72.019382747582));
#1109 = CARTESIAN_POINT('',(-23.31977467606,-13.63459808314,
    72.198410648864));
#1110 = CARTESIAN_POINT('',(-23.2361505031,-13.01406821272,
    72.289393879462));
#1111 = CARTESIAN_POINT('',(-23.2361505031,-12.38593178727,
    72.289393879462));
#1112 = CARTESIAN_POINT('',(-23.31977467606,-11.76540191686,
    72.198410648863));
#1113 = CARTESIAN_POINT('',(-23.42221898506,-11.16733875866,
    72.019382747582));
#1114 = CARTESIAN_POINT('',(-23.57946637272,-10.60559982193,
    71.757981970517));
#1115 = CARTESIAN_POINT('',(-23.57946637272,-10.09248988834,71.42226));
#1116 = CARTESIAN_POINT('',(-20.40446637272,-15.30751011165,71.42226));
#1117 = CARTESIAN_POINT('',(-21.00942575914,-14.84328374824,
    71.725998008738));
#1118 = CARTESIAN_POINT('',(-21.18751156679,-14.27155170343,
    72.007729463108));
#1119 = CARTESIAN_POINT('',(-21.2595499794,-13.67035139754,
    72.191780095145));
#1120 = CARTESIAN_POINT('',(-21.27109086613,-13.01701179013,
    72.293546467431));
#1121 = CARTESIAN_POINT('',(-21.27109086613,-12.38298820986,
    72.293546467432));
#1122 = CARTESIAN_POINT('',(-21.2595499794,-11.72964860245,
    72.191780095145));
#1123 = CARTESIAN_POINT('',(-21.18751156679,-11.12844829656,
    72.007729463108));
#1124 = CARTESIAN_POINT('',(-21.00942575914,-10.55671625175,
    71.725998008738));
#1125 = CARTESIAN_POINT('',(-20.40446637272,-10.09248988834,71.42226));
#1126 = CARTESIAN_POINT('',(-20.40446637272,-17.04585018609,74.0791));
#1127 = CARTESIAN_POINT('',(-20.40446637272,-15.82456854376,74.0791));
#1128 = CARTESIAN_POINT('',(-20.40446637272,-14.83474045439,74.0791));
#1129 = CARTESIAN_POINT('',(-20.40446637272,-13.94289362548,74.0791));
#1130 = CARTESIAN_POINT('',(-20.40446637272,-13.11071246657,74.0791));
#1131 = CARTESIAN_POINT('',(-20.40446637272,-12.28928753342,74.0791));
#1132 = CARTESIAN_POINT('',(-20.40446637272,-11.45710637451,74.0791));
#1133 = CARTESIAN_POINT('',(-20.40446637272,-10.5652595456,74.0791));
#1134 = CARTESIAN_POINT('',(-20.40446637272,-9.575431456238,74.0791));
#1135 = CARTESIAN_POINT('',(-20.40446637272,-8.354149813903,74.0791));
#1136 = ADVANCED_FACE('',(#1137),#1148,.F.);
#1137 = FACE_BOUND('',#1138,.T.);
#1138 = EDGE_LOOP('',(#1139,#1145,#1146,#1147));
#1139 = ORIENTED_EDGE('',*,*,#1140,.T.);
#1140 = EDGE_CURVE('',#102,#936,#1141,.T.);
#1141 = LINE('',#1142,#1143);
#1142 = CARTESIAN_POINT('',(-20.40446637272,-22.225,74.0791));
#1143 = VECTOR('',#1144,1.);
#1144 = DIRECTION('',(0.,-2.22044604925E-16,-1.));
#1145 = ORIENTED_EDGE('',*,*,#943,.T.);
#1146 = ORIENTED_EDGE('',*,*,#1058,.F.);
#1147 = ORIENTED_EDGE('',*,*,#109,.F.);
#1148 = PLANE('',#1149);
#1149 = AXIS2_PLACEMENT_3D('',#1150,#1151,#1152);
#1150 = CARTESIAN_POINT('',(-18.12856291028,-22.225,67.437));
#1151 = DIRECTION('',(0.,1.,0.));
#1152 = DIRECTION('',(0.,0.,1.));
#1153 = ADVANCED_FACE('',(#1154),#1175,.F.);
#1154 = FACE_BOUND('',#1155,.F.);
#1155 = EDGE_LOOP('',(#1156,#1157,#1158,#1159,#1168));
#1156 = ORIENTED_EDGE('',*,*,#101,.T.);
#1157 = ORIENTED_EDGE('',*,*,#1140,.T.);
#1158 = ORIENTED_EDGE('',*,*,#935,.F.);
#1159 = ORIENTED_EDGE('',*,*,#1160,.T.);
#1160 = EDGE_CURVE('',#921,#1161,#1163,.T.);
#1161 = VERTEX_POINT('',#1162);
#1162 = CARTESIAN_POINT('',(-20.40446637272,-20.6375,67.437));
#1163 = CIRCLE('',#1164,7.9375);
#1164 = AXIS2_PLACEMENT_3D('',#1165,#1166,#1167);
#1165 = CARTESIAN_POINT('',(-20.40446637272,-12.7,67.437));
#1166 = DIRECTION('',(-1.,-0.,0.));
#1167 = DIRECTION('',(0.,-1.,-2.98390650188E-15));
#1168 = ORIENTED_EDGE('',*,*,#1169,.T.);
#1169 = EDGE_CURVE('',#1161,#87,#1170,.T.);
#1170 = CIRCLE('',#1171,7.9375);
#1171 = AXIS2_PLACEMENT_3D('',#1172,#1173,#1174);
#1172 = CARTESIAN_POINT('',(-20.40446637272,-12.7,67.437));
#1173 = DIRECTION('',(-1.,-0.,0.));
#1174 = DIRECTION('',(0.,-1.,-2.98390650188E-15));
#1175 = PLANE('',#1176);
#1176 = AXIS2_PLACEMENT_3D('',#1177,#1178,#1179);
#1177 = CARTESIAN_POINT('',(-20.40446637272,22.225,74.0791));
#1178 = DIRECTION('',(1.,0.,0.));
#1179 = DIRECTION('',(0.,-2.22044604925E-16,-1.));
#1180 = ADVANCED_FACE('',(#1181),#1206,.F.);
#1181 = FACE_BOUND('',#1182,.F.);
#1182 = EDGE_LOOP('',(#1183,#1191,#1199,#1205));
#1183 = ORIENTED_EDGE('',*,*,#1184,.T.);
#1184 = EDGE_CURVE('',#134,#1185,#1187,.T.);
#1185 = VERTEX_POINT('',#1186);
#1186 = CARTESIAN_POINT('',(-16.22946637272,13.614484962893,73.0791));
#1187 = LINE('',#1188,#1189);
#1188 = CARTESIAN_POINT('',(-16.22946637272,13.614484962893,74.0791));
#1189 = VECTOR('',#1190,1.);
#1190 = DIRECTION('',(-0.,-0.,-1.));
#1191 = ORIENTED_EDGE('',*,*,#1192,.T.);
#1192 = EDGE_CURVE('',#1185,#1193,#1195,.T.);
#1193 = VERTEX_POINT('',#1194);
#1194 = CARTESIAN_POINT('',(-16.22946637272,15.387786112657,73.0791));
#1195 = LINE('',#1196,#1197);
#1196 = CARTESIAN_POINT('',(-16.22946637272,13.614484962893,73.0791));
#1197 = VECTOR('',#1198,1.);
#1198 = DIRECTION('',(2.22044604925E-16,1.,0.));
#1199 = ORIENTED_EDGE('',*,*,#1200,.F.);
#1200 = EDGE_CURVE('',#136,#1193,#1201,.T.);
#1201 = LINE('',#1202,#1203);
#1202 = CARTESIAN_POINT('',(-16.22946637272,15.387786112657,74.0791));
#1203 = VECTOR('',#1204,1.);
#1204 = DIRECTION('',(-0.,-0.,-1.));
#1205 = ORIENTED_EDGE('',*,*,#133,.F.);
#1206 = PLANE('',#1207);
#1207 = AXIS2_PLACEMENT_3D('',#1208,#1209,#1210);
#1208 = CARTESIAN_POINT('',(-16.22946637272,13.614484962893,74.0791));
#1209 = DIRECTION('',(1.,-2.22044604925E-16,0.));
#1210 = DIRECTION('',(2.22044604925E-16,1.,0.));
#1211 = ADVANCED_FACE('',(#1212),#1230,.F.);
#1212 = FACE_BOUND('',#1213,.F.);
#1213 = EDGE_LOOP('',(#1214,#1215,#1223,#1229));
#1214 = ORIENTED_EDGE('',*,*,#1200,.T.);
#1215 = ORIENTED_EDGE('',*,*,#1216,.T.);
#1216 = EDGE_CURVE('',#1193,#1217,#1219,.T.);
#1217 = VERTEX_POINT('',#1218);
#1218 = CARTESIAN_POINT('',(-16.93444991242,15.670465947563,73.0791));
#1219 = LINE('',#1220,#1221);
#1220 = CARTESIAN_POINT('',(-16.22946637272,15.387786112657,73.0791));
#1221 = VECTOR('',#1222,1.);
#1222 = DIRECTION('',(-0.928164735365,0.372169617278,0.));
#1223 = ORIENTED_EDGE('',*,*,#1224,.F.);
#1224 = EDGE_CURVE('',#193,#1217,#1225,.T.);
#1225 = LINE('',#1226,#1227);
#1226 = CARTESIAN_POINT('',(-16.93444991242,15.670465947563,74.0791));
#1227 = VECTOR('',#1228,1.);
#1228 = DIRECTION('',(-0.,-0.,-1.));
#1229 = ORIENTED_EDGE('',*,*,#200,.F.);
#1230 = PLANE('',#1231);
#1231 = AXIS2_PLACEMENT_3D('',#1232,#1233,#1234);
#1232 = CARTESIAN_POINT('',(-16.22946637272,15.387786112657,74.0791));
#1233 = DIRECTION('',(0.372169617278,0.928164735365,-0.));
#1234 = DIRECTION('',(-0.928164735365,0.372169617278,0.));
#1235 = ADVANCED_FACE('',(#1236),#1254,.F.);
#1236 = FACE_BOUND('',#1237,.F.);
#1237 = EDGE_LOOP('',(#1238,#1239,#1247,#1253));
#1238 = ORIENTED_EDGE('',*,*,#1224,.T.);
#1239 = ORIENTED_EDGE('',*,*,#1240,.T.);
#1240 = EDGE_CURVE('',#1217,#1241,#1243,.T.);
#1241 = VERTEX_POINT('',#1242);
#1242 = CARTESIAN_POINT('',(-16.97298298042,15.589031690487,73.0791));
#1243 = LINE('',#1244,#1245);
#1244 = CARTESIAN_POINT('',(-16.93444991242,15.670465947563,73.0791));
#1245 = VECTOR('',#1246,1.);
#1246 = DIRECTION('',(-0.427714124201,-0.903914060052,0.));
#1247 = ORIENTED_EDGE('',*,*,#1248,.F.);
#1248 = EDGE_CURVE('',#184,#1241,#1249,.T.);
#1249 = LINE('',#1250,#1251);
#1250 = CARTESIAN_POINT('',(-16.97298298042,15.589031690487,74.0791));
#1251 = VECTOR('',#1252,1.);
#1252 = DIRECTION('',(-0.,-0.,-1.));
#1253 = ORIENTED_EDGE('',*,*,#192,.F.);
#1254 = PLANE('',#1255);
#1255 = AXIS2_PLACEMENT_3D('',#1256,#1257,#1258);
#1256 = CARTESIAN_POINT('',(-16.93444991242,15.670465947563,74.0791));
#1257 = DIRECTION('',(-0.903914060052,0.427714124201,0.));
#1258 = DIRECTION('',(-0.427714124201,-0.903914060052,0.));
#1259 = ADVANCED_FACE('',(#1260),#1279,.F.);
#1260 = FACE_BOUND('',#1261,.F.);
#1261 = EDGE_LOOP('',(#1262,#1263,#1272,#1278));
#1262 = ORIENTED_EDGE('',*,*,#1248,.T.);
#1263 = ORIENTED_EDGE('',*,*,#1264,.T.);
#1264 = EDGE_CURVE('',#1241,#1265,#1267,.T.);
#1265 = VERTEX_POINT('',#1266);
#1266 = CARTESIAN_POINT('',(-16.58422020526,15.03303228011,73.0791));
#1267 = B_SPLINE_CURVE_WITH_KNOTS('',3,(#1268,#1269,#1270,#1271),
  .UNSPECIFIED.,.F.,.F.,(4,4),(0.,1.),.PIECEWISE_BEZIER_KNOTS.);
#1268 = CARTESIAN_POINT('',(-16.97298298042,15.589031690487,73.0791));
#1269 = CARTESIAN_POINT('',(-16.65130206454,15.392466242374,73.0791));
#1270 = CARTESIAN_POINT('',(-16.58890033498,15.301515721541,73.0791));
#1271 = CARTESIAN_POINT('',(-16.58422020526,15.03303228011,73.0791));
#1272 = ORIENTED_EDGE('',*,*,#1273,.F.);
#1273 = EDGE_CURVE('',#176,#1265,#1274,.T.);
#1274 = LINE('',#1275,#1276);
#1275 = CARTESIAN_POINT('',(-16.58422020526,15.03303228011,74.0791));
#1276 = VECTOR('',#1277,1.);
#1277 = DIRECTION('',(-0.,-0.,-1.));
#1278 = ORIENTED_EDGE('',*,*,#183,.F.);
#1279 = SURFACE_OF_LINEAR_EXTRUSION('',#1280,#1285);
#1280 = B_SPLINE_CURVE_WITH_KNOTS('',3,(#1281,#1282,#1283,#1284),
  .UNSPECIFIED.,.F.,.F.,(4,4),(0.,1.),.PIECEWISE_BEZIER_KNOTS.);
#1281 = CARTESIAN_POINT('',(-16.97298298042,15.589031690487,74.0791));
#1282 = CARTESIAN_POINT('',(-16.65130206454,15.392466242374,74.0791));
#1283 = CARTESIAN_POINT('',(-16.58890033498,15.301515721541,74.0791));
#1284 = CARTESIAN_POINT('',(-16.58422020526,15.03303228011,74.0791));
#1285 = VECTOR('',#1286,1.);
#1286 = DIRECTION('',(0.,0.,1.));
#1287 = ADVANCED_FACE('',(#1288),#1306,.F.);
#1288 = FACE_BOUND('',#1289,.F.);
#1289 = EDGE_LOOP('',(#1290,#1291,#1299,#1305));
#1290 = ORIENTED_EDGE('',*,*,#1273,.T.);
#1291 = ORIENTED_EDGE('',*,*,#1292,.T.);
#1292 = EDGE_CURVE('',#1265,#1293,#1295,.T.);
#1293 = VERTEX_POINT('',#1294);
#1294 = CARTESIAN_POINT('',(-16.58422020526,13.993107456997,73.0791));
#1295 = LINE('',#1296,#1297);
#1296 = CARTESIAN_POINT('',(-16.58422020526,15.03303228011,73.0791));
#1297 = VECTOR('',#1298,1.);
#1298 = DIRECTION('',(-2.22044604925E-16,-1.,0.));
#1299 = ORIENTED_EDGE('',*,*,#1300,.F.);
#1300 = EDGE_CURVE('',#168,#1293,#1301,.T.);
#1301 = LINE('',#1302,#1303);
#1302 = CARTESIAN_POINT('',(-16.58422020526,13.993107456997,74.0791));
#1303 = VECTOR('',#1304,1.);
#1304 = DIRECTION('',(-0.,-0.,-1.));
#1305 = ORIENTED_EDGE('',*,*,#175,.F.);
#1306 = PLANE('',#1307);
#1307 = AXIS2_PLACEMENT_3D('',#1308,#1309,#1310);
#1308 = CARTESIAN_POINT('',(-16.58422020526,15.03303228011,74.0791));
#1309 = DIRECTION('',(-1.,2.22044604925E-16,0.));
#1310 = DIRECTION('',(-2.22044604925E-16,-1.,0.));
#1311 = ADVANCED_FACE('',(#1312),#1330,.F.);
#1312 = FACE_BOUND('',#1313,.F.);
#1313 = EDGE_LOOP('',(#1314,#1315,#1323,#1329));
#1314 = ORIENTED_EDGE('',*,*,#1300,.T.);
#1315 = ORIENTED_EDGE('',*,*,#1316,.T.);
#1316 = EDGE_CURVE('',#1293,#1317,#1319,.T.);
#1317 = VERTEX_POINT('',#1318);
#1318 = CARTESIAN_POINT('',(-19.44440347963,14.942081759277,73.0791));
#1319 = LINE('',#1320,#1321);
#1320 = CARTESIAN_POINT('',(-16.58422020526,13.993107456997,73.0791));
#1321 = VECTOR('',#1322,1.);
#1322 = DIRECTION('',(-0.949122411255,0.314907364877,0.));
#1323 = ORIENTED_EDGE('',*,*,#1324,.F.);
#1324 = EDGE_CURVE('',#160,#1317,#1325,.T.);
#1325 = LINE('',#1326,#1327);
#1326 = CARTESIAN_POINT('',(-19.44440347963,14.942081759277,74.0791));
#1327 = VECTOR('',#1328,1.);
#1328 = DIRECTION('',(-0.,-0.,-1.));
#1329 = ORIENTED_EDGE('',*,*,#167,.F.);
#1330 = PLANE('',#1331);
#1331 = AXIS2_PLACEMENT_3D('',#1332,#1333,#1334);
#1332 = CARTESIAN_POINT('',(-16.58422020526,13.993107456997,74.0791));
#1333 = DIRECTION('',(0.314907364877,0.949122411255,-0.));
#1334 = DIRECTION('',(-0.949122411255,0.314907364877,0.));
#1335 = ADVANCED_FACE('',(#1336),#1354,.F.);
#1336 = FACE_BOUND('',#1337,.F.);
#1337 = EDGE_LOOP('',(#1338,#1339,#1347,#1353));
#1338 = ORIENTED_EDGE('',*,*,#1324,.T.);
#1339 = ORIENTED_EDGE('',*,*,#1340,.T.);
#1340 = EDGE_CURVE('',#1317,#1341,#1343,.T.);
#1341 = VERTEX_POINT('',#1342);
#1342 = CARTESIAN_POINT('',(-19.44440347963,14.63054112445,73.0791));
#1343 = LINE('',#1344,#1345);
#1344 = CARTESIAN_POINT('',(-19.44440347963,14.942081759277,73.0791));
#1345 = VECTOR('',#1346,1.);
#1346 = DIRECTION('',(-2.22044604925E-16,-1.,0.));
#1347 = ORIENTED_EDGE('',*,*,#1348,.F.);
#1348 = EDGE_CURVE('',#152,#1341,#1349,.T.);
#1349 = LINE('',#1350,#1351);
#1350 = CARTESIAN_POINT('',(-19.44440347963,14.63054112445,74.0791));
#1351 = VECTOR('',#1352,1.);
#1352 = DIRECTION('',(-0.,-0.,-1.));
#1353 = ORIENTED_EDGE('',*,*,#159,.F.);
#1354 = PLANE('',#1355);
#1355 = AXIS2_PLACEMENT_3D('',#1356,#1357,#1358);
#1356 = CARTESIAN_POINT('',(-19.44440347963,14.942081759277,74.0791));
#1357 = DIRECTION('',(-1.,2.22044604925E-16,0.));
#1358 = DIRECTION('',(-2.22044604925E-16,-1.,0.));
#1359 = ADVANCED_FACE('',(#1360),#1378,.F.);
#1360 = FACE_BOUND('',#1361,.F.);
#1361 = EDGE_LOOP('',(#1362,#1363,#1371,#1377));
#1362 = ORIENTED_EDGE('',*,*,#1348,.T.);
#1363 = ORIENTED_EDGE('',*,*,#1364,.T.);
#1364 = EDGE_CURVE('',#1341,#1365,#1367,.T.);
#1365 = VERTEX_POINT('',#1366);
#1366 = CARTESIAN_POINT('',(-16.30622050007,13.614484962893,73.0791));
#1367 = LINE('',#1368,#1369);
#1368 = CARTESIAN_POINT('',(-19.44440347963,14.63054112445,73.0791));
#1369 = VECTOR('',#1370,1.);
#1370 = DIRECTION('',(0.951376868482,-0.308029307239,0.));
#1371 = ORIENTED_EDGE('',*,*,#1372,.F.);
#1372 = EDGE_CURVE('',#144,#1365,#1373,.T.);
#1373 = LINE('',#1374,#1375);
#1374 = CARTESIAN_POINT('',(-16.30622050007,13.614484962893,74.0791));
#1375 = VECTOR('',#1376,1.);
#1376 = DIRECTION('',(-0.,-0.,-1.));
#1377 = ORIENTED_EDGE('',*,*,#151,.F.);
#1378 = PLANE('',#1379);
#1379 = AXIS2_PLACEMENT_3D('',#1380,#1381,#1382);
#1380 = CARTESIAN_POINT('',(-19.44440347963,14.63054112445,74.0791));
#1381 = DIRECTION('',(-0.308029307239,-0.951376868482,0.));
#1382 = DIRECTION('',(0.951376868482,-0.308029307239,0.));
#1383 = ADVANCED_FACE('',(#1384),#1395,.F.);
#1384 = FACE_BOUND('',#1385,.F.);
#1385 = EDGE_LOOP('',(#1386,#1387,#1393,#1394));
#1386 = ORIENTED_EDGE('',*,*,#1372,.T.);
#1387 = ORIENTED_EDGE('',*,*,#1388,.T.);
#1388 = EDGE_CURVE('',#1365,#1185,#1389,.T.);
#1389 = LINE('',#1390,#1391);
#1390 = CARTESIAN_POINT('',(-16.30622050007,13.614484962893,73.0791));
#1391 = VECTOR('',#1392,1.);
#1392 = DIRECTION('',(1.,-2.22044604925E-16,0.));
#1393 = ORIENTED_EDGE('',*,*,#1184,.F.);
#1394 = ORIENTED_EDGE('',*,*,#143,.F.);
#1395 = PLANE('',#1396);
#1396 = AXIS2_PLACEMENT_3D('',#1397,#1398,#1399);
#1397 = CARTESIAN_POINT('',(-16.30622050007,13.614484962893,74.0791));
#1398 = DIRECTION('',(-2.22044604925E-16,-1.,0.));
#1399 = DIRECTION('',(1.,-2.22044604925E-16,0.));
#1400 = ADVANCED_FACE('',(#1401),#1426,.F.);
#1401 = FACE_BOUND('',#1402,.F.);
#1402 = EDGE_LOOP('',(#1403,#1411,#1419,#1425));
#1403 = ORIENTED_EDGE('',*,*,#1404,.T.);
#1404 = EDGE_CURVE('',#209,#1405,#1407,.T.);
#1405 = VERTEX_POINT('',#1406);
#1406 = CARTESIAN_POINT('',(-16.60808886682,12.502642146462,73.0791));
#1407 = LINE('',#1408,#1409);
#1408 = CARTESIAN_POINT('',(-16.60808886682,12.502642146462,74.0791));
#1409 = VECTOR('',#1410,1.);
#1410 = DIRECTION('',(-0.,-0.,-1.));
#1411 = ORIENTED_EDGE('',*,*,#1412,.T.);
#1412 = EDGE_CURVE('',#1405,#1413,#1415,.T.);
#1413 = VERTEX_POINT('',#1414);
#1414 = CARTESIAN_POINT('',(-16.60808886682,11.563340112264,73.0791));
#1415 = LINE('',#1416,#1417);
#1416 = CARTESIAN_POINT('',(-16.60808886682,12.502642146462,73.0791));
#1417 = VECTOR('',#1418,1.);
#1418 = DIRECTION('',(-2.22044604925E-16,-1.,0.));
#1419 = ORIENTED_EDGE('',*,*,#1420,.F.);
#1420 = EDGE_CURVE('',#211,#1413,#1421,.T.);
#1421 = LINE('',#1422,#1423);
#1422 = CARTESIAN_POINT('',(-16.60808886682,11.563340112264,74.0791));
#1423 = VECTOR('',#1424,1.);
#1424 = DIRECTION('',(-0.,-0.,-1.));
#1425 = ORIENTED_EDGE('',*,*,#208,.F.);
#1426 = PLANE('',#1427);
#1427 = AXIS2_PLACEMENT_3D('',#1428,#1429,#1430);
#1428 = CARTESIAN_POINT('',(-16.60808886682,12.502642146462,74.0791));
#1429 = DIRECTION('',(-1.,2.22044604925E-16,0.));
#1430 = DIRECTION('',(-2.22044604925E-16,-1.,0.));
#1431 = ADVANCED_FACE('',(#1432),#1451,.F.);
#1432 = FACE_BOUND('',#1433,.F.);
#1433 = EDGE_LOOP('',(#1434,#1435,#1444,#1450));
#1434 = ORIENTED_EDGE('',*,*,#1420,.T.);
#1435 = ORIENTED_EDGE('',*,*,#1436,.T.);
#1436 = EDGE_CURVE('',#1413,#1437,#1439,.T.);
#1437 = VERTEX_POINT('',#1438);
#1438 = CARTESIAN_POINT('',(-16.56503167342,11.453201059591,73.0791));
#1439 = B_SPLINE_CURVE_WITH_KNOTS('',3,(#1440,#1441,#1442,#1443),
  .UNSPECIFIED.,.F.,.F.,(4,4),(0.,1.),.PIECEWISE_BEZIER_KNOTS.);
#1440 = CARTESIAN_POINT('',(-16.60808886682,11.563340112264,73.0791));
#1441 = CARTESIAN_POINT('',(-16.60808886682,11.481905855189,73.0791));
#1442 = CARTESIAN_POINT('',(-16.6034087371,11.46755345739,73.0791));
#1443 = CARTESIAN_POINT('',(-16.56503167342,11.453201059591,73.0791));
#1444 = ORIENTED_EDGE('',*,*,#1445,.F.);
#1445 = EDGE_CURVE('',#377,#1437,#1446,.T.);
#1446 = LINE('',#1447,#1448);
#1447 = CARTESIAN_POINT('',(-16.56503167342,11.453201059591,74.0791));
#1448 = VECTOR('',#1449,1.);
#1449 = DIRECTION('',(-0.,-0.,-1.));
#1450 = ORIENTED_EDGE('',*,*,#384,.F.);
#1451 = SURFACE_OF_LINEAR_EXTRUSION('',#1452,#1457);
#1452 = B_SPLINE_CURVE_WITH_KNOTS('',3,(#1453,#1454,#1455,#1456),
  .UNSPECIFIED.,.F.,.F.,(4,4),(0.,1.),.PIECEWISE_BEZIER_KNOTS.);
#1453 = CARTESIAN_POINT('',(-16.60808886682,11.563340112264,74.0791));
#1454 = CARTESIAN_POINT('',(-16.60808886682,11.481905855189,74.0791));
#1455 = CARTESIAN_POINT('',(-16.6034087371,11.46755345739,74.0791));
#1456 = CARTESIAN_POINT('',(-16.56503167342,11.453201059591,74.0791));
#1457 = VECTOR('',#1458,1.);
#1458 = DIRECTION('',(0.,0.,1.));
#1459 = ADVANCED_FACE('',(#1460),#1478,.F.);
#1460 = FACE_BOUND('',#1461,.F.);
#1461 = EDGE_LOOP('',(#1462,#1463,#1471,#1477));
#1462 = ORIENTED_EDGE('',*,*,#1445,.T.);
#1463 = ORIENTED_EDGE('',*,*,#1464,.T.);
#1464 = EDGE_CURVE('',#1437,#1465,#1467,.T.);
#1465 = VERTEX_POINT('',#1466);
#1466 = CARTESIAN_POINT('',(-16.13851585188,11.270988009277,73.0791));
#1467 = LINE('',#1468,#1469);
#1468 = CARTESIAN_POINT('',(-16.56503167342,11.453201059591,73.0791));
#1469 = VECTOR('',#1470,1.);
#1470 = DIRECTION('',(0.919596764583,-0.392863577554,0.));
#1471 = ORIENTED_EDGE('',*,*,#1472,.F.);
#1472 = EDGE_CURVE('',#369,#1465,#1473,.T.);
#1473 = LINE('',#1474,#1475);
#1474 = CARTESIAN_POINT('',(-16.13851585188,11.270988009277,74.0791));
#1475 = VECTOR('',#1476,1.);
#1476 = DIRECTION('',(-0.,-0.,-1.));
#1477 = ORIENTED_EDGE('',*,*,#376,.F.);
#1478 = PLANE('',#1479);
#1479 = AXIS2_PLACEMENT_3D('',#1480,#1481,#1482);
#1480 = CARTESIAN_POINT('',(-16.56503167342,11.453201059591,74.0791));
#1481 = DIRECTION('',(-0.392863577554,-0.919596764583,0.));
#1482 = DIRECTION('',(0.919596764583,-0.392863577554,0.));
#1483 = ADVANCED_FACE('',(#1484),#1502,.F.);
#1484 = FACE_BOUND('',#1485,.F.);
#1485 = EDGE_LOOP('',(#1486,#1487,#1495,#1501));
#1486 = ORIENTED_EDGE('',*,*,#1472,.T.);
#1487 = ORIENTED_EDGE('',*,*,#1488,.T.);
#1488 = EDGE_CURVE('',#1465,#1489,#1491,.T.);
#1489 = VERTEX_POINT('',#1490);
#1490 = CARTESIAN_POINT('',(-16.10497492224,11.314201206997,73.0791));
#1491 = LINE('',#1492,#1493);
#1492 = CARTESIAN_POINT('',(-16.13851585188,11.270988009277,73.0791));
#1493 = VECTOR('',#1494,1.);
#1494 = DIRECTION('',(0.613150559542,0.789966069735,0.));
#1495 = ORIENTED_EDGE('',*,*,#1496,.F.);
#1496 = EDGE_CURVE('',#360,#1489,#1497,.T.);
#1497 = LINE('',#1498,#1499);
#1498 = CARTESIAN_POINT('',(-16.10497492224,11.314201206997,74.0791));
#1499 = VECTOR('',#1500,1.);
#1500 = DIRECTION('',(-0.,-0.,-1.));
#1501 = ORIENTED_EDGE('',*,*,#368,.F.);
#1502 = PLANE('',#1503);
#1503 = AXIS2_PLACEMENT_3D('',#1504,#1505,#1506);
#1504 = CARTESIAN_POINT('',(-16.13851585188,11.270988009277,74.0791));
#1505 = DIRECTION('',(0.789966069735,-0.613150559542,0.));
#1506 = DIRECTION('',(0.613150559542,0.789966069735,0.));
#1507 = ADVANCED_FACE('',(#1508),#1527,.F.);
#1508 = FACE_BOUND('',#1509,.F.);
#1509 = EDGE_LOOP('',(#1510,#1511,#1520,#1526));
#1510 = ORIENTED_EDGE('',*,*,#1496,.T.);
#1511 = ORIENTED_EDGE('',*,*,#1512,.T.);
#1512 = EDGE_CURVE('',#1489,#1513,#1515,.T.);
#1513 = VERTEX_POINT('',#1514);
#1514 = CARTESIAN_POINT('',(-16.22946637272,11.534635316667,73.0791));
#1515 = B_SPLINE_CURVE_WITH_KNOTS('',3,(#1516,#1517,#1518,#1519),
  .UNSPECIFIED.,.F.,.F.,(4,4),(0.,1.),.PIECEWISE_BEZIER_KNOTS.);
#1516 = CARTESIAN_POINT('',(-16.10497492224,11.314201206997,73.0791));
#1517 = CARTESIAN_POINT('',(-16.20076157712,11.386119200314,73.0791));
#1518 = CARTESIAN_POINT('',(-16.22946637272,11.429176393711,73.0791));
#1519 = CARTESIAN_POINT('',(-16.22946637272,11.534635316667,73.0791));
#1520 = ORIENTED_EDGE('',*,*,#1521,.F.);
#1521 = EDGE_CURVE('',#352,#1513,#1522,.T.);
#1522 = LINE('',#1523,#1524);
#1523 = CARTESIAN_POINT('',(-16.22946637272,11.534635316667,74.0791));
#1524 = VECTOR('',#1525,1.);
#1525 = DIRECTION('',(-0.,-0.,-1.));
#1526 = ORIENTED_EDGE('',*,*,#359,.F.);
#1527 = SURFACE_OF_LINEAR_EXTRUSION('',#1528,#1533);
#1528 = B_SPLINE_CURVE_WITH_KNOTS('',3,(#1529,#1530,#1531,#1532),
  .UNSPECIFIED.,.F.,.F.,(4,4),(0.,1.),.PIECEWISE_BEZIER_KNOTS.);
#1529 = CARTESIAN_POINT('',(-16.10497492224,11.314201206997,74.0791));
#1530 = CARTESIAN_POINT('',(-16.20076157712,11.386119200314,74.0791));
#1531 = CARTESIAN_POINT('',(-16.22946637272,11.429176393711,74.0791));
#1532 = CARTESIAN_POINT('',(-16.22946637272,11.534635316667,74.0791));
#1533 = VECTOR('',#1534,1.);
#1534 = DIRECTION('',(0.,0.,1.));
#1535 = ADVANCED_FACE('',(#1536),#1554,.F.);
#1536 = FACE_BOUND('',#1537,.F.);
#1537 = EDGE_LOOP('',(#1538,#1539,#1547,#1553));
#1538 = ORIENTED_EDGE('',*,*,#1521,.T.);
#1539 = ORIENTED_EDGE('',*,*,#1540,.T.);
#1540 = EDGE_CURVE('',#1513,#1541,#1543,.T.);
#1541 = VERTEX_POINT('',#1542);
#1542 = CARTESIAN_POINT('',(-16.22946637272,12.536183076101,73.0791));
#1543 = LINE('',#1544,#1545);
#1544 = CARTESIAN_POINT('',(-16.22946637272,11.534635316667,73.0791));
#1545 = VECTOR('',#1546,1.);
#1546 = DIRECTION('',(2.22044604925E-16,1.,0.));
#1547 = ORIENTED_EDGE('',*,*,#1548,.F.);
#1548 = EDGE_CURVE('',#344,#1541,#1549,.T.);
#1549 = LINE('',#1550,#1551);
#1550 = CARTESIAN_POINT('',(-16.22946637272,12.536183076101,74.0791));
#1551 = VECTOR('',#1552,1.);
#1552 = DIRECTION('',(-0.,-0.,-1.));
#1553 = ORIENTED_EDGE('',*,*,#351,.F.);
#1554 = PLANE('',#1555);
#1555 = AXIS2_PLACEMENT_3D('',#1556,#1557,#1558);
#1556 = CARTESIAN_POINT('',(-16.22946637272,11.534635316667,74.0791));
#1557 = DIRECTION('',(1.,-2.22044604925E-16,0.));
#1558 = DIRECTION('',(2.22044604925E-16,1.,0.));
#1559 = ADVANCED_FACE('',(#1560),#1578,.F.);
#1560 = FACE_BOUND('',#1561,.F.);
#1561 = EDGE_LOOP('',(#1562,#1563,#1571,#1577));
#1562 = ORIENTED_EDGE('',*,*,#1548,.T.);
#1563 = ORIENTED_EDGE('',*,*,#1564,.T.);
#1564 = EDGE_CURVE('',#1541,#1565,#1567,.T.);
#1565 = VERTEX_POINT('',#1566);
#1566 = CARTESIAN_POINT('',(-17.36689389827,13.05864155684,73.0791));
#1567 = LINE('',#1568,#1569);
#1568 = CARTESIAN_POINT('',(-16.22946637272,12.536183076101,73.0791));
#1569 = VECTOR('',#1570,1.);
#1570 = DIRECTION('',(-0.908720288708,0.417405602371,0.));
#1571 = ORIENTED_EDGE('',*,*,#1572,.F.);
#1572 = EDGE_CURVE('',#335,#1565,#1573,.T.);
#1573 = LINE('',#1574,#1575);
#1574 = CARTESIAN_POINT('',(-17.36689389827,13.05864155684,74.0791));
#1575 = VECTOR('',#1576,1.);
#1576 = DIRECTION('',(-0.,-0.,-1.));
#1577 = ORIENTED_EDGE('',*,*,#343,.F.);
#1578 = PLANE('',#1579);
#1579 = AXIS2_PLACEMENT_3D('',#1580,#1581,#1582);
#1580 = CARTESIAN_POINT('',(-16.22946637272,12.536183076101,74.0791));
#1581 = DIRECTION('',(0.417405602371,0.908720288708,-0.));
#1582 = DIRECTION('',(-0.908720288708,0.417405602371,0.));
#1583 = ADVANCED_FACE('',(#1584),#1603,.F.);
#1584 = FACE_BOUND('',#1585,.F.);
#1585 = EDGE_LOOP('',(#1586,#1587,#1596,#1602));
#1586 = ORIENTED_EDGE('',*,*,#1572,.T.);
#1587 = ORIENTED_EDGE('',*,*,#1588,.T.);
#1588 = EDGE_CURVE('',#1565,#1589,#1591,.T.);
#1589 = VERTEX_POINT('',#1590);
#1590 = CARTESIAN_POINT('',(-17.39076255982,13.063321686557,73.0791));
#1591 = B_SPLINE_CURVE_WITH_KNOTS('',3,(#1592,#1593,#1594,#1595),
  .UNSPECIFIED.,.F.,.F.,(4,4),(0.,1.),.PIECEWISE_BEZIER_KNOTS.);
#1592 = CARTESIAN_POINT('',(-17.36689389827,13.05864155684,73.0791));
#1593 = CARTESIAN_POINT('',(-17.37641016202,13.063321686557,73.0791));
#1594 = CARTESIAN_POINT('',(-17.38124629606,13.063321686557,73.0791));
#1595 = CARTESIAN_POINT('',(-17.39076255982,13.063321686557,73.0791));
#1596 = ORIENTED_EDGE('',*,*,#1597,.F.);
#1597 = EDGE_CURVE('',#326,#1589,#1598,.T.);
#1598 = LINE('',#1599,#1600);
#1599 = CARTESIAN_POINT('',(-17.39076255982,13.063321686557,74.0791));
#1600 = VECTOR('',#1601,1.);
#1601 = DIRECTION('',(-0.,-0.,-1.));
#1602 = ORIENTED_EDGE('',*,*,#334,.F.);
#1603 = SURFACE_OF_LINEAR_EXTRUSION('',#1604,#1609);
#1604 = B_SPLINE_CURVE_WITH_KNOTS('',3,(#1605,#1606,#1607,#1608),
  .UNSPECIFIED.,.F.,.F.,(4,4),(0.,1.),.PIECEWISE_BEZIER_KNOTS.);
#1605 = CARTESIAN_POINT('',(-17.36689389827,13.05864155684,74.0791));
#1606 = CARTESIAN_POINT('',(-17.37641016202,13.063321686557,74.0791));
#1607 = CARTESIAN_POINT('',(-17.38124629606,13.063321686557,74.0791));
#1608 = CARTESIAN_POINT('',(-17.39076255982,13.063321686557,74.0791));
#1609 = VECTOR('',#1610,1.);
#1610 = DIRECTION('',(0.,0.,1.));
#1611 = ADVANCED_FACE('',(#1612),#1631,.F.);
#1612 = FACE_BOUND('',#1613,.F.);
#1613 = EDGE_LOOP('',(#1614,#1615,#1624,#1630));
#1614 = ORIENTED_EDGE('',*,*,#1597,.T.);
#1615 = ORIENTED_EDGE('',*,*,#1616,.T.);
#1616 = EDGE_CURVE('',#1589,#1617,#1619,.T.);
#1617 = VERTEX_POINT('',#1618);
#1618 = CARTESIAN_POINT('',(-17.42929562783,13.005912095362,73.0791));
#1619 = B_SPLINE_CURVE_WITH_KNOTS('',3,(#1620,#1621,#1622,#1623),
  .UNSPECIFIED.,.F.,.F.,(4,4),(0.,1.),.PIECEWISE_BEZIER_KNOTS.);
#1620 = CARTESIAN_POINT('',(-17.39076255982,13.063321686557,73.0791));
#1621 = CARTESIAN_POINT('',(-17.41962335974,13.063321686557,73.0791));
#1622 = CARTESIAN_POINT('',(-17.42929562783,13.044289159041,73.0791));
#1623 = CARTESIAN_POINT('',(-17.42929562783,13.005912095362,73.0791));
#1624 = ORIENTED_EDGE('',*,*,#1625,.F.);
#1625 = EDGE_CURVE('',#317,#1617,#1626,.T.);
#1626 = LINE('',#1627,#1628);
#1627 = CARTESIAN_POINT('',(-17.42929562783,13.005912095362,74.0791));
#1628 = VECTOR('',#1629,1.);
#1629 = DIRECTION('',(-0.,-0.,-1.));
#1630 = ORIENTED_EDGE('',*,*,#325,.F.);
#1631 = SURFACE_OF_LINEAR_EXTRUSION('',#1632,#1637);
#1632 = B_SPLINE_CURVE_WITH_KNOTS('',3,(#1633,#1634,#1635,#1636),
  .UNSPECIFIED.,.F.,.F.,(4,4),(0.,1.),.PIECEWISE_BEZIER_KNOTS.);
#1633 = CARTESIAN_POINT('',(-17.39076255982,13.063321686557,74.0791));
#1634 = CARTESIAN_POINT('',(-17.41962335974,13.063321686557,74.0791));
#1635 = CARTESIAN_POINT('',(-17.42929562783,13.044289159041,74.0791));
#1636 = CARTESIAN_POINT('',(-17.42929562783,13.005912095362,74.0791));
#1637 = VECTOR('',#1638,1.);
#1638 = DIRECTION('',(0.,0.,1.));
#1639 = ADVANCED_FACE('',(#1640),#1659,.F.);
#1640 = FACE_BOUND('',#1641,.F.);
#1641 = EDGE_LOOP('',(#1642,#1643,#1652,#1658));
#1642 = ORIENTED_EDGE('',*,*,#1625,.T.);
#1643 = ORIENTED_EDGE('',*,*,#1644,.T.);
#1644 = EDGE_CURVE('',#1617,#1645,#1647,.T.);
#1645 = VERTEX_POINT('',#1646);
#1646 = CARTESIAN_POINT('',(-17.52523828702,12.464265082783,73.0791));
#1647 = B_SPLINE_CURVE_WITH_KNOTS('',3,(#1648,#1649,#1650,#1651),
  .UNSPECIFIED.,.F.,.F.,(4,4),(0.,1.),.PIECEWISE_BEZIER_KNOTS.);
#1648 = CARTESIAN_POINT('',(-17.42929562783,13.005912095362,73.0791));
#1649 = CARTESIAN_POINT('',(-17.42929562783,12.852559844969,73.0791));
#1650 = CARTESIAN_POINT('',(-17.46283655746,12.665666664937,73.0791));
#1651 = CARTESIAN_POINT('',(-17.52523828702,12.464265082783,73.0791));
#1652 = ORIENTED_EDGE('',*,*,#1653,.F.);
#1653 = EDGE_CURVE('',#308,#1645,#1654,.T.);
#1654 = LINE('',#1655,#1656);
#1655 = CARTESIAN_POINT('',(-17.52523828702,12.464265082783,74.0791));
#1656 = VECTOR('',#1657,1.);
#1657 = DIRECTION('',(-0.,-0.,-1.));
#1658 = ORIENTED_EDGE('',*,*,#316,.F.);
#1659 = SURFACE_OF_LINEAR_EXTRUSION('',#1660,#1665);
#1660 = B_SPLINE_CURVE_WITH_KNOTS('',3,(#1661,#1662,#1663,#1664),
  .UNSPECIFIED.,.F.,.F.,(4,4),(0.,1.),.PIECEWISE_BEZIER_KNOTS.);
#1661 = CARTESIAN_POINT('',(-17.42929562783,13.005912095362,74.0791));
#1662 = CARTESIAN_POINT('',(-17.42929562783,12.852559844969,74.0791));
#1663 = CARTESIAN_POINT('',(-17.46283655746,12.665666664937,74.0791));
#1664 = CARTESIAN_POINT('',(-17.52523828702,12.464265082783,74.0791));
#1665 = VECTOR('',#1666,1.);
#1666 = DIRECTION('',(0.,0.,1.));
#1667 = ADVANCED_FACE('',(#1668),#1687,.F.);
#1668 = FACE_BOUND('',#1669,.F.);
#1669 = EDGE_LOOP('',(#1670,#1671,#1680,#1686));
#1670 = ORIENTED_EDGE('',*,*,#1653,.T.);
#1671 = ORIENTED_EDGE('',*,*,#1672,.T.);
#1672 = EDGE_CURVE('',#1645,#1673,#1675,.T.);
#1673 = VERTEX_POINT('',#1674);
#1674 = CARTESIAN_POINT('',(-18.47608464119,11.663962901179,73.0791));
#1675 = B_SPLINE_CURVE_WITH_KNOTS('',3,(#1676,#1677,#1678,#1679),
  .UNSPECIFIED.,.F.,.F.,(4,4),(0.,1.),.PIECEWISE_BEZIER_KNOTS.);
#1676 = CARTESIAN_POINT('',(-17.52523828702,12.464265082783,73.0791));
#1677 = CARTESIAN_POINT('',(-17.70292721195,11.91325781077,73.0791));
#1678 = CARTESIAN_POINT('',(-17.99590333223,11.663962901179,73.0791));
#1679 = CARTESIAN_POINT('',(-18.47608464119,11.663962901179,73.0791));
#1680 = ORIENTED_EDGE('',*,*,#1681,.F.);
#1681 = EDGE_CURVE('',#299,#1673,#1682,.T.);
#1682 = LINE('',#1683,#1684);
#1683 = CARTESIAN_POINT('',(-18.47608464119,11.663962901179,74.0791));
#1684 = VECTOR('',#1685,1.);
#1685 = DIRECTION('',(-0.,-0.,-1.));
#1686 = ORIENTED_EDGE('',*,*,#307,.F.);
#1687 = SURFACE_OF_LINEAR_EXTRUSION('',#1688,#1693);
#1688 = B_SPLINE_CURVE_WITH_KNOTS('',3,(#1689,#1690,#1691,#1692),
  .UNSPECIFIED.,.F.,.F.,(4,4),(0.,1.),.PIECEWISE_BEZIER_KNOTS.);
#1689 = CARTESIAN_POINT('',(-17.52523828702,12.464265082783,74.0791));
#1690 = CARTESIAN_POINT('',(-17.70292721195,11.91325781077,74.0791));
#1691 = CARTESIAN_POINT('',(-17.99590333223,11.663962901179,74.0791));
#1692 = CARTESIAN_POINT('',(-18.47608464119,11.663962901179,74.0791));
#1693 = VECTOR('',#1694,1.);
#1694 = DIRECTION('',(0.,0.,1.));
#1695 = ADVANCED_FACE('',(#1696),#1715,.F.);
#1696 = FACE_BOUND('',#1697,.F.);
#1697 = EDGE_LOOP('',(#1698,#1699,#1708,#1714));
#1698 = ORIENTED_EDGE('',*,*,#1681,.T.);
#1699 = ORIENTED_EDGE('',*,*,#1700,.T.);
#1700 = EDGE_CURVE('',#1673,#1701,#1703,.T.);
#1701 = VERTEX_POINT('',#1702);
#1702 = CARTESIAN_POINT('',(-19.29713539787,12.33010136423,73.0791));
#1703 = B_SPLINE_CURVE_WITH_KNOTS('',3,(#1704,#1705,#1706,#1707),
  .UNSPECIFIED.,.F.,.F.,(4,4),(0.,1.),.PIECEWISE_BEZIER_KNOTS.);
#1704 = CARTESIAN_POINT('',(-18.47608464119,11.663962901179,73.0791));
#1705 = CARTESIAN_POINT('',(-18.93692141399,11.663962901179,73.0791));
#1706 = CARTESIAN_POINT('',(-19.29713539787,11.951478870126,73.0791));
#1707 = CARTESIAN_POINT('',(-19.29713539787,12.33010136423,73.0791));
#1708 = ORIENTED_EDGE('',*,*,#1709,.F.);
#1709 = EDGE_CURVE('',#290,#1701,#1710,.T.);
#1710 = LINE('',#1711,#1712);
#1711 = CARTESIAN_POINT('',(-19.29713539787,12.33010136423,74.0791));
#1712 = VECTOR('',#1713,1.);
#1713 = DIRECTION('',(-0.,-0.,-1.));
#1714 = ORIENTED_EDGE('',*,*,#298,.F.);
#1715 = SURFACE_OF_LINEAR_EXTRUSION('',#1716,#1721);
#1716 = B_SPLINE_CURVE_WITH_KNOTS('',3,(#1717,#1718,#1719,#1720),
  .UNSPECIFIED.,.F.,.F.,(4,4),(0.,1.),.PIECEWISE_BEZIER_KNOTS.);
#1717 = CARTESIAN_POINT('',(-18.47608464119,11.663962901179,74.0791));
#1718 = CARTESIAN_POINT('',(-18.93692141399,11.663962901179,74.0791));
#1719 = CARTESIAN_POINT('',(-19.29713539787,11.951478870126,74.0791));
#1720 = CARTESIAN_POINT('',(-19.29713539787,12.33010136423,74.0791));
#1721 = VECTOR('',#1722,1.);
#1722 = DIRECTION('',(0.,0.,1.));
#1723 = ADVANCED_FACE('',(#1724),#1743,.F.);
#1724 = FACE_BOUND('',#1725,.F.);
#1725 = EDGE_LOOP('',(#1726,#1727,#1736,#1742));
#1726 = ORIENTED_EDGE('',*,*,#1709,.T.);
#1727 = ORIENTED_EDGE('',*,*,#1728,.T.);
#1728 = EDGE_CURVE('',#1701,#1729,#1731,.T.);
#1729 = VERTEX_POINT('',#1730);
#1730 = CARTESIAN_POINT('',(-19.15782353663,12.646478133098,73.0791));
#1731 = B_SPLINE_CURVE_WITH_KNOTS('',3,(#1732,#1733,#1734,#1735),
  .UNSPECIFIED.,.F.,.F.,(4,4),(0.,1.),.PIECEWISE_BEZIER_KNOTS.);
#1732 = CARTESIAN_POINT('',(-19.29713539787,12.33010136423,73.0791));
#1733 = CARTESIAN_POINT('',(-19.29713539787,12.426044023428,73.0791));
#1734 = CARTESIAN_POINT('',(-19.26343846391,12.502642146462,73.0791));
#1735 = CARTESIAN_POINT('',(-19.15782353663,12.646478133098,73.0791));
#1736 = ORIENTED_EDGE('',*,*,#1737,.F.);
#1737 = EDGE_CURVE('',#281,#1729,#1738,.T.);
#1738 = LINE('',#1739,#1740);
#1739 = CARTESIAN_POINT('',(-19.15782353663,12.646478133098,74.0791));
#1740 = VECTOR('',#1741,1.);
#1741 = DIRECTION('',(-0.,-0.,-1.));
#1742 = ORIENTED_EDGE('',*,*,#289,.F.);
#1743 = SURFACE_OF_LINEAR_EXTRUSION('',#1744,#1749);
#1744 = B_SPLINE_CURVE_WITH_KNOTS('',3,(#1745,#1746,#1747,#1748),
  .UNSPECIFIED.,.F.,.F.,(4,4),(0.,1.),.PIECEWISE_BEZIER_KNOTS.);
#1745 = CARTESIAN_POINT('',(-19.29713539787,12.33010136423,74.0791));
#1746 = CARTESIAN_POINT('',(-19.29713539787,12.426044023428,74.0791));
#1747 = CARTESIAN_POINT('',(-19.26343846391,12.502642146462,74.0791));
#1748 = CARTESIAN_POINT('',(-19.15782353663,12.646478133098,74.0791));
#1749 = VECTOR('',#1750,1.);
#1750 = DIRECTION('',(0.,0.,1.));
#1751 = ADVANCED_FACE('',(#1752),#1771,.F.);
#1752 = FACE_BOUND('',#1753,.F.);
#1753 = EDGE_LOOP('',(#1754,#1755,#1764,#1770));
#1754 = ORIENTED_EDGE('',*,*,#1737,.T.);
#1755 = ORIENTED_EDGE('',*,*,#1756,.T.);
#1756 = EDGE_CURVE('',#1729,#1757,#1759,.T.);
#1757 = VERTEX_POINT('',#1758);
#1758 = CARTESIAN_POINT('',(-18.99947914787,13.01542835912,73.0791));
#1759 = B_SPLINE_CURVE_WITH_KNOTS('',3,(#1760,#1761,#1762,#1763),
  .UNSPECIFIED.,.F.,.F.,(4,4),(0.,1.),.PIECEWISE_BEZIER_KNOTS.);
#1760 = CARTESIAN_POINT('',(-19.15782353663,12.646478133098,73.0791));
#1761 = CARTESIAN_POINT('',(-19.04269234559,12.799830383491,73.0791));
#1762 = CARTESIAN_POINT('',(-18.99947914787,12.905289306447,73.0791));
#1763 = CARTESIAN_POINT('',(-18.99947914787,13.01542835912,73.0791));
#1764 = ORIENTED_EDGE('',*,*,#1765,.F.);
#1765 = EDGE_CURVE('',#272,#1757,#1766,.T.);
#1766 = LINE('',#1767,#1768);
#1767 = CARTESIAN_POINT('',(-18.99947914787,13.01542835912,74.0791));
#1768 = VECTOR('',#1769,1.);
#1769 = DIRECTION('',(-0.,-0.,-1.));
#1770 = ORIENTED_EDGE('',*,*,#280,.F.);
#1771 = SURFACE_OF_LINEAR_EXTRUSION('',#1772,#1777);
#1772 = B_SPLINE_CURVE_WITH_KNOTS('',3,(#1773,#1774,#1775,#1776),
  .UNSPECIFIED.,.F.,.F.,(4,4),(0.,1.),.PIECEWISE_BEZIER_KNOTS.);
#1773 = CARTESIAN_POINT('',(-19.15782353663,12.646478133098,74.0791));
#1774 = CARTESIAN_POINT('',(-19.04269234559,12.799830383491,74.0791));
#1775 = CARTESIAN_POINT('',(-18.99947914787,12.905289306447,74.0791));
#1776 = CARTESIAN_POINT('',(-18.99947914787,13.01542835912,74.0791));
#1777 = VECTOR('',#1778,1.);
#1778 = DIRECTION('',(0.,0.,1.));
#1779 = ADVANCED_FACE('',(#1780),#1799,.F.);
#1780 = FACE_BOUND('',#1781,.F.);
#1781 = EDGE_LOOP('',(#1782,#1783,#1792,#1798));
#1782 = ORIENTED_EDGE('',*,*,#1765,.T.);
#1783 = ORIENTED_EDGE('',*,*,#1784,.T.);
#1784 = EDGE_CURVE('',#1757,#1785,#1787,.T.);
#1785 = VERTEX_POINT('',#1786);
#1786 = CARTESIAN_POINT('',(-19.17701206847,13.21667393695,73.0791));
#1787 = B_SPLINE_CURVE_WITH_KNOTS('',3,(#1788,#1789,#1790,#1791),
  .UNSPECIFIED.,.F.,.F.,(4,4),(0.,1.),.PIECEWISE_BEZIER_KNOTS.);
#1788 = CARTESIAN_POINT('',(-18.99947914787,13.01542835912,73.0791));
#1789 = CARTESIAN_POINT('',(-18.99947914787,13.149592077673,73.0791));
#1790 = CARTESIAN_POINT('',(-19.05704474339,13.21667393695,73.0791));
#1791 = CARTESIAN_POINT('',(-19.17701206847,13.21667393695,73.0791));
#1792 = ORIENTED_EDGE('',*,*,#1793,.F.);
#1793 = EDGE_CURVE('',#263,#1785,#1794,.T.);
#1794 = LINE('',#1795,#1796);
#1795 = CARTESIAN_POINT('',(-19.17701206847,13.21667393695,74.0791));
#1796 = VECTOR('',#1797,1.);
#1797 = DIRECTION('',(-0.,-0.,-1.));
#1798 = ORIENTED_EDGE('',*,*,#271,.F.);
#1799 = SURFACE_OF_LINEAR_EXTRUSION('',#1800,#1805);
#1800 = B_SPLINE_CURVE_WITH_KNOTS('',3,(#1801,#1802,#1803,#1804),
  .UNSPECIFIED.,.F.,.F.,(4,4),(0.,1.),.PIECEWISE_BEZIER_KNOTS.);
#1801 = CARTESIAN_POINT('',(-18.99947914787,13.01542835912,74.0791));
#1802 = CARTESIAN_POINT('',(-18.99947914787,13.149592077673,74.0791));
#1803 = CARTESIAN_POINT('',(-19.05704474339,13.21667393695,74.0791));
#1804 = CARTESIAN_POINT('',(-19.17701206847,13.21667393695,74.0791));
#1805 = VECTOR('',#1806,1.);
#1806 = DIRECTION('',(0.,0.,1.));
#1807 = ADVANCED_FACE('',(#1808),#1827,.F.);
#1808 = FACE_BOUND('',#1809,.F.);
#1809 = EDGE_LOOP('',(#1810,#1811,#1820,#1826));
#1810 = ORIENTED_EDGE('',*,*,#1793,.T.);
#1811 = ORIENTED_EDGE('',*,*,#1812,.T.);
#1812 = EDGE_CURVE('',#1785,#1813,#1815,.T.);
#1813 = VERTEX_POINT('',#1814);
#1814 = CARTESIAN_POINT('',(-19.47435630982,12.632125735299,73.0791));
#1815 = B_SPLINE_CURVE_WITH_KNOTS('',3,(#1816,#1817,#1818,#1819),
  .UNSPECIFIED.,.F.,.F.,(4,4),(0.,1.),.PIECEWISE_BEZIER_KNOTS.);
#1816 = CARTESIAN_POINT('',(-19.17701206847,13.21667393695,73.0791));
#1817 = CARTESIAN_POINT('',(-19.35938112311,13.21667393695,73.0791));
#1818 = CARTESIAN_POINT('',(-19.47435630982,12.99623982728,73.0791));
#1819 = CARTESIAN_POINT('',(-19.47435630982,12.632125735299,73.0791));
#1820 = ORIENTED_EDGE('',*,*,#1821,.F.);
#1821 = EDGE_CURVE('',#254,#1813,#1822,.T.);
#1822 = LINE('',#1823,#1824);
#1823 = CARTESIAN_POINT('',(-19.47435630982,12.632125735299,74.0791));
#1824 = VECTOR('',#1825,1.);
#1825 = DIRECTION('',(-0.,-0.,-1.));
#1826 = ORIENTED_EDGE('',*,*,#262,.F.);
#1827 = SURFACE_OF_LINEAR_EXTRUSION('',#1828,#1833);
#1828 = B_SPLINE_CURVE_WITH_KNOTS('',3,(#1829,#1830,#1831,#1832),
  .UNSPECIFIED.,.F.,.F.,(4,4),(0.,1.),.PIECEWISE_BEZIER_KNOTS.);
#1829 = CARTESIAN_POINT('',(-19.17701206847,13.21667393695,74.0791));
#1830 = CARTESIAN_POINT('',(-19.35938112311,13.21667393695,74.0791));
#1831 = CARTESIAN_POINT('',(-19.47435630982,12.99623982728,74.0791));
#1832 = CARTESIAN_POINT('',(-19.47435630982,12.632125735299,74.0791));
#1833 = VECTOR('',#1834,1.);
#1834 = DIRECTION('',(0.,0.,1.));
#1835 = ADVANCED_FACE('',(#1836),#1855,.F.);
#1836 = FACE_BOUND('',#1837,.F.);
#1837 = EDGE_LOOP('',(#1838,#1839,#1848,#1854));
#1838 = ORIENTED_EDGE('',*,*,#1821,.T.);
#1839 = ORIENTED_EDGE('',*,*,#1840,.T.);
#1840 = EDGE_CURVE('',#1813,#1841,#1843,.T.);
#1841 = VERTEX_POINT('',#1842);
#1842 = CARTESIAN_POINT('',(-19.10025794111,11.64477436934,73.0791));
#1843 = B_SPLINE_CURVE_WITH_KNOTS('',3,(#1844,#1845,#1846,#1847),
  .UNSPECIFIED.,.F.,.F.,(4,4),(0.,1.),.PIECEWISE_BEZIER_KNOTS.);
#1844 = CARTESIAN_POINT('',(-19.47435630982,12.632125735299,73.0791));
#1845 = CARTESIAN_POINT('',(-19.47435630982,12.234314709355,73.0791));
#1846 = CARTESIAN_POINT('',(-19.34502872531,11.88923314489,73.0791));
#1847 = CARTESIAN_POINT('',(-19.10025794111,11.64477436934,73.0791));
#1848 = ORIENTED_EDGE('',*,*,#1849,.F.);
#1849 = EDGE_CURVE('',#245,#1841,#1850,.T.);
#1850 = LINE('',#1851,#1852);
#1851 = CARTESIAN_POINT('',(-19.10025794111,11.64477436934,74.0791));
#1852 = VECTOR('',#1853,1.);
#1853 = DIRECTION('',(-0.,-0.,-1.));
#1854 = ORIENTED_EDGE('',*,*,#253,.F.);
#1855 = SURFACE_OF_LINEAR_EXTRUSION('',#1856,#1861);
#1856 = B_SPLINE_CURVE_WITH_KNOTS('',3,(#1857,#1858,#1859,#1860),
  .UNSPECIFIED.,.F.,.F.,(4,4),(0.,1.),.PIECEWISE_BEZIER_KNOTS.);
#1857 = CARTESIAN_POINT('',(-19.47435630982,12.632125735299,74.0791));
#1858 = CARTESIAN_POINT('',(-19.47435630982,12.234314709355,74.0791));
#1859 = CARTESIAN_POINT('',(-19.34502872531,11.88923314489,74.0791));
#1860 = CARTESIAN_POINT('',(-19.10025794111,11.64477436934,74.0791));
#1861 = VECTOR('',#1862,1.);
#1862 = DIRECTION('',(0.,0.,1.));
#1863 = ADVANCED_FACE('',(#1864),#1883,.F.);
#1864 = FACE_BOUND('',#1865,.F.);
#1865 = EDGE_LOOP('',(#1866,#1867,#1876,#1882));
#1866 = ORIENTED_EDGE('',*,*,#1849,.T.);
#1867 = ORIENTED_EDGE('',*,*,#1868,.T.);
#1868 = EDGE_CURVE('',#1841,#1869,#1871,.T.);
#1869 = VERTEX_POINT('',#1870);
#1870 = CARTESIAN_POINT('',(-18.24551025047,11.328553604796,73.0791));
#1871 = B_SPLINE_CURVE_WITH_KNOTS('',3,(#1872,#1873,#1874,#1875),
  .UNSPECIFIED.,.F.,.F.,(4,4),(0.,1.),.PIECEWISE_BEZIER_KNOTS.);
#1872 = CARTESIAN_POINT('',(-19.10025794111,11.64477436934,73.0791));
#1873 = CARTESIAN_POINT('',(-18.88419195251,11.429176393711,73.0791));
#1874 = CARTESIAN_POINT('',(-18.61040436407,11.328553604796,73.0791));
#1875 = CARTESIAN_POINT('',(-18.24551025047,11.328553604796,73.0791));
#1876 = ORIENTED_EDGE('',*,*,#1877,.F.);
#1877 = EDGE_CURVE('',#236,#1869,#1878,.T.);
#1878 = LINE('',#1879,#1880);
#1879 = CARTESIAN_POINT('',(-18.24551025047,11.328553604796,74.0791));
#1880 = VECTOR('',#1881,1.);
#1881 = DIRECTION('',(-0.,-0.,-1.));
#1882 = ORIENTED_EDGE('',*,*,#244,.F.);
#1883 = SURFACE_OF_LINEAR_EXTRUSION('',#1884,#1889);
#1884 = B_SPLINE_CURVE_WITH_KNOTS('',3,(#1885,#1886,#1887,#1888),
  .UNSPECIFIED.,.F.,.F.,(4,4),(0.,1.),.PIECEWISE_BEZIER_KNOTS.);
#1885 = CARTESIAN_POINT('',(-19.10025794111,11.64477436934,74.0791));
#1886 = CARTESIAN_POINT('',(-18.88419195251,11.429176393711,74.0791));
#1887 = CARTESIAN_POINT('',(-18.61040436407,11.328553604796,74.0791));
#1888 = CARTESIAN_POINT('',(-18.24551025047,11.328553604796,74.0791));
#1889 = VECTOR('',#1890,1.);
#1890 = DIRECTION('',(0.,0.,1.));
#1891 = ADVANCED_FACE('',(#1892),#1911,.F.);
#1892 = FACE_BOUND('',#1893,.F.);
#1893 = EDGE_LOOP('',(#1894,#1895,#1904,#1910));
#1894 = ORIENTED_EDGE('',*,*,#1877,.T.);
#1895 = ORIENTED_EDGE('',*,*,#1896,.T.);
#1896 = EDGE_CURVE('',#1869,#1897,#1899,.T.);
#1897 = VERTEX_POINT('',#1898);
#1898 = CARTESIAN_POINT('',(-17.43881189158,11.654446637421,73.0791));
#1899 = B_SPLINE_CURVE_WITH_KNOTS('',3,(#1900,#1901,#1902,#1903),
  .UNSPECIFIED.,.F.,.F.,(4,4),(0.,1.),.PIECEWISE_BEZIER_KNOTS.);
#1900 = CARTESIAN_POINT('',(-18.24551025047,11.328553604796,73.0791));
#1901 = CARTESIAN_POINT('',(-17.89980466871,11.328553604796,73.0791));
#1902 = CARTESIAN_POINT('',(-17.67890254606,11.419660129953,73.0791));
#1903 = CARTESIAN_POINT('',(-17.43881189158,11.654446637421,73.0791));
#1904 = ORIENTED_EDGE('',*,*,#1905,.F.);
#1905 = EDGE_CURVE('',#227,#1897,#1906,.T.);
#1906 = LINE('',#1907,#1908);
#1907 = CARTESIAN_POINT('',(-17.43881189158,11.654446637421,74.0791));
#1908 = VECTOR('',#1909,1.);
#1909 = DIRECTION('',(-0.,-0.,-1.));
#1910 = ORIENTED_EDGE('',*,*,#235,.F.);
#1911 = SURFACE_OF_LINEAR_EXTRUSION('',#1912,#1917);
#1912 = B_SPLINE_CURVE_WITH_KNOTS('',3,(#1913,#1914,#1915,#1916),
  .UNSPECIFIED.,.F.,.F.,(4,4),(0.,1.),.PIECEWISE_BEZIER_KNOTS.);
#1913 = CARTESIAN_POINT('',(-18.24551025047,11.328553604796,74.0791));
#1914 = CARTESIAN_POINT('',(-17.89980466871,11.328553604796,74.0791));
#1915 = CARTESIAN_POINT('',(-17.67890254606,11.419660129953,74.0791));
#1916 = CARTESIAN_POINT('',(-17.43881189158,11.654446637421,74.0791));
#1917 = VECTOR('',#1918,1.);
#1918 = DIRECTION('',(0.,0.,1.));
#1919 = ADVANCED_FACE('',(#1920),#1939,.F.);
#1920 = FACE_BOUND('',#1921,.F.);
#1921 = EDGE_LOOP('',(#1922,#1923,#1932,#1938));
#1922 = ORIENTED_EDGE('',*,*,#1905,.T.);
#1923 = ORIENTED_EDGE('',*,*,#1924,.T.);
#1924 = EDGE_CURVE('',#1897,#1925,#1927,.T.);
#1925 = VERTEX_POINT('',#1926);
#1926 = CARTESIAN_POINT('',(-17.01635218246,12.703887724292,73.0791));
#1927 = B_SPLINE_CURVE_WITH_KNOTS('',3,(#1928,#1929,#1930,#1931),
  .UNSPECIFIED.,.F.,.F.,(4,4),(0.,1.),.PIECEWISE_BEZIER_KNOTS.);
#1928 = CARTESIAN_POINT('',(-17.43881189158,11.654446637421,73.0791));
#1929 = CARTESIAN_POINT('',(-17.22758203702,11.865364483333,73.0791));
#1930 = CARTESIAN_POINT('',(-17.1171309757,12.138528054481,73.0791));
#1931 = CARTESIAN_POINT('',(-17.01635218246,12.703887724292,73.0791));
#1932 = ORIENTED_EDGE('',*,*,#1933,.F.);
#1933 = EDGE_CURVE('',#219,#1925,#1934,.T.);
#1934 = LINE('',#1935,#1936);
#1935 = CARTESIAN_POINT('',(-17.01635218246,12.703887724292,74.0791));
#1936 = VECTOR('',#1937,1.);
#1937 = DIRECTION('',(-0.,-0.,-1.));
#1938 = ORIENTED_EDGE('',*,*,#226,.F.);
#1939 = SURFACE_OF_LINEAR_EXTRUSION('',#1940,#1945);
#1940 = B_SPLINE_CURVE_WITH_KNOTS('',3,(#1941,#1942,#1943,#1944),
  .UNSPECIFIED.,.F.,.F.,(4,4),(0.,1.),.PIECEWISE_BEZIER_KNOTS.);
#1941 = CARTESIAN_POINT('',(-17.43881189158,11.654446637421,74.0791));
#1942 = CARTESIAN_POINT('',(-17.22758203702,11.865364483333,74.0791));
#1943 = CARTESIAN_POINT('',(-17.1171309757,12.138528054481,74.0791));
#1944 = CARTESIAN_POINT('',(-17.01635218246,12.703887724292,74.0791));
#1945 = VECTOR('',#1946,1.);
#1946 = DIRECTION('',(0.,0.,1.));
#1947 = ADVANCED_FACE('',(#1948),#1959,.F.);
#1948 = FACE_BOUND('',#1949,.F.);
#1949 = EDGE_LOOP('',(#1950,#1951,#1957,#1958));
#1950 = ORIENTED_EDGE('',*,*,#1933,.T.);
#1951 = ORIENTED_EDGE('',*,*,#1952,.T.);
#1952 = EDGE_CURVE('',#1925,#1405,#1953,.T.);
#1953 = LINE('',#1954,#1955);
#1954 = CARTESIAN_POINT('',(-17.01635218246,12.703887724292,73.0791));
#1955 = VECTOR('',#1956,1.);
#1956 = DIRECTION('',(0.896949078742,-0.442133859984,0.));
#1957 = ORIENTED_EDGE('',*,*,#1404,.F.);
#1958 = ORIENTED_EDGE('',*,*,#218,.F.);
#1959 = PLANE('',#1960);
#1960 = AXIS2_PLACEMENT_3D('',#1961,#1962,#1963);
#1961 = CARTESIAN_POINT('',(-17.01635218246,12.703887724292,74.0791));
#1962 = DIRECTION('',(-0.442133859984,-0.896949078742,0.));
#1963 = DIRECTION('',(0.896949078742,-0.442133859984,0.));
#1964 = ADVANCED_FACE('',(#1965),#1991,.F.);
#1965 = FACE_BOUND('',#1966,.F.);
#1966 = EDGE_LOOP('',(#1967,#1975,#1984,#1990));
#1967 = ORIENTED_EDGE('',*,*,#1968,.T.);
#1968 = EDGE_CURVE('',#394,#1969,#1971,.T.);
#1969 = VERTEX_POINT('',#1970);
#1970 = CARTESIAN_POINT('',(-17.34380525833,9.540900057233,73.0791));
#1971 = LINE('',#1972,#1973);
#1972 = CARTESIAN_POINT('',(-17.34380525833,9.540900057233,74.0791));
#1973 = VECTOR('',#1974,1.);
#1974 = DIRECTION('',(-0.,-0.,-1.));
#1975 = ORIENTED_EDGE('',*,*,#1976,.T.);
#1976 = EDGE_CURVE('',#1969,#1977,#1979,.T.);
#1977 = VERTEX_POINT('',#1978);
#1978 = CARTESIAN_POINT('',(-17.15207594426,9.507359127594,73.0791));
#1979 = B_SPLINE_CURVE_WITH_KNOTS('',3,(#1980,#1981,#1982,#1983),
  .UNSPECIFIED.,.F.,.F.,(4,4),(0.,1.),.PIECEWISE_BEZIER_KNOTS.);
#1980 = CARTESIAN_POINT('',(-17.34380525833,9.540900057233,73.0791));
#1981 = CARTESIAN_POINT('',(-17.25753486721,9.526547659434,73.0791));
#1982 = CARTESIAN_POINT('',(-17.19528914198,9.517031395676,73.0791));
#1983 = CARTESIAN_POINT('',(-17.15207594426,9.507359127594,73.0791));
#1984 = ORIENTED_EDGE('',*,*,#1985,.F.);
#1985 = EDGE_CURVE('',#396,#1977,#1986,.T.);
#1986 = LINE('',#1987,#1988);
#1987 = CARTESIAN_POINT('',(-17.15207594426,9.507359127594,74.0791));
#1988 = VECTOR('',#1989,1.);
#1989 = DIRECTION('',(-0.,-0.,-1.));
#1990 = ORIENTED_EDGE('',*,*,#393,.F.);
#1991 = SURFACE_OF_LINEAR_EXTRUSION('',#1992,#1997);
#1992 = B_SPLINE_CURVE_WITH_KNOTS('',3,(#1993,#1994,#1995,#1996),
  .UNSPECIFIED.,.F.,.F.,(4,4),(0.,1.),.PIECEWISE_BEZIER_KNOTS.);
#1993 = CARTESIAN_POINT('',(-17.34380525833,9.540900057233,74.0791));
#1994 = CARTESIAN_POINT('',(-17.25753486721,9.526547659434,74.0791));
#1995 = CARTESIAN_POINT('',(-17.19528914198,9.517031395676,74.0791));
#1996 = CARTESIAN_POINT('',(-17.15207594426,9.507359127594,74.0791));
#1997 = VECTOR('',#1998,1.);
#1998 = DIRECTION('',(0.,0.,1.));
#1999 = ADVANCED_FACE('',(#2000),#2019,.F.);
#2000 = FACE_BOUND('',#2001,.F.);
#2001 = EDGE_LOOP('',(#2002,#2003,#2012,#2018));
#2002 = ORIENTED_EDGE('',*,*,#1985,.T.);
#2003 = ORIENTED_EDGE('',*,*,#2004,.T.);
#2004 = EDGE_CURVE('',#1977,#2005,#2007,.T.);
#2005 = VERTEX_POINT('',#2006);
#2006 = CARTESIAN_POINT('',(-16.36129002641,9.38754780684,73.0791));
#2007 = B_SPLINE_CURVE_WITH_KNOTS('',3,(#2008,#2009,#2010,#2011),
  .UNSPECIFIED.,.F.,.F.,(4,4),(0.,1.),.PIECEWISE_BEZIER_KNOTS.);
#2008 = CARTESIAN_POINT('',(-17.15207594426,9.507359127594,73.0791));
#2009 = CARTESIAN_POINT('',(-16.78780584795,9.43076100456,73.0791));
#2010 = CARTESIAN_POINT('',(-16.50028987901,9.38754780684,73.0791));
#2011 = CARTESIAN_POINT('',(-16.36129002641,9.38754780684,73.0791));
#2012 = ORIENTED_EDGE('',*,*,#2013,.F.);
#2013 = EDGE_CURVE('',#431,#2005,#2014,.T.);
#2014 = LINE('',#2015,#2016);
#2015 = CARTESIAN_POINT('',(-16.36129002641,9.38754780684,74.0791));
#2016 = VECTOR('',#2017,1.);
#2017 = DIRECTION('',(-0.,-0.,-1.));
#2018 = ORIENTED_EDGE('',*,*,#439,.F.);
#2019 = SURFACE_OF_LINEAR_EXTRUSION('',#2020,#2025);
#2020 = B_SPLINE_CURVE_WITH_KNOTS('',3,(#2021,#2022,#2023,#2024),
  .UNSPECIFIED.,.F.,.F.,(4,4),(0.,1.),.PIECEWISE_BEZIER_KNOTS.);
#2021 = CARTESIAN_POINT('',(-17.15207594426,9.507359127594,74.0791));
#2022 = CARTESIAN_POINT('',(-16.78780584795,9.43076100456,74.0791));
#2023 = CARTESIAN_POINT('',(-16.50028987901,9.38754780684,74.0791));
#2024 = CARTESIAN_POINT('',(-16.36129002641,9.38754780684,74.0791));
#2025 = VECTOR('',#2026,1.);
#2026 = DIRECTION('',(0.,0.,1.));
#2027 = ADVANCED_FACE('',(#2028),#2047,.F.);
#2028 = FACE_BOUND('',#2029,.F.);
#2029 = EDGE_LOOP('',(#2030,#2031,#2040,#2046));
#2030 = ORIENTED_EDGE('',*,*,#2013,.T.);
#2031 = ORIENTED_EDGE('',*,*,#2032,.T.);
#2032 = EDGE_CURVE('',#2005,#2033,#2035,.T.);
#2033 = VERTEX_POINT('',#2034);
#2034 = CARTESIAN_POINT('',(-16.16956071234,9.58879338467,73.0791));
#2035 = B_SPLINE_CURVE_WITH_KNOTS('',3,(#2036,#2037,#2038,#2039),
  .UNSPECIFIED.,.F.,.F.,(4,4),(0.,1.),.PIECEWISE_BEZIER_KNOTS.);
#2036 = CARTESIAN_POINT('',(-16.36129002641,9.38754780684,73.0791));
#2037 = CARTESIAN_POINT('',(-16.25583110345,9.38754780684,73.0791));
#2038 = CARTESIAN_POINT('',(-16.16956071234,9.478654331997,73.0791));
#2039 = CARTESIAN_POINT('',(-16.16956071234,9.58879338467,73.0791));
#2040 = ORIENTED_EDGE('',*,*,#2041,.F.);
#2041 = EDGE_CURVE('',#422,#2033,#2042,.T.);
#2042 = LINE('',#2043,#2044);
#2043 = CARTESIAN_POINT('',(-16.16956071234,9.58879338467,74.0791));
#2044 = VECTOR('',#2045,1.);
#2045 = DIRECTION('',(-0.,-0.,-1.));
#2046 = ORIENTED_EDGE('',*,*,#430,.F.);
#2047 = SURFACE_OF_LINEAR_EXTRUSION('',#2048,#2053);
#2048 = B_SPLINE_CURVE_WITH_KNOTS('',3,(#2049,#2050,#2051,#2052),
  .UNSPECIFIED.,.F.,.F.,(4,4),(0.,1.),.PIECEWISE_BEZIER_KNOTS.);
#2049 = CARTESIAN_POINT('',(-16.36129002641,9.38754780684,74.0791));
#2050 = CARTESIAN_POINT('',(-16.25583110345,9.38754780684,74.0791));
#2051 = CARTESIAN_POINT('',(-16.16956071234,9.478654331997,74.0791));
#2052 = CARTESIAN_POINT('',(-16.16956071234,9.58879338467,74.0791));
#2053 = VECTOR('',#2054,1.);
#2054 = DIRECTION('',(0.,0.,1.));
#2055 = ADVANCED_FACE('',(#2056),#2075,.F.);
#2056 = FACE_BOUND('',#2057,.F.);
#2057 = EDGE_LOOP('',(#2058,#2059,#2068,#2074));
#2058 = ORIENTED_EDGE('',*,*,#2041,.T.);
#2059 = ORIENTED_EDGE('',*,*,#2060,.T.);
#2060 = EDGE_CURVE('',#2033,#2061,#2063,.T.);
#2061 = VERTEX_POINT('',#2062);
#2062 = CARTESIAN_POINT('',(-16.36612616045,9.794875096541,73.0791));
#2063 = B_SPLINE_CURVE_WITH_KNOTS('',3,(#2064,#2065,#2066,#2067),
  .UNSPECIFIED.,.F.,.F.,(4,4),(0.,1.),.PIECEWISE_BEZIER_KNOTS.);
#2064 = CARTESIAN_POINT('',(-16.16956071234,9.58879338467,73.0791));
#2065 = CARTESIAN_POINT('',(-16.16956071234,9.703924575708,73.0791));
#2066 = CARTESIAN_POINT('',(-16.25583110345,9.794875096541,73.0791));
#2067 = CARTESIAN_POINT('',(-16.36612616045,9.794875096541,73.0791));
#2068 = ORIENTED_EDGE('',*,*,#2069,.F.);
#2069 = EDGE_CURVE('',#413,#2061,#2070,.T.);
#2070 = LINE('',#2071,#2072);
#2071 = CARTESIAN_POINT('',(-16.36612616045,9.794875096541,74.0791));
#2072 = VECTOR('',#2073,1.);
#2073 = DIRECTION('',(-0.,-0.,-1.));
#2074 = ORIENTED_EDGE('',*,*,#421,.F.);
#2075 = SURFACE_OF_LINEAR_EXTRUSION('',#2076,#2081);
#2076 = B_SPLINE_CURVE_WITH_KNOTS('',3,(#2077,#2078,#2079,#2080),
  .UNSPECIFIED.,.F.,.F.,(4,4),(0.,1.),.PIECEWISE_BEZIER_KNOTS.);
#2077 = CARTESIAN_POINT('',(-16.16956071234,9.58879338467,74.0791));
#2078 = CARTESIAN_POINT('',(-16.16956071234,9.703924575708,74.0791));
#2079 = CARTESIAN_POINT('',(-16.25583110345,9.794875096541,74.0791));
#2080 = CARTESIAN_POINT('',(-16.36612616045,9.794875096541,74.0791));
#2081 = VECTOR('',#2082,1.);
#2082 = DIRECTION('',(0.,0.,1.));
#2083 = ADVANCED_FACE('',(#2084),#2103,.F.);
#2084 = FACE_BOUND('',#2085,.F.);
#2085 = EDGE_LOOP('',(#2086,#2087,#2096,#2102));
#2086 = ORIENTED_EDGE('',*,*,#2069,.T.);
#2087 = ORIENTED_EDGE('',*,*,#2088,.T.);
#2088 = EDGE_CURVE('',#2061,#2089,#2091,.T.);
#2089 = VERTEX_POINT('',#2090);
#2090 = CARTESIAN_POINT('',(-17.34380525833,9.641522846148,73.0791));
#2091 = B_SPLINE_CURVE_WITH_KNOTS('',3,(#2092,#2093,#2094,#2095),
  .UNSPECIFIED.,.F.,.F.,(4,4),(0.,1.),.PIECEWISE_BEZIER_KNOTS.);
#2092 = CARTESIAN_POINT('',(-16.36612616045,9.794875096541,73.0791));
#2093 = CARTESIAN_POINT('',(-16.44756041753,9.794875096541,73.0791));
#2094 = CARTESIAN_POINT('',(-16.87891237311,9.727793237264,73.0791));
#2095 = CARTESIAN_POINT('',(-17.34380525833,9.641522846148,73.0791));
#2096 = ORIENTED_EDGE('',*,*,#2097,.F.);
#2097 = EDGE_CURVE('',#405,#2089,#2098,.T.);
#2098 = LINE('',#2099,#2100);
#2099 = CARTESIAN_POINT('',(-17.34380525833,9.641522846148,74.0791));
#2100 = VECTOR('',#2101,1.);
#2101 = DIRECTION('',(-0.,-0.,-1.));
#2102 = ORIENTED_EDGE('',*,*,#412,.F.);
#2103 = SURFACE_OF_LINEAR_EXTRUSION('',#2104,#2109);
#2104 = B_SPLINE_CURVE_WITH_KNOTS('',3,(#2105,#2106,#2107,#2108),
  .UNSPECIFIED.,.F.,.F.,(4,4),(0.,1.),.PIECEWISE_BEZIER_KNOTS.);
#2105 = CARTESIAN_POINT('',(-16.36612616045,9.794875096541,74.0791));
#2106 = CARTESIAN_POINT('',(-16.44756041753,9.794875096541,74.0791));
#2107 = CARTESIAN_POINT('',(-16.87891237311,9.727793237264,74.0791));
#2108 = CARTESIAN_POINT('',(-17.34380525833,9.641522846148,74.0791));
#2109 = VECTOR('',#2110,1.);
#2110 = DIRECTION('',(0.,0.,1.));
#2111 = ADVANCED_FACE('',(#2112),#2123,.F.);
#2112 = FACE_BOUND('',#2113,.F.);
#2113 = EDGE_LOOP('',(#2114,#2115,#2121,#2122));
#2114 = ORIENTED_EDGE('',*,*,#2097,.T.);
#2115 = ORIENTED_EDGE('',*,*,#2116,.T.);
#2116 = EDGE_CURVE('',#2089,#1969,#2117,.T.);
#2117 = LINE('',#2118,#2119);
#2118 = CARTESIAN_POINT('',(-17.34380525833,9.641522846148,73.0791));
#2119 = VECTOR('',#2120,1.);
#2120 = DIRECTION('',(-2.22044604925E-16,-1.,0.));
#2121 = ORIENTED_EDGE('',*,*,#1968,.F.);
#2122 = ORIENTED_EDGE('',*,*,#404,.F.);
#2123 = PLANE('',#2124);
#2124 = AXIS2_PLACEMENT_3D('',#2125,#2126,#2127);
#2125 = CARTESIAN_POINT('',(-17.34380525833,9.641522846148,74.0791));
#2126 = DIRECTION('',(-1.,2.22044604925E-16,0.));
#2127 = DIRECTION('',(-2.22044604925E-16,-1.,0.));
#2128 = ADVANCED_FACE('',(#2129),#2155,.F.);
#2129 = FACE_BOUND('',#2130,.F.);
#2130 = EDGE_LOOP('',(#2131,#2139,#2148,#2154));
#2131 = ORIENTED_EDGE('',*,*,#2132,.T.);
#2132 = EDGE_CURVE('',#449,#2133,#2135,.T.);
#2133 = VERTEX_POINT('',#2134);
#2134 = CARTESIAN_POINT('',(-17.34380525833,10.350874506918,73.0791));
#2135 = LINE('',#2136,#2137);
#2136 = CARTESIAN_POINT('',(-17.34380525833,10.350874506918,74.0791));
#2137 = VECTOR('',#2138,1.);
#2138 = DIRECTION('',(-0.,-0.,-1.));
#2139 = ORIENTED_EDGE('',*,*,#2140,.T.);
#2140 = EDGE_CURVE('',#2133,#2141,#2143,.T.);
#2141 = VERTEX_POINT('',#2142);
#2142 = CARTESIAN_POINT('',(-17.15207594426,10.31733357728,73.0791));
#2143 = B_SPLINE_CURVE_WITH_KNOTS('',3,(#2144,#2145,#2146,#2147),
  .UNSPECIFIED.,.F.,.F.,(4,4),(0.,1.),.PIECEWISE_BEZIER_KNOTS.);
#2144 = CARTESIAN_POINT('',(-17.34380525833,10.350874506918,73.0791));
#2145 = CARTESIAN_POINT('',(-17.25753486721,10.33652210912,73.0791));
#2146 = CARTESIAN_POINT('',(-17.19528914198,10.326849841038,73.0791));
#2147 = CARTESIAN_POINT('',(-17.15207594426,10.31733357728,73.0791));
#2148 = ORIENTED_EDGE('',*,*,#2149,.F.);
#2149 = EDGE_CURVE('',#451,#2141,#2150,.T.);
#2150 = LINE('',#2151,#2152);
#2151 = CARTESIAN_POINT('',(-17.15207594426,10.31733357728,74.0791));
#2152 = VECTOR('',#2153,1.);
#2153 = DIRECTION('',(-0.,-0.,-1.));
#2154 = ORIENTED_EDGE('',*,*,#448,.F.);
#2155 = SURFACE_OF_LINEAR_EXTRUSION('',#2156,#2161);
#2156 = B_SPLINE_CURVE_WITH_KNOTS('',3,(#2157,#2158,#2159,#2160),
  .UNSPECIFIED.,.F.,.F.,(4,4),(0.,1.),.PIECEWISE_BEZIER_KNOTS.);
#2157 = CARTESIAN_POINT('',(-17.34380525833,10.350874506918,74.0791));
#2158 = CARTESIAN_POINT('',(-17.25753486721,10.33652210912,74.0791));
#2159 = CARTESIAN_POINT('',(-17.19528914198,10.326849841038,74.0791));
#2160 = CARTESIAN_POINT('',(-17.15207594426,10.31733357728,74.0791));
#2161 = VECTOR('',#2162,1.);
#2162 = DIRECTION('',(0.,0.,1.));
#2163 = ADVANCED_FACE('',(#2164),#2183,.F.);
#2164 = FACE_BOUND('',#2165,.F.);
#2165 = EDGE_LOOP('',(#2166,#2167,#2176,#2182));
#2166 = ORIENTED_EDGE('',*,*,#2149,.T.);
#2167 = ORIENTED_EDGE('',*,*,#2168,.T.);
#2168 = EDGE_CURVE('',#2141,#2169,#2171,.T.);
#2169 = VERTEX_POINT('',#2170);
#2170 = CARTESIAN_POINT('',(-16.36129002641,10.197522256525,73.0791));
#2171 = B_SPLINE_CURVE_WITH_KNOTS('',3,(#2172,#2173,#2174,#2175),
  .UNSPECIFIED.,.F.,.F.,(4,4),(0.,1.),.PIECEWISE_BEZIER_KNOTS.);
#2172 = CARTESIAN_POINT('',(-17.15207594426,10.31733357728,73.0791));
#2173 = CARTESIAN_POINT('',(-16.78780584795,10.240579449921,73.0791));
#2174 = CARTESIAN_POINT('',(-16.50028987901,10.197522256525,73.0791));
#2175 = CARTESIAN_POINT('',(-16.36129002641,10.197522256525,73.0791));
#2176 = ORIENTED_EDGE('',*,*,#2177,.F.);
#2177 = EDGE_CURVE('',#486,#2169,#2178,.T.);
#2178 = LINE('',#2179,#2180);
#2179 = CARTESIAN_POINT('',(-16.36129002641,10.197522256525,74.0791));
#2180 = VECTOR('',#2181,1.);
#2181 = DIRECTION('',(-0.,-0.,-1.));
#2182 = ORIENTED_EDGE('',*,*,#494,.F.);
#2183 = SURFACE_OF_LINEAR_EXTRUSION('',#2184,#2189);
#2184 = B_SPLINE_CURVE_WITH_KNOTS('',3,(#2185,#2186,#2187,#2188),
  .UNSPECIFIED.,.F.,.F.,(4,4),(0.,1.),.PIECEWISE_BEZIER_KNOTS.);
#2185 = CARTESIAN_POINT('',(-17.15207594426,10.31733357728,74.0791));
#2186 = CARTESIAN_POINT('',(-16.78780584795,10.240579449921,74.0791));
#2187 = CARTESIAN_POINT('',(-16.50028987901,10.197522256525,74.0791));
#2188 = CARTESIAN_POINT('',(-16.36129002641,10.197522256525,74.0791));
#2189 = VECTOR('',#2190,1.);
#2190 = DIRECTION('',(0.,0.,1.));
#2191 = ADVANCED_FACE('',(#2192),#2211,.F.);
#2192 = FACE_BOUND('',#2193,.F.);
#2193 = EDGE_LOOP('',(#2194,#2195,#2204,#2210));
#2194 = ORIENTED_EDGE('',*,*,#2177,.T.);
#2195 = ORIENTED_EDGE('',*,*,#2196,.T.);
#2196 = EDGE_CURVE('',#2169,#2197,#2199,.T.);
#2197 = VERTEX_POINT('',#2198);
#2198 = CARTESIAN_POINT('',(-16.16956071234,10.398767834355,73.0791));
#2199 = B_SPLINE_CURVE_WITH_KNOTS('',3,(#2200,#2201,#2202,#2203),
  .UNSPECIFIED.,.F.,.F.,(4,4),(0.,1.),.PIECEWISE_BEZIER_KNOTS.);
#2200 = CARTESIAN_POINT('',(-16.36129002641,10.197522256525,73.0791));
#2201 = CARTESIAN_POINT('',(-16.25583110345,10.197522256525,73.0791));
#2202 = CARTESIAN_POINT('',(-16.16956071234,10.288628781682,73.0791));
#2203 = CARTESIAN_POINT('',(-16.16956071234,10.398767834355,73.0791));
#2204 = ORIENTED_EDGE('',*,*,#2205,.F.);
#2205 = EDGE_CURVE('',#477,#2197,#2206,.T.);
#2206 = LINE('',#2207,#2208);
#2207 = CARTESIAN_POINT('',(-16.16956071234,10.398767834355,74.0791));
#2208 = VECTOR('',#2209,1.);
#2209 = DIRECTION('',(-0.,-0.,-1.));
#2210 = ORIENTED_EDGE('',*,*,#485,.F.);
#2211 = SURFACE_OF_LINEAR_EXTRUSION('',#2212,#2217);
#2212 = B_SPLINE_CURVE_WITH_KNOTS('',3,(#2213,#2214,#2215,#2216),
  .UNSPECIFIED.,.F.,.F.,(4,4),(0.,1.),.PIECEWISE_BEZIER_KNOTS.);
#2213 = CARTESIAN_POINT('',(-16.36129002641,10.197522256525,74.0791));
#2214 = CARTESIAN_POINT('',(-16.25583110345,10.197522256525,74.0791));
#2215 = CARTESIAN_POINT('',(-16.16956071234,10.288628781682,74.0791));
#2216 = CARTESIAN_POINT('',(-16.16956071234,10.398767834355,74.0791));
#2217 = VECTOR('',#2218,1.);
#2218 = DIRECTION('',(0.,0.,1.));
#2219 = ADVANCED_FACE('',(#2220),#2239,.F.);
#2220 = FACE_BOUND('',#2221,.F.);
#2221 = EDGE_LOOP('',(#2222,#2223,#2232,#2238));
#2222 = ORIENTED_EDGE('',*,*,#2205,.T.);
#2223 = ORIENTED_EDGE('',*,*,#2224,.T.);
#2224 = EDGE_CURVE('',#2197,#2225,#2227,.T.);
#2225 = VERTEX_POINT('',#2226);
#2226 = CARTESIAN_POINT('',(-16.36612616045,10.604849546226,73.0791));
#2227 = B_SPLINE_CURVE_WITH_KNOTS('',3,(#2228,#2229,#2230,#2231),
  .UNSPECIFIED.,.F.,.F.,(4,4),(0.,1.),.PIECEWISE_BEZIER_KNOTS.);
#2228 = CARTESIAN_POINT('',(-16.16956071234,10.398767834355,73.0791));
#2229 = CARTESIAN_POINT('',(-16.16956071234,10.513743021069,73.0791));
#2230 = CARTESIAN_POINT('',(-16.25583110345,10.604849546226,73.0791));
#2231 = CARTESIAN_POINT('',(-16.36612616045,10.604849546226,73.0791));
#2232 = ORIENTED_EDGE('',*,*,#2233,.F.);
#2233 = EDGE_CURVE('',#468,#2225,#2234,.T.);
#2234 = LINE('',#2235,#2236);
#2235 = CARTESIAN_POINT('',(-16.36612616045,10.604849546226,74.0791));
#2236 = VECTOR('',#2237,1.);
#2237 = DIRECTION('',(-0.,-0.,-1.));
#2238 = ORIENTED_EDGE('',*,*,#476,.F.);
#2239 = SURFACE_OF_LINEAR_EXTRUSION('',#2240,#2245);
#2240 = B_SPLINE_CURVE_WITH_KNOTS('',3,(#2241,#2242,#2243,#2244),
  .UNSPECIFIED.,.F.,.F.,(4,4),(0.,1.),.PIECEWISE_BEZIER_KNOTS.);
#2241 = CARTESIAN_POINT('',(-16.16956071234,10.398767834355,74.0791));
#2242 = CARTESIAN_POINT('',(-16.16956071234,10.513743021069,74.0791));
#2243 = CARTESIAN_POINT('',(-16.25583110345,10.604849546226,74.0791));
#2244 = CARTESIAN_POINT('',(-16.36612616045,10.604849546226,74.0791));
#2245 = VECTOR('',#2246,1.);
#2246 = DIRECTION('',(0.,0.,1.));
#2247 = ADVANCED_FACE('',(#2248),#2267,.F.);
#2248 = FACE_BOUND('',#2249,.F.);
#2249 = EDGE_LOOP('',(#2250,#2251,#2260,#2266));
#2250 = ORIENTED_EDGE('',*,*,#2233,.T.);
#2251 = ORIENTED_EDGE('',*,*,#2252,.T.);
#2252 = EDGE_CURVE('',#2225,#2253,#2255,.T.);
#2253 = VERTEX_POINT('',#2254);
#2254 = CARTESIAN_POINT('',(-17.34380525833,10.451497295833,73.0791));
#2255 = B_SPLINE_CURVE_WITH_KNOTS('',3,(#2256,#2257,#2258,#2259),
  .UNSPECIFIED.,.F.,.F.,(4,4),(0.,1.),.PIECEWISE_BEZIER_KNOTS.);
#2256 = CARTESIAN_POINT('',(-16.36612616045,10.604849546226,73.0791));
#2257 = CARTESIAN_POINT('',(-16.44756041753,10.604849546226,73.0791));
#2258 = CARTESIAN_POINT('',(-16.87891237311,10.53776768695,73.0791));
#2259 = CARTESIAN_POINT('',(-17.34380525833,10.451497295833,73.0791));
#2260 = ORIENTED_EDGE('',*,*,#2261,.F.);
#2261 = EDGE_CURVE('',#460,#2253,#2262,.T.);
#2262 = LINE('',#2263,#2264);
#2263 = CARTESIAN_POINT('',(-17.34380525833,10.451497295833,74.0791));
#2264 = VECTOR('',#2265,1.);
#2265 = DIRECTION('',(-0.,-0.,-1.));
#2266 = ORIENTED_EDGE('',*,*,#467,.F.);
#2267 = SURFACE_OF_LINEAR_EXTRUSION('',#2268,#2273);
#2268 = B_SPLINE_CURVE_WITH_KNOTS('',3,(#2269,#2270,#2271,#2272),
  .UNSPECIFIED.,.F.,.F.,(4,4),(0.,1.),.PIECEWISE_BEZIER_KNOTS.);
#2269 = CARTESIAN_POINT('',(-16.36612616045,10.604849546226,74.0791));
#2270 = CARTESIAN_POINT('',(-16.44756041753,10.604849546226,74.0791));
#2271 = CARTESIAN_POINT('',(-16.87891237311,10.53776768695,74.0791));
#2272 = CARTESIAN_POINT('',(-17.34380525833,10.451497295833,74.0791));
#2273 = VECTOR('',#2274,1.);
#2274 = DIRECTION('',(0.,0.,1.));
#2275 = ADVANCED_FACE('',(#2276),#2287,.F.);
#2276 = FACE_BOUND('',#2277,.F.);
#2277 = EDGE_LOOP('',(#2278,#2279,#2285,#2286));
#2278 = ORIENTED_EDGE('',*,*,#2261,.T.);
#2279 = ORIENTED_EDGE('',*,*,#2280,.T.);
#2280 = EDGE_CURVE('',#2253,#2133,#2281,.T.);
#2281 = LINE('',#2282,#2283);
#2282 = CARTESIAN_POINT('',(-17.34380525833,10.451497295833,73.0791));
#2283 = VECTOR('',#2284,1.);
#2284 = DIRECTION('',(-2.22044604925E-16,-1.,0.));
#2285 = ORIENTED_EDGE('',*,*,#2132,.F.);
#2286 = ORIENTED_EDGE('',*,*,#459,.F.);
#2287 = PLANE('',#2288);
#2288 = AXIS2_PLACEMENT_3D('',#2289,#2290,#2291);
#2289 = CARTESIAN_POINT('',(-17.34380525833,10.451497295833,74.0791));
#2290 = DIRECTION('',(-1.,2.22044604925E-16,0.));
#2291 = DIRECTION('',(-2.22044604925E-16,-1.,0.));
#2292 = ADVANCED_FACE('',(#2293),#2319,.F.);
#2293 = FACE_BOUND('',#2294,.F.);
#2294 = EDGE_LOOP('',(#2295,#2303,#2312,#2318));
#2295 = ORIENTED_EDGE('',*,*,#2296,.T.);
#2296 = EDGE_CURVE('',#504,#2297,#2299,.T.);
#2297 = VERTEX_POINT('',#2298);
#2298 = CARTESIAN_POINT('',(-17.82695064945,17.429258695204,73.0791));
#2299 = LINE('',#2300,#2301);
#2300 = CARTESIAN_POINT('',(-17.82695064945,17.429258695204,74.0791));
#2301 = VECTOR('',#2302,1.);
#2302 = DIRECTION('',(-0.,-0.,-1.));
#2303 = ORIENTED_EDGE('',*,*,#2304,.T.);
#2304 = EDGE_CURVE('',#2297,#2305,#2307,.T.);
#2305 = VERTEX_POINT('',#2306);
#2306 = CARTESIAN_POINT('',(-17.8795241066,16.926144750629,73.0791));
#2307 = B_SPLINE_CURVE_WITH_KNOTS('',3,(#2308,#2309,#2310,#2311),
  .UNSPECIFIED.,.F.,.F.,(4,4),(0.,1.),.PIECEWISE_BEZIER_KNOTS.);
#2308 = CARTESIAN_POINT('',(-17.82695064945,17.429258695204,73.0791));
#2309 = CARTESIAN_POINT('',(-17.82695064945,17.146578860299,73.0791));
#2310 = CARTESIAN_POINT('',(-17.8364669132,17.036283803302,73.0791));
#2311 = CARTESIAN_POINT('',(-17.8795241066,16.926144750629,73.0791));
#2312 = ORIENTED_EDGE('',*,*,#2313,.F.);
#2313 = EDGE_CURVE('',#506,#2305,#2314,.T.);
#2314 = LINE('',#2315,#2316);
#2315 = CARTESIAN_POINT('',(-17.8795241066,16.926144750629,74.0791));
#2316 = VECTOR('',#2317,1.);
#2317 = DIRECTION('',(-0.,-0.,-1.));
#2318 = ORIENTED_EDGE('',*,*,#503,.F.);
#2319 = SURFACE_OF_LINEAR_EXTRUSION('',#2320,#2325);
#2320 = B_SPLINE_CURVE_WITH_KNOTS('',3,(#2321,#2322,#2323,#2324),
  .UNSPECIFIED.,.F.,.F.,(4,4),(0.,1.),.PIECEWISE_BEZIER_KNOTS.);
#2321 = CARTESIAN_POINT('',(-17.82695064945,17.429258695204,74.0791));
#2322 = CARTESIAN_POINT('',(-17.82695064945,17.146578860299,74.0791));
#2323 = CARTESIAN_POINT('',(-17.8364669132,17.036283803302,74.0791));
#2324 = CARTESIAN_POINT('',(-17.8795241066,16.926144750629,74.0791));
#2325 = VECTOR('',#2326,1.);
#2326 = DIRECTION('',(0.,0.,1.));
#2327 = ADVANCED_FACE('',(#2328),#2347,.F.);
#2328 = FACE_BOUND('',#2329,.F.);
#2329 = EDGE_LOOP('',(#2330,#2331,#2340,#2346));
#2330 = ORIENTED_EDGE('',*,*,#2313,.T.);
#2331 = ORIENTED_EDGE('',*,*,#2332,.T.);
#2332 = EDGE_CURVE('',#2305,#2333,#2335,.T.);
#2333 = VERTEX_POINT('',#2334);
#2334 = CARTESIAN_POINT('',(-18.5884077544,16.442063333569,73.0791));
#2335 = B_SPLINE_CURVE_WITH_KNOTS('',3,(#2336,#2337,#2338,#2339),
  .UNSPECIFIED.,.F.,.F.,(4,4),(0.,1.),.PIECEWISE_BEZIER_KNOTS.);
#2336 = CARTESIAN_POINT('',(-17.8795241066,16.926144750629,73.0791));
#2337 = CARTESIAN_POINT('',(-17.98966315927,16.62412037956,73.0791));
#2338 = CARTESIAN_POINT('',(-18.25783459206,16.442063333569,73.0791));
#2339 = CARTESIAN_POINT('',(-18.5884077544,16.442063333569,73.0791));
#2340 = ORIENTED_EDGE('',*,*,#2341,.F.);
#2341 = EDGE_CURVE('',#675,#2333,#2342,.T.);
#2342 = LINE('',#2343,#2344);
#2343 = CARTESIAN_POINT('',(-18.5884077544,16.442063333569,74.0791));
#2344 = VECTOR('',#2345,1.);
#2345 = DIRECTION('',(-0.,-0.,-1.));
#2346 = ORIENTED_EDGE('',*,*,#683,.F.);
#2347 = SURFACE_OF_LINEAR_EXTRUSION('',#2348,#2353);
#2348 = B_SPLINE_CURVE_WITH_KNOTS('',3,(#2349,#2350,#2351,#2352),
  .UNSPECIFIED.,.F.,.F.,(4,4),(0.,1.),.PIECEWISE_BEZIER_KNOTS.);
#2349 = CARTESIAN_POINT('',(-17.8795241066,16.926144750629,74.0791));
#2350 = CARTESIAN_POINT('',(-17.98966315927,16.62412037956,74.0791));
#2351 = CARTESIAN_POINT('',(-18.25783459206,16.442063333569,74.0791));
#2352 = CARTESIAN_POINT('',(-18.5884077544,16.442063333569,74.0791));
#2353 = VECTOR('',#2354,1.);
#2354 = DIRECTION('',(0.,0.,1.));
#2355 = ADVANCED_FACE('',(#2356),#2375,.F.);
#2356 = FACE_BOUND('',#2357,.F.);
#2357 = EDGE_LOOP('',(#2358,#2359,#2368,#2374));
#2358 = ORIENTED_EDGE('',*,*,#2341,.T.);
#2359 = ORIENTED_EDGE('',*,*,#2360,.T.);
#2360 = EDGE_CURVE('',#2333,#2361,#2363,.T.);
#2361 = VERTEX_POINT('',#2362);
#2362 = CARTESIAN_POINT('',(-19.30197153191,17.065144603223,73.0791));
#2363 = B_SPLINE_CURVE_WITH_KNOTS('',3,(#2364,#2365,#2366,#2367),
  .UNSPECIFIED.,.F.,.F.,(4,4),(0.,1.),.PIECEWISE_BEZIER_KNOTS.);
#2364 = CARTESIAN_POINT('',(-18.5884077544,16.442063333569,73.0791));
#2365 = CARTESIAN_POINT('',(-18.99542303545,16.442063333569,73.0791));
#2366 = CARTESIAN_POINT('',(-19.30197153191,16.710390770676,73.0791));
#2367 = CARTESIAN_POINT('',(-19.30197153191,17.065144603223,73.0791));
#2368 = ORIENTED_EDGE('',*,*,#2369,.F.);
#2369 = EDGE_CURVE('',#666,#2361,#2370,.T.);
#2370 = LINE('',#2371,#2372);
#2371 = CARTESIAN_POINT('',(-19.30197153191,17.065144603223,74.0791));
#2372 = VECTOR('',#2373,1.);
#2373 = DIRECTION('',(-0.,-0.,-1.));
#2374 = ORIENTED_EDGE('',*,*,#674,.F.);
#2375 = SURFACE_OF_LINEAR_EXTRUSION('',#2376,#2381);
#2376 = B_SPLINE_CURVE_WITH_KNOTS('',3,(#2377,#2378,#2379,#2380),
  .UNSPECIFIED.,.F.,.F.,(4,4),(0.,1.),.PIECEWISE_BEZIER_KNOTS.);
#2377 = CARTESIAN_POINT('',(-18.5884077544,16.442063333569,74.0791));
#2378 = CARTESIAN_POINT('',(-18.99542303545,16.442063333569,74.0791));
#2379 = CARTESIAN_POINT('',(-19.30197153191,16.710390770676,74.0791));
#2380 = CARTESIAN_POINT('',(-19.30197153191,17.065144603223,74.0791));
#2381 = VECTOR('',#2382,1.);
#2382 = DIRECTION('',(0.,0.,1.));
#2383 = ADVANCED_FACE('',(#2384),#2403,.F.);
#2384 = FACE_BOUND('',#2385,.F.);
#2385 = EDGE_LOOP('',(#2386,#2387,#2396,#2402));
#2386 = ORIENTED_EDGE('',*,*,#2369,.T.);
#2387 = ORIENTED_EDGE('',*,*,#2388,.T.);
#2388 = EDGE_CURVE('',#2361,#2389,#2391,.T.);
#2389 = VERTEX_POINT('',#2390);
#2390 = CARTESIAN_POINT('',(-19.15345541556,17.472471892925,73.0791));
#2391 = B_SPLINE_CURVE_WITH_KNOTS('',3,(#2392,#2393,#2394,#2395),
  .UNSPECIFIED.,.F.,.F.,(4,4),(0.,1.),.PIECEWISE_BEZIER_KNOTS.);
#2392 = CARTESIAN_POINT('',(-19.30197153191,17.065144603223,73.0791));
#2393 = CARTESIAN_POINT('',(-19.30197153191,17.199308321777,73.0791));
#2394 = CARTESIAN_POINT('',(-19.26843060228,17.295094976651,73.0791));
#2395 = CARTESIAN_POINT('',(-19.15345541556,17.472471892925,73.0791));
#2396 = ORIENTED_EDGE('',*,*,#2397,.F.);
#2397 = EDGE_CURVE('',#657,#2389,#2398,.T.);
#2398 = LINE('',#2399,#2400);
#2399 = CARTESIAN_POINT('',(-19.15345541556,17.472471892925,74.0791));
#2400 = VECTOR('',#2401,1.);
#2401 = DIRECTION('',(-0.,-0.,-1.));
#2402 = ORIENTED_EDGE('',*,*,#665,.F.);
#2403 = SURFACE_OF_LINEAR_EXTRUSION('',#2404,#2409);
#2404 = B_SPLINE_CURVE_WITH_KNOTS('',3,(#2405,#2406,#2407,#2408),
  .UNSPECIFIED.,.F.,.F.,(4,4),(0.,1.),.PIECEWISE_BEZIER_KNOTS.);
#2405 = CARTESIAN_POINT('',(-19.30197153191,17.065144603223,74.0791));
#2406 = CARTESIAN_POINT('',(-19.30197153191,17.199308321777,74.0791));
#2407 = CARTESIAN_POINT('',(-19.26843060228,17.295094976651,74.0791));
#2408 = CARTESIAN_POINT('',(-19.15345541556,17.472471892925,74.0791));
#2409 = VECTOR('',#2410,1.);
#2410 = DIRECTION('',(0.,0.,1.));
#2411 = ADVANCED_FACE('',(#2412),#2431,.F.);
#2412 = FACE_BOUND('',#2413,.F.);
#2413 = EDGE_LOOP('',(#2414,#2415,#2424,#2430));
#2414 = ORIENTED_EDGE('',*,*,#2397,.T.);
#2415 = ORIENTED_EDGE('',*,*,#2416,.T.);
#2416 = EDGE_CURVE('',#2389,#2417,#2419,.T.);
#2417 = VERTEX_POINT('',#2418);
#2418 = CARTESIAN_POINT('',(-19.03364409481,17.77434025967,73.0791));
#2419 = B_SPLINE_CURVE_WITH_KNOTS('',3,(#2420,#2421,#2422,#2423),
  .UNSPECIFIED.,.F.,.F.,(4,4),(0.,1.),.PIECEWISE_BEZIER_KNOTS.);
#2420 = CARTESIAN_POINT('',(-19.15345541556,17.472471892925,73.0791));
#2421 = CARTESIAN_POINT('',(-19.06718502445,17.611471745519,73.0791));
#2422 = CARTESIAN_POINT('',(-19.03364409481,17.692906002594,73.0791));
#2423 = CARTESIAN_POINT('',(-19.03364409481,17.77434025967,73.0791));
#2424 = ORIENTED_EDGE('',*,*,#2425,.F.);
#2425 = EDGE_CURVE('',#648,#2417,#2426,.T.);
#2426 = LINE('',#2427,#2428);
#2427 = CARTESIAN_POINT('',(-19.03364409481,17.77434025967,74.0791));
#2428 = VECTOR('',#2429,1.);
#2429 = DIRECTION('',(-0.,-0.,-1.));
#2430 = ORIENTED_EDGE('',*,*,#656,.F.);
#2431 = SURFACE_OF_LINEAR_EXTRUSION('',#2432,#2437);
#2432 = B_SPLINE_CURVE_WITH_KNOTS('',3,(#2433,#2434,#2435,#2436),
  .UNSPECIFIED.,.F.,.F.,(4,4),(0.,1.),.PIECEWISE_BEZIER_KNOTS.);
#2433 = CARTESIAN_POINT('',(-19.15345541556,17.472471892925,74.0791));
#2434 = CARTESIAN_POINT('',(-19.06718502445,17.611471745519,74.0791));
#2435 = CARTESIAN_POINT('',(-19.03364409481,17.692906002594,74.0791));
#2436 = CARTESIAN_POINT('',(-19.03364409481,17.77434025967,74.0791));
#2437 = VECTOR('',#2438,1.);
#2438 = DIRECTION('',(0.,0.,1.));
#2439 = ADVANCED_FACE('',(#2440),#2459,.F.);
#2440 = FACE_BOUND('',#2441,.F.);
#2441 = EDGE_LOOP('',(#2442,#2443,#2452,#2458));
#2442 = ORIENTED_EDGE('',*,*,#2425,.T.);
#2443 = ORIENTED_EDGE('',*,*,#2444,.T.);
#2444 = EDGE_CURVE('',#2417,#2445,#2447,.T.);
#2445 = VERTEX_POINT('',#2446);
#2446 = CARTESIAN_POINT('',(-19.201348743,17.956553309984,73.0791));
#2447 = B_SPLINE_CURVE_WITH_KNOTS('',3,(#2448,#2449,#2450,#2451),
  .UNSPECIFIED.,.F.,.F.,(4,4),(0.,1.),.PIECEWISE_BEZIER_KNOTS.);
#2448 = CARTESIAN_POINT('',(-19.03364409481,17.77434025967,73.0791));
#2449 = CARTESIAN_POINT('',(-19.03364409481,17.884635316667,73.0791));
#2450 = CARTESIAN_POINT('',(-19.10072595408,17.956553309984,73.0791));
#2451 = CARTESIAN_POINT('',(-19.201348743,17.956553309984,73.0791));
#2452 = ORIENTED_EDGE('',*,*,#2453,.F.);
#2453 = EDGE_CURVE('',#639,#2445,#2454,.T.);
#2454 = LINE('',#2455,#2456);
#2455 = CARTESIAN_POINT('',(-19.201348743,17.956553309984,74.0791));
#2456 = VECTOR('',#2457,1.);
#2457 = DIRECTION('',(-0.,-0.,-1.));
#2458 = ORIENTED_EDGE('',*,*,#647,.F.);
#2459 = SURFACE_OF_LINEAR_EXTRUSION('',#2460,#2465);
#2460 = B_SPLINE_CURVE_WITH_KNOTS('',3,(#2461,#2462,#2463,#2464),
  .UNSPECIFIED.,.F.,.F.,(4,4),(0.,1.),.PIECEWISE_BEZIER_KNOTS.);
#2461 = CARTESIAN_POINT('',(-19.03364409481,17.77434025967,74.0791));
#2462 = CARTESIAN_POINT('',(-19.03364409481,17.884635316667,74.0791));
#2463 = CARTESIAN_POINT('',(-19.10072595408,17.956553309984,74.0791));
#2464 = CARTESIAN_POINT('',(-19.201348743,17.956553309984,74.0791));
#2465 = VECTOR('',#2466,1.);
#2466 = DIRECTION('',(0.,0.,1.));
#2467 = ADVANCED_FACE('',(#2468),#2487,.F.);
#2468 = FACE_BOUND('',#2469,.F.);
#2469 = EDGE_LOOP('',(#2470,#2471,#2480,#2486));
#2470 = ORIENTED_EDGE('',*,*,#2453,.T.);
#2471 = ORIENTED_EDGE('',*,*,#2472,.T.);
#2472 = EDGE_CURVE('',#2445,#2473,#2475,.T.);
#2473 = VERTEX_POINT('',#2474);
#2474 = CARTESIAN_POINT('',(-19.47435630982,17.414906297406,73.0791));
#2475 = B_SPLINE_CURVE_WITH_KNOTS('',3,(#2476,#2477,#2478,#2479),
  .UNSPECIFIED.,.F.,.F.,(4,4),(0.,1.),.PIECEWISE_BEZIER_KNOTS.);
#2476 = CARTESIAN_POINT('',(-19.201348743,17.956553309984,73.0791));
#2477 = CARTESIAN_POINT('',(-19.36905339119,17.956553309984,73.0791));
#2478 = CARTESIAN_POINT('',(-19.47435630982,17.750471598113,73.0791));
#2479 = CARTESIAN_POINT('',(-19.47435630982,17.414906297406,73.0791));
#2480 = ORIENTED_EDGE('',*,*,#2481,.F.);
#2481 = EDGE_CURVE('',#630,#2473,#2482,.T.);
#2482 = LINE('',#2483,#2484);
#2483 = CARTESIAN_POINT('',(-19.47435630982,17.414906297406,74.0791));
#2484 = VECTOR('',#2485,1.);
#2485 = DIRECTION('',(-0.,-0.,-1.));
#2486 = ORIENTED_EDGE('',*,*,#638,.F.);
#2487 = SURFACE_OF_LINEAR_EXTRUSION('',#2488,#2493);
#2488 = B_SPLINE_CURVE_WITH_KNOTS('',3,(#2489,#2490,#2491,#2492),
  .UNSPECIFIED.,.F.,.F.,(4,4),(0.,1.),.PIECEWISE_BEZIER_KNOTS.);
#2489 = CARTESIAN_POINT('',(-19.201348743,17.956553309984,74.0791));
#2490 = CARTESIAN_POINT('',(-19.36905339119,17.956553309984,74.0791));
#2491 = CARTESIAN_POINT('',(-19.47435630982,17.750471598113,74.0791));
#2492 = CARTESIAN_POINT('',(-19.47435630982,17.414906297406,74.0791));
#2493 = VECTOR('',#2494,1.);
#2494 = DIRECTION('',(0.,0.,1.));
#2495 = ADVANCED_FACE('',(#2496),#2515,.F.);
#2496 = FACE_BOUND('',#2497,.F.);
#2497 = EDGE_LOOP('',(#2498,#2499,#2508,#2514));
#2498 = ORIENTED_EDGE('',*,*,#2481,.T.);
#2499 = ORIENTED_EDGE('',*,*,#2500,.T.);
#2500 = EDGE_CURVE('',#2473,#2501,#2503,.T.);
#2501 = VERTEX_POINT('',#2502);
#2502 = CARTESIAN_POINT('',(-19.15345541556,16.442063333569,73.0791));
#2503 = B_SPLINE_CURVE_WITH_KNOTS('',3,(#2504,#2505,#2506,#2507),
  .UNSPECIFIED.,.F.,.F.,(4,4),(0.,1.),.PIECEWISE_BEZIER_KNOTS.);
#2504 = CARTESIAN_POINT('',(-19.47435630982,17.414906297406,73.0791));
#2505 = CARTESIAN_POINT('',(-19.47435630982,17.050792205425,73.0791));
#2506 = CARTESIAN_POINT('',(-19.34986485935,16.672169711321,73.0791));
#2507 = CARTESIAN_POINT('',(-19.15345541556,16.442063333569,73.0791));
#2508 = ORIENTED_EDGE('',*,*,#2509,.F.);
#2509 = EDGE_CURVE('',#621,#2501,#2510,.T.);
#2510 = LINE('',#2511,#2512);
#2511 = CARTESIAN_POINT('',(-19.15345541556,16.442063333569,74.0791));
#2512 = VECTOR('',#2513,1.);
#2513 = DIRECTION('',(-0.,-0.,-1.));
#2514 = ORIENTED_EDGE('',*,*,#629,.F.);
#2515 = SURFACE_OF_LINEAR_EXTRUSION('',#2516,#2521);
#2516 = B_SPLINE_CURVE_WITH_KNOTS('',3,(#2517,#2518,#2519,#2520),
  .UNSPECIFIED.,.F.,.F.,(4,4),(0.,1.),.PIECEWISE_BEZIER_KNOTS.);
#2517 = CARTESIAN_POINT('',(-19.47435630982,17.414906297406,74.0791));
#2518 = CARTESIAN_POINT('',(-19.47435630982,17.050792205425,74.0791));
#2519 = CARTESIAN_POINT('',(-19.34986485935,16.672169711321,74.0791));
#2520 = CARTESIAN_POINT('',(-19.15345541556,16.442063333569,74.0791));
#2521 = VECTOR('',#2522,1.);
#2522 = DIRECTION('',(0.,0.,1.));
#2523 = ADVANCED_FACE('',(#2524),#2543,.F.);
#2524 = FACE_BOUND('',#2525,.F.);
#2525 = EDGE_LOOP('',(#2526,#2527,#2536,#2542));
#2526 = ORIENTED_EDGE('',*,*,#2509,.T.);
#2527 = ORIENTED_EDGE('',*,*,#2528,.T.);
#2528 = EDGE_CURVE('',#2501,#2529,#2531,.T.);
#2529 = VERTEX_POINT('',#2530);
#2530 = CARTESIAN_POINT('',(-18.35845738097,16.096981769104,73.0791));
#2531 = B_SPLINE_CURVE_WITH_KNOTS('',3,(#2532,#2533,#2534,#2535),
  .UNSPECIFIED.,.F.,.F.,(4,4),(0.,1.),.PIECEWISE_BEZIER_KNOTS.);
#2532 = CARTESIAN_POINT('',(-19.15345541556,16.442063333569,73.0791));
#2533 = CARTESIAN_POINT('',(-18.95704597177,16.216793089859,73.0791));
#2534 = CARTESIAN_POINT('',(-18.67935827523,16.096981769104,73.0791));
#2535 = CARTESIAN_POINT('',(-18.35845738097,16.096981769104,73.0791));
#2536 = ORIENTED_EDGE('',*,*,#2537,.F.);
#2537 = EDGE_CURVE('',#612,#2529,#2538,.T.);
#2538 = LINE('',#2539,#2540);
#2539 = CARTESIAN_POINT('',(-18.35845738097,16.096981769104,74.0791));
#2540 = VECTOR('',#2541,1.);
#2541 = DIRECTION('',(-0.,-0.,-1.));
#2542 = ORIENTED_EDGE('',*,*,#620,.F.);
#2543 = SURFACE_OF_LINEAR_EXTRUSION('',#2544,#2549);
#2544 = B_SPLINE_CURVE_WITH_KNOTS('',3,(#2545,#2546,#2547,#2548),
  .UNSPECIFIED.,.F.,.F.,(4,4),(0.,1.),.PIECEWISE_BEZIER_KNOTS.);
#2545 = CARTESIAN_POINT('',(-19.15345541556,16.442063333569,74.0791));
#2546 = CARTESIAN_POINT('',(-18.95704597177,16.216793089859,74.0791));
#2547 = CARTESIAN_POINT('',(-18.67935827523,16.096981769104,74.0791));
#2548 = CARTESIAN_POINT('',(-18.35845738097,16.096981769104,74.0791));
#2549 = VECTOR('',#2550,1.);
#2550 = DIRECTION('',(0.,0.,1.));
#2551 = ADVANCED_FACE('',(#2552),#2571,.F.);
#2552 = FACE_BOUND('',#2553,.F.);
#2553 = EDGE_LOOP('',(#2554,#2555,#2564,#2570));
#2554 = ORIENTED_EDGE('',*,*,#2537,.T.);
#2555 = ORIENTED_EDGE('',*,*,#2556,.T.);
#2556 = EDGE_CURVE('',#2529,#2557,#2559,.T.);
#2557 = VERTEX_POINT('',#2558);
#2558 = CARTESIAN_POINT('',(-17.74068025833,16.307899615016,73.0791));
#2559 = B_SPLINE_CURVE_WITH_KNOTS('',3,(#2560,#2561,#2562,#2563),
  .UNSPECIFIED.,.F.,.F.,(4,4),(0.,1.),.PIECEWISE_BEZIER_KNOTS.);
#2560 = CARTESIAN_POINT('',(-18.35845738097,16.096981769104,73.0791));
#2561 = CARTESIAN_POINT('',(-18.10947448003,16.096981769104,73.0791));
#2562 = CARTESIAN_POINT('',(-17.88919637468,16.173735896462,73.0791));
#2563 = CARTESIAN_POINT('',(-17.74068025833,16.307899615016,73.0791));
#2564 = ORIENTED_EDGE('',*,*,#2565,.F.);
#2565 = EDGE_CURVE('',#603,#2557,#2566,.T.);
#2566 = LINE('',#2567,#2568);
#2567 = CARTESIAN_POINT('',(-17.74068025833,16.307899615016,74.0791));
#2568 = VECTOR('',#2569,1.);
#2569 = DIRECTION('',(-0.,-0.,-1.));
#2570 = ORIENTED_EDGE('',*,*,#611,.F.);
#2571 = SURFACE_OF_LINEAR_EXTRUSION('',#2572,#2577);
#2572 = B_SPLINE_CURVE_WITH_KNOTS('',3,(#2573,#2574,#2575,#2576),
  .UNSPECIFIED.,.F.,.F.,(4,4),(0.,1.),.PIECEWISE_BEZIER_KNOTS.);
#2573 = CARTESIAN_POINT('',(-18.35845738097,16.096981769104,74.0791));
#2574 = CARTESIAN_POINT('',(-18.10947448003,16.096981769104,74.0791));
#2575 = CARTESIAN_POINT('',(-17.88919637468,16.173735896462,74.0791));
#2576 = CARTESIAN_POINT('',(-17.74068025833,16.307899615016,74.0791));
#2577 = VECTOR('',#2578,1.);
#2578 = DIRECTION('',(0.,0.,1.));
#2579 = ADVANCED_FACE('',(#2580),#2599,.F.);
#2580 = FACE_BOUND('',#2581,.F.);
#2581 = EDGE_LOOP('',(#2582,#2583,#2592,#2598));
#2582 = ORIENTED_EDGE('',*,*,#2565,.T.);
#2583 = ORIENTED_EDGE('',*,*,#2584,.T.);
#2584 = EDGE_CURVE('',#2557,#2585,#2587,.T.);
#2585 = VERTEX_POINT('',#2586);
#2586 = CARTESIAN_POINT('',(-17.48686122334,16.705710640959,73.0791));
#2587 = B_SPLINE_CURVE_WITH_KNOTS('',3,(#2588,#2589,#2590,#2591),
  .UNSPECIFIED.,.F.,.F.,(4,4),(0.,1.),.PIECEWISE_BEZIER_KNOTS.);
#2588 = CARTESIAN_POINT('',(-17.74068025833,16.307899615016,73.0791));
#2589 = CARTESIAN_POINT('',(-17.6353773397,16.408522403931,73.0791));
#2590 = CARTESIAN_POINT('',(-17.57781174418,16.499628929088,73.0791));
#2591 = CARTESIAN_POINT('',(-17.48686122334,16.705710640959,73.0791));
#2592 = ORIENTED_EDGE('',*,*,#2593,.F.);
#2593 = EDGE_CURVE('',#594,#2585,#2594,.T.);
#2594 = LINE('',#2595,#2596);
#2595 = CARTESIAN_POINT('',(-17.48686122334,16.705710640959,74.0791));
#2596 = VECTOR('',#2597,1.);
#2597 = DIRECTION('',(-0.,-0.,-1.));
#2598 = ORIENTED_EDGE('',*,*,#602,.F.);
#2599 = SURFACE_OF_LINEAR_EXTRUSION('',#2600,#2605);
#2600 = B_SPLINE_CURVE_WITH_KNOTS('',3,(#2601,#2602,#2603,#2604),
  .UNSPECIFIED.,.F.,.F.,(4,4),(0.,1.),.PIECEWISE_BEZIER_KNOTS.);
#2601 = CARTESIAN_POINT('',(-17.74068025833,16.307899615016,74.0791));
#2602 = CARTESIAN_POINT('',(-17.6353773397,16.408522403931,74.0791));
#2603 = CARTESIAN_POINT('',(-17.57781174418,16.499628929088,74.0791));
#2604 = CARTESIAN_POINT('',(-17.48686122334,16.705710640959,74.0791));
#2605 = VECTOR('',#2606,1.);
#2606 = DIRECTION('',(0.,0.,1.));
#2607 = ADVANCED_FACE('',(#2608),#2627,.F.);
#2608 = FACE_BOUND('',#2609,.F.);
#2609 = EDGE_LOOP('',(#2610,#2611,#2620,#2626));
#2610 = ORIENTED_EDGE('',*,*,#2593,.T.);
#2611 = ORIENTED_EDGE('',*,*,#2612,.T.);
#2612 = EDGE_CURVE('',#2585,#2613,#2615,.T.);
#2613 = VERTEX_POINT('',#2614);
#2614 = CARTESIAN_POINT('',(-16.82602690731,16.260006287579,73.0791));
#2615 = B_SPLINE_CURVE_WITH_KNOTS('',3,(#2616,#2617,#2618,#2619),
  .UNSPECIFIED.,.F.,.F.,(4,4),(0.,1.),.PIECEWISE_BEZIER_KNOTS.);
#2616 = CARTESIAN_POINT('',(-17.48686122334,16.705710640959,73.0791));
#2617 = CARTESIAN_POINT('',(-17.26174698396,16.379817608333,73.0791));
#2618 = CARTESIAN_POINT('',(-17.08452607201,16.260006287579,73.0791));
#2619 = CARTESIAN_POINT('',(-16.82602690731,16.260006287579,73.0791));
#2620 = ORIENTED_EDGE('',*,*,#2621,.F.);
#2621 = EDGE_CURVE('',#585,#2613,#2622,.T.);
#2622 = LINE('',#2623,#2624);
#2623 = CARTESIAN_POINT('',(-16.82602690731,16.260006287579,74.0791));
#2624 = VECTOR('',#2625,1.);
#2625 = DIRECTION('',(-0.,-0.,-1.));
#2626 = ORIENTED_EDGE('',*,*,#593,.F.);
#2627 = SURFACE_OF_LINEAR_EXTRUSION('',#2628,#2633);
#2628 = B_SPLINE_CURVE_WITH_KNOTS('',3,(#2629,#2630,#2631,#2632),
  .UNSPECIFIED.,.F.,.F.,(4,4),(0.,1.),.PIECEWISE_BEZIER_KNOTS.);
#2629 = CARTESIAN_POINT('',(-17.48686122334,16.705710640959,74.0791));
#2630 = CARTESIAN_POINT('',(-17.26174698396,16.379817608333,74.0791));
#2631 = CARTESIAN_POINT('',(-17.08452607201,16.260006287579,74.0791));
#2632 = CARTESIAN_POINT('',(-16.82602690731,16.260006287579,74.0791));
#2633 = VECTOR('',#2634,1.);
#2634 = DIRECTION('',(0.,0.,1.));
#2635 = ADVANCED_FACE('',(#2636),#2655,.F.);
#2636 = FACE_BOUND('',#2637,.F.);
#2637 = EDGE_LOOP('',(#2638,#2639,#2648,#2654));
#2638 = ORIENTED_EDGE('',*,*,#2621,.T.);
#2639 = ORIENTED_EDGE('',*,*,#2640,.T.);
#2640 = EDGE_CURVE('',#2613,#2641,#2643,.T.);
#2641 = VERTEX_POINT('',#2642);
#2642 = CARTESIAN_POINT('',(-16.16956071234,17.007579007704,73.0791));
#2643 = B_SPLINE_CURVE_WITH_KNOTS('',3,(#2644,#2645,#2646,#2647),
  .UNSPECIFIED.,.F.,.F.,(4,4),(0.,1.),.PIECEWISE_BEZIER_KNOTS.);
#2644 = CARTESIAN_POINT('',(-16.82602690731,16.260006287579,73.0791));
#2645 = CARTESIAN_POINT('',(-16.43320801973,16.260006287579,73.0791));
#2646 = CARTESIAN_POINT('',(-16.16956071234,16.561874654324,73.0791));
#2647 = CARTESIAN_POINT('',(-16.16956071234,17.007579007704,73.0791));
#2648 = ORIENTED_EDGE('',*,*,#2649,.F.);
#2649 = EDGE_CURVE('',#576,#2641,#2650,.T.);
#2650 = LINE('',#2651,#2652);
#2651 = CARTESIAN_POINT('',(-16.16956071234,17.007579007704,74.0791));
#2652 = VECTOR('',#2653,1.);
#2653 = DIRECTION('',(-0.,-0.,-1.));
#2654 = ORIENTED_EDGE('',*,*,#584,.F.);
#2655 = SURFACE_OF_LINEAR_EXTRUSION('',#2656,#2661);
#2656 = B_SPLINE_CURVE_WITH_KNOTS('',3,(#2657,#2658,#2659,#2660),
  .UNSPECIFIED.,.F.,.F.,(4,4),(0.,1.),.PIECEWISE_BEZIER_KNOTS.);
#2657 = CARTESIAN_POINT('',(-16.82602690731,16.260006287579,74.0791));
#2658 = CARTESIAN_POINT('',(-16.43320801973,16.260006287579,74.0791));
#2659 = CARTESIAN_POINT('',(-16.16956071234,16.561874654324,74.0791));
#2660 = CARTESIAN_POINT('',(-16.16956071234,17.007579007704,74.0791));
#2661 = VECTOR('',#2662,1.);
#2662 = DIRECTION('',(0.,0.,1.));
#2663 = ADVANCED_FACE('',(#2664),#2683,.F.);
#2664 = FACE_BOUND('',#2665,.F.);
#2665 = EDGE_LOOP('',(#2666,#2667,#2676,#2682));
#2666 = ORIENTED_EDGE('',*,*,#2649,.T.);
#2667 = ORIENTED_EDGE('',*,*,#2668,.T.);
#2668 = EDGE_CURVE('',#2641,#2669,#2671,.T.);
#2669 = VERTEX_POINT('',#2670);
#2670 = CARTESIAN_POINT('',(-16.40450322413,17.630660277359,73.0791));
#2671 = B_SPLINE_CURVE_WITH_KNOTS('',3,(#2672,#2673,#2674,#2675),
  .UNSPECIFIED.,.F.,.F.,(4,4),(0.,1.),.PIECEWISE_BEZIER_KNOTS.);
#2672 = CARTESIAN_POINT('',(-16.16956071234,17.007579007704,73.0791));
#2673 = CARTESIAN_POINT('',(-16.16956071234,17.247201649214,73.0791));
#2674 = CARTESIAN_POINT('',(-16.25115097374,17.458119495126,73.0791));
#2675 = CARTESIAN_POINT('',(-16.40450322413,17.630660277359,73.0791));
#2676 = ORIENTED_EDGE('',*,*,#2677,.F.);
#2677 = EDGE_CURVE('',#567,#2669,#2678,.T.);
#2678 = LINE('',#2679,#2680);
#2679 = CARTESIAN_POINT('',(-16.40450322413,17.630660277359,74.0791));
#2680 = VECTOR('',#2681,1.);
#2681 = DIRECTION('',(-0.,-0.,-1.));
#2682 = ORIENTED_EDGE('',*,*,#575,.F.);
#2683 = SURFACE_OF_LINEAR_EXTRUSION('',#2684,#2689);
#2684 = B_SPLINE_CURVE_WITH_KNOTS('',3,(#2685,#2686,#2687,#2688),
  .UNSPECIFIED.,.F.,.F.,(4,4),(0.,1.),.PIECEWISE_BEZIER_KNOTS.);
#2685 = CARTESIAN_POINT('',(-16.16956071234,17.007579007704,74.0791));
#2686 = CARTESIAN_POINT('',(-16.16956071234,17.247201649214,74.0791));
#2687 = CARTESIAN_POINT('',(-16.25115097374,17.458119495126,74.0791));
#2688 = CARTESIAN_POINT('',(-16.40450322413,17.630660277359,74.0791));
#2689 = VECTOR('',#2690,1.);
#2690 = DIRECTION('',(0.,0.,1.));
#2691 = ADVANCED_FACE('',(#2692),#2711,.F.);
#2692 = FACE_BOUND('',#2693,.F.);
#2693 = EDGE_LOOP('',(#2694,#2695,#2704,#2710));
#2694 = ORIENTED_EDGE('',*,*,#2677,.T.);
#2695 = ORIENTED_EDGE('',*,*,#2696,.T.);
#2696 = EDGE_CURVE('',#2669,#2697,#2699,.T.);
#2697 = VERTEX_POINT('',#2698);
#2698 = CARTESIAN_POINT('',(-16.94568222374,17.946881041903,73.0791));
#2699 = B_SPLINE_CURVE_WITH_KNOTS('',3,(#2700,#2701,#2702,#2703),
  .UNSPECIFIED.,.F.,.F.,(4,4),(0.,1.),.PIECEWISE_BEZIER_KNOTS.);
#2700 = CARTESIAN_POINT('',(-16.40450322413,17.630660277359,73.0791));
#2701 = CARTESIAN_POINT('',(-16.53866694268,17.77434025967,73.0791));
#2702 = CARTESIAN_POINT('',(-16.65832225912,17.846258252987,73.0791));
#2703 = CARTESIAN_POINT('',(-16.94568222374,17.946881041903,73.0791));
#2704 = ORIENTED_EDGE('',*,*,#2705,.F.);
#2705 = EDGE_CURVE('',#559,#2697,#2706,.T.);
#2706 = LINE('',#2707,#2708);
#2707 = CARTESIAN_POINT('',(-16.94568222374,17.946881041903,74.0791));
#2708 = VECTOR('',#2709,1.);
#2709 = DIRECTION('',(-0.,-0.,-1.));
#2710 = ORIENTED_EDGE('',*,*,#566,.F.);
#2711 = SURFACE_OF_LINEAR_EXTRUSION('',#2712,#2717);
#2712 = B_SPLINE_CURVE_WITH_KNOTS('',3,(#2713,#2714,#2715,#2716),
  .UNSPECIFIED.,.F.,.F.,(4,4),(0.,1.),.PIECEWISE_BEZIER_KNOTS.);
#2713 = CARTESIAN_POINT('',(-16.40450322413,17.630660277359,74.0791));
#2714 = CARTESIAN_POINT('',(-16.53866694268,17.77434025967,74.0791));
#2715 = CARTESIAN_POINT('',(-16.65832225912,17.846258252987,74.0791));
#2716 = CARTESIAN_POINT('',(-16.94568222374,17.946881041903,74.0791));
#2717 = VECTOR('',#2718,1.);
#2718 = DIRECTION('',(0.,0.,1.));
#2719 = ADVANCED_FACE('',(#2720),#2738,.F.);
#2720 = FACE_BOUND('',#2721,.F.);
#2721 = EDGE_LOOP('',(#2722,#2723,#2731,#2737));
#2722 = ORIENTED_EDGE('',*,*,#2705,.T.);
#2723 = ORIENTED_EDGE('',*,*,#2724,.T.);
#2724 = EDGE_CURVE('',#2697,#2725,#2727,.T.);
#2725 = VERTEX_POINT('',#2726);
#2726 = CARTESIAN_POINT('',(-16.96487075558,17.874963048585,73.0791));
#2727 = LINE('',#2728,#2729);
#2728 = CARTESIAN_POINT('',(-16.94568222374,17.946881041903,73.0791));
#2729 = VECTOR('',#2730,1.);
#2730 = DIRECTION('',(-0.257793097102,-0.966200144425,0.));
#2731 = ORIENTED_EDGE('',*,*,#2732,.F.);
#2732 = EDGE_CURVE('',#550,#2725,#2733,.T.);
#2733 = LINE('',#2734,#2735);
#2734 = CARTESIAN_POINT('',(-16.96487075558,17.874963048585,74.0791));
#2735 = VECTOR('',#2736,1.);
#2736 = DIRECTION('',(-0.,-0.,-1.));
#2737 = ORIENTED_EDGE('',*,*,#558,.F.);
#2738 = PLANE('',#2739);
#2739 = AXIS2_PLACEMENT_3D('',#2740,#2741,#2742);
#2740 = CARTESIAN_POINT('',(-16.94568222374,17.946881041903,74.0791));
#2741 = DIRECTION('',(-0.966200144425,0.257793097102,0.));
#2742 = DIRECTION('',(-0.257793097102,-0.966200144425,0.));
#2743 = ADVANCED_FACE('',(#2744),#2763,.F.);
#2744 = FACE_BOUND('',#2745,.F.);
#2745 = EDGE_LOOP('',(#2746,#2747,#2756,#2762));
#2746 = ORIENTED_EDGE('',*,*,#2732,.T.);
#2747 = ORIENTED_EDGE('',*,*,#2748,.T.);
#2748 = EDGE_CURVE('',#2725,#2749,#2751,.T.);
#2749 = VERTEX_POINT('',#2750);
#2750 = CARTESIAN_POINT('',(-16.45723268561,17.165767392138,73.0791));
#2751 = B_SPLINE_CURVE_WITH_KNOTS('',3,(#2752,#2753,#2754,#2755),
  .UNSPECIFIED.,.F.,.F.,(4,4),(0.,1.),.PIECEWISE_BEZIER_KNOTS.);
#2752 = CARTESIAN_POINT('',(-16.96487075558,17.874963048585,73.0791));
#2753 = CARTESIAN_POINT('',(-16.61042893168,17.683389738836,73.0791));
#2754 = CARTESIAN_POINT('',(-16.45723268561,17.467635758884,73.0791));
#2755 = CARTESIAN_POINT('',(-16.45723268561,17.165767392138,73.0791));
#2756 = ORIENTED_EDGE('',*,*,#2757,.F.);
#2757 = EDGE_CURVE('',#541,#2749,#2758,.T.);
#2758 = LINE('',#2759,#2760);
#2759 = CARTESIAN_POINT('',(-16.45723268561,17.165767392138,74.0791));
#2760 = VECTOR('',#2761,1.);
#2761 = DIRECTION('',(-0.,-0.,-1.));
#2762 = ORIENTED_EDGE('',*,*,#549,.F.);
#2763 = SURFACE_OF_LINEAR_EXTRUSION('',#2764,#2769);
#2764 = B_SPLINE_CURVE_WITH_KNOTS('',3,(#2765,#2766,#2767,#2768),
  .UNSPECIFIED.,.F.,.F.,(4,4),(0.,1.),.PIECEWISE_BEZIER_KNOTS.);
#2765 = CARTESIAN_POINT('',(-16.96487075558,17.874963048585,74.0791));
#2766 = CARTESIAN_POINT('',(-16.61042893168,17.683389738836,74.0791));
#2767 = CARTESIAN_POINT('',(-16.45723268561,17.467635758884,74.0791));
#2768 = CARTESIAN_POINT('',(-16.45723268561,17.165767392138,74.0791));
#2769 = VECTOR('',#2770,1.);
#2770 = DIRECTION('',(0.,0.,1.));
#2771 = ADVANCED_FACE('',(#2772),#2791,.F.);
#2772 = FACE_BOUND('',#2773,.F.);
#2773 = EDGE_LOOP('',(#2774,#2775,#2784,#2790));
#2774 = ORIENTED_EDGE('',*,*,#2757,.T.);
#2775 = ORIENTED_EDGE('',*,*,#2776,.T.);
#2776 = EDGE_CURVE('',#2749,#2777,#2779,.T.);
#2777 = VERTEX_POINT('',#2778);
#2778 = CARTESIAN_POINT('',(-16.96970688962,16.638628781682,73.0791));
#2779 = B_SPLINE_CURVE_WITH_KNOTS('',3,(#2780,#2781,#2782,#2783),
  .UNSPECIFIED.,.F.,.F.,(4,4),(0.,1.),.PIECEWISE_BEZIER_KNOTS.);
#2780 = CARTESIAN_POINT('',(-16.45723268561,17.165767392138,73.0791));
#2781 = CARTESIAN_POINT('',(-16.45723268561,16.84939062327,73.0791));
#2782 = CARTESIAN_POINT('',(-16.66315839316,16.638628781682,73.0791));
#2783 = CARTESIAN_POINT('',(-16.96970688962,16.638628781682,73.0791));
#2784 = ORIENTED_EDGE('',*,*,#2785,.F.);
#2785 = EDGE_CURVE('',#532,#2777,#2786,.T.);
#2786 = LINE('',#2787,#2788);
#2787 = CARTESIAN_POINT('',(-16.96970688962,16.638628781682,74.0791));
#2788 = VECTOR('',#2789,1.);
#2789 = DIRECTION('',(-0.,-0.,-1.));
#2790 = ORIENTED_EDGE('',*,*,#540,.F.);
#2791 = SURFACE_OF_LINEAR_EXTRUSION('',#2792,#2797);
#2792 = B_SPLINE_CURVE_WITH_KNOTS('',3,(#2793,#2794,#2795,#2796),
  .UNSPECIFIED.,.F.,.F.,(4,4),(0.,1.),.PIECEWISE_BEZIER_KNOTS.);
#2793 = CARTESIAN_POINT('',(-16.45723268561,17.165767392138,74.0791));
#2794 = CARTESIAN_POINT('',(-16.45723268561,16.84939062327,74.0791));
#2795 = CARTESIAN_POINT('',(-16.66315839316,16.638628781682,74.0791));
#2796 = CARTESIAN_POINT('',(-16.96970688962,16.638628781682,74.0791));
#2797 = VECTOR('',#2798,1.);
#2798 = DIRECTION('',(0.,0.,1.));
#2799 = ADVANCED_FACE('',(#2800),#2819,.F.);
#2800 = FACE_BOUND('',#2801,.F.);
#2801 = EDGE_LOOP('',(#2802,#2803,#2812,#2818));
#2802 = ORIENTED_EDGE('',*,*,#2785,.T.);
#2803 = ORIENTED_EDGE('',*,*,#2804,.T.);
#2804 = EDGE_CURVE('',#2777,#2805,#2807,.T.);
#2805 = VERTEX_POINT('',#2806);
#2806 = CARTESIAN_POINT('',(-17.43413176187,16.830202091431,73.0791));
#2807 = B_SPLINE_CURVE_WITH_KNOTS('',3,(#2808,#2809,#2810,#2811),
  .UNSPECIFIED.,.F.,.F.,(4,4),(0.,1.),.PIECEWISE_BEZIER_KNOTS.);
#2808 = CARTESIAN_POINT('',(-16.96970688962,16.638628781682,73.0791));
#2809 = CARTESIAN_POINT('',(-17.14209166753,16.638628781682,73.0791));
#2810 = CARTESIAN_POINT('',(-17.3096403114,16.710390770676,73.0791));
#2811 = CARTESIAN_POINT('',(-17.43413176187,16.830202091431,73.0791));
#2812 = ORIENTED_EDGE('',*,*,#2813,.F.);
#2813 = EDGE_CURVE('',#523,#2805,#2814,.T.);
#2814 = LINE('',#2815,#2816);
#2815 = CARTESIAN_POINT('',(-17.43413176187,16.830202091431,74.0791));
#2816 = VECTOR('',#2817,1.);
#2817 = DIRECTION('',(-0.,-0.,-1.));
#2818 = ORIENTED_EDGE('',*,*,#531,.F.);
#2819 = SURFACE_OF_LINEAR_EXTRUSION('',#2820,#2825);
#2820 = B_SPLINE_CURVE_WITH_KNOTS('',3,(#2821,#2822,#2823,#2824),
  .UNSPECIFIED.,.F.,.F.,(4,4),(0.,1.),.PIECEWISE_BEZIER_KNOTS.);
#2821 = CARTESIAN_POINT('',(-16.96970688962,16.638628781682,74.0791));
#2822 = CARTESIAN_POINT('',(-17.14209166753,16.638628781682,74.0791));
#2823 = CARTESIAN_POINT('',(-17.3096403114,16.710390770676,74.0791));
#2824 = CARTESIAN_POINT('',(-17.43413176187,16.830202091431,74.0791));
#2825 = VECTOR('',#2826,1.);
#2826 = DIRECTION('',(0.,0.,1.));
#2827 = ADVANCED_FACE('',(#2828),#2847,.F.);
#2828 = FACE_BOUND('',#2829,.F.);
#2829 = EDGE_LOOP('',(#2830,#2831,#2840,#2846));
#2830 = ORIENTED_EDGE('',*,*,#2813,.T.);
#2831 = ORIENTED_EDGE('',*,*,#2832,.T.);
#2832 = EDGE_CURVE('',#2805,#2833,#2835,.T.);
#2833 = VERTEX_POINT('',#2834);
#2834 = CARTESIAN_POINT('',(-17.76454891989,17.434094829245,73.0791));
#2835 = B_SPLINE_CURVE_WITH_KNOTS('',3,(#2836,#2837,#2838,#2839),
  .UNSPECIFIED.,.F.,.F.,(4,4),(0.,1.),.PIECEWISE_BEZIER_KNOTS.);
#2836 = CARTESIAN_POINT('',(-17.43413176187,16.830202091431,73.0791));
#2837 = CARTESIAN_POINT('',(-17.57781174418,16.974038078066,73.0791));
#2838 = CARTESIAN_POINT('',(-17.6497297375,17.10820179662,73.0791));
#2839 = CARTESIAN_POINT('',(-17.76454891989,17.434094829245,73.0791));
#2840 = ORIENTED_EDGE('',*,*,#2841,.F.);
#2841 = EDGE_CURVE('',#515,#2833,#2842,.T.);
#2842 = LINE('',#2843,#2844);
#2843 = CARTESIAN_POINT('',(-17.76454891989,17.434094829245,74.0791));
#2844 = VECTOR('',#2845,1.);
#2845 = DIRECTION('',(-0.,-0.,-1.));
#2846 = ORIENTED_EDGE('',*,*,#522,.F.);
#2847 = SURFACE_OF_LINEAR_EXTRUSION('',#2848,#2853);
#2848 = B_SPLINE_CURVE_WITH_KNOTS('',3,(#2849,#2850,#2851,#2852),
  .UNSPECIFIED.,.F.,.F.,(4,4),(0.,1.),.PIECEWISE_BEZIER_KNOTS.);
#2849 = CARTESIAN_POINT('',(-17.43413176187,16.830202091431,74.0791));
#2850 = CARTESIAN_POINT('',(-17.57781174418,16.974038078066,74.0791));
#2851 = CARTESIAN_POINT('',(-17.6497297375,17.10820179662,74.0791));
#2852 = CARTESIAN_POINT('',(-17.76454891989,17.434094829245,74.0791));
#2853 = VECTOR('',#2854,1.);
#2854 = DIRECTION('',(0.,0.,1.));
#2855 = ADVANCED_FACE('',(#2856),#2867,.F.);
#2856 = FACE_BOUND('',#2857,.F.);
#2857 = EDGE_LOOP('',(#2858,#2859,#2865,#2866));
#2858 = ORIENTED_EDGE('',*,*,#2841,.T.);
#2859 = ORIENTED_EDGE('',*,*,#2860,.T.);
#2860 = EDGE_CURVE('',#2833,#2297,#2861,.T.);
#2861 = LINE('',#2862,#2863);
#2862 = CARTESIAN_POINT('',(-17.76454891989,17.434094829245,73.0791));
#2863 = VECTOR('',#2864,1.);
#2864 = DIRECTION('',(-0.997010335782,-7.726830102314E-02,0.));
#2865 = ORIENTED_EDGE('',*,*,#2296,.F.);
#2866 = ORIENTED_EDGE('',*,*,#514,.F.);
#2867 = PLANE('',#2868);
#2868 = AXIS2_PLACEMENT_3D('',#2869,#2870,#2871);
#2869 = CARTESIAN_POINT('',(-17.76454891989,17.434094829245,74.0791));
#2870 = DIRECTION('',(-7.726830102314E-02,0.997010335782,0.));
#2871 = DIRECTION('',(-0.997010335782,-7.726830102314E-02,0.));
#2872 = ADVANCED_FACE('',(#2873),#2899,.F.);
#2873 = FACE_BOUND('',#2874,.F.);
#2874 = EDGE_LOOP('',(#2875,#2883,#2892,#2898));
#2875 = ORIENTED_EDGE('',*,*,#2876,.T.);
#2876 = EDGE_CURVE('',#693,#2877,#2879,.T.);
#2877 = VERTEX_POINT('',#2878);
#2878 = CARTESIAN_POINT('',(-18.92256901619,18.761691625629,73.0791));
#2879 = LINE('',#2880,#2881);
#2880 = CARTESIAN_POINT('',(-18.92256901619,18.761691625629,74.0791));
#2881 = VECTOR('',#2882,1.);
#2882 = DIRECTION('',(-0.,-0.,-1.));
#2883 = ORIENTED_EDGE('',*,*,#2884,.T.);
#2884 = EDGE_CURVE('',#2877,#2885,#2887,.T.);
#2885 = VERTEX_POINT('',#2886);
#2886 = CARTESIAN_POINT('',(-19.19573258734,19.025182928695,73.0791));
#2887 = B_SPLINE_CURVE_WITH_KNOTS('',3,(#2888,#2889,#2890,#2891),
  .UNSPECIFIED.,.F.,.F.,(4,4),(0.,1.),.PIECEWISE_BEZIER_KNOTS.);
#2888 = CARTESIAN_POINT('',(-18.92256901619,18.761691625629,73.0791));
#2889 = CARTESIAN_POINT('',(-18.92256901619,18.90537160794,73.0791));
#2890 = CARTESIAN_POINT('',(-19.04238033695,19.025182928695,73.0791));
#2891 = CARTESIAN_POINT('',(-19.19573258734,19.025182928695,73.0791));
#2892 = ORIENTED_EDGE('',*,*,#2893,.F.);
#2893 = EDGE_CURVE('',#695,#2885,#2894,.T.);
#2894 = LINE('',#2895,#2896);
#2895 = CARTESIAN_POINT('',(-19.19573258734,19.025182928695,74.0791));
#2896 = VECTOR('',#2897,1.);
#2897 = DIRECTION('',(-0.,-0.,-1.));
#2898 = ORIENTED_EDGE('',*,*,#692,.F.);
#2899 = SURFACE_OF_LINEAR_EXTRUSION('',#2900,#2905);
#2900 = B_SPLINE_CURVE_WITH_KNOTS('',3,(#2901,#2902,#2903,#2904),
  .UNSPECIFIED.,.F.,.F.,(4,4),(0.,1.),.PIECEWISE_BEZIER_KNOTS.);
#2901 = CARTESIAN_POINT('',(-18.92256901619,18.761691625629,74.0791));
#2902 = CARTESIAN_POINT('',(-18.92256901619,18.90537160794,74.0791));
#2903 = CARTESIAN_POINT('',(-19.04238033695,19.025182928695,74.0791));
#2904 = CARTESIAN_POINT('',(-19.19573258734,19.025182928695,74.0791));
#2905 = VECTOR('',#2906,1.);
#2906 = DIRECTION('',(0.,0.,1.));
#2907 = ADVANCED_FACE('',(#2908),#2927,.F.);
#2908 = FACE_BOUND('',#2909,.F.);
#2909 = EDGE_LOOP('',(#2910,#2911,#2920,#2926));
#2910 = ORIENTED_EDGE('',*,*,#2893,.T.);
#2911 = ORIENTED_EDGE('',*,*,#2912,.T.);
#2912 = EDGE_CURVE('',#2885,#2913,#2915,.T.);
#2913 = VERTEX_POINT('',#2914);
#2914 = CARTESIAN_POINT('',(-19.45438775636,18.766371755346,73.0791));
#2915 = B_SPLINE_CURVE_WITH_KNOTS('',3,(#2916,#2917,#2918,#2919),
  .UNSPECIFIED.,.F.,.F.,(4,4),(0.,1.),.PIECEWISE_BEZIER_KNOTS.);
#2916 = CARTESIAN_POINT('',(-19.19573258734,19.025182928695,73.0791));
#2917 = CARTESIAN_POINT('',(-19.33473243993,19.025182928695,73.0791));
#2918 = CARTESIAN_POINT('',(-19.45438775636,18.90537160794,73.0791));
#2919 = CARTESIAN_POINT('',(-19.45438775636,18.766371755346,73.0791));
#2920 = ORIENTED_EDGE('',*,*,#2921,.F.);
#2921 = EDGE_CURVE('',#713,#2913,#2922,.T.);
#2922 = LINE('',#2923,#2924);
#2923 = CARTESIAN_POINT('',(-19.45438775636,18.766371755346,74.0791));
#2924 = VECTOR('',#2925,1.);
#2925 = DIRECTION('',(-0.,-0.,-1.));
#2926 = ORIENTED_EDGE('',*,*,#721,.F.);
#2927 = SURFACE_OF_LINEAR_EXTRUSION('',#2928,#2933);
#2928 = B_SPLINE_CURVE_WITH_KNOTS('',3,(#2929,#2930,#2931,#2932),
  .UNSPECIFIED.,.F.,.F.,(4,4),(0.,1.),.PIECEWISE_BEZIER_KNOTS.);
#2929 = CARTESIAN_POINT('',(-19.19573258734,19.025182928695,74.0791));
#2930 = CARTESIAN_POINT('',(-19.33473243993,19.025182928695,74.0791));
#2931 = CARTESIAN_POINT('',(-19.45438775636,18.90537160794,74.0791));
#2932 = CARTESIAN_POINT('',(-19.45438775636,18.766371755346,74.0791));
#2933 = VECTOR('',#2934,1.);
#2934 = DIRECTION('',(0.,0.,1.));
#2935 = ADVANCED_FACE('',(#2936),#2955,.F.);
#2936 = FACE_BOUND('',#2937,.F.);
#2937 = EDGE_LOOP('',(#2938,#2939,#2948,#2954));
#2938 = ORIENTED_EDGE('',*,*,#2921,.T.);
#2939 = ORIENTED_EDGE('',*,*,#2940,.T.);
#2940 = EDGE_CURVE('',#2913,#2941,#2943,.T.);
#2941 = VERTEX_POINT('',#2942);
#2942 = CARTESIAN_POINT('',(-19.19573258734,18.493208184198,73.0791));
#2943 = B_SPLINE_CURVE_WITH_KNOTS('',3,(#2944,#2945,#2946,#2947),
  .UNSPECIFIED.,.F.,.F.,(4,4),(0.,1.),.PIECEWISE_BEZIER_KNOTS.);
#2944 = CARTESIAN_POINT('',(-19.45438775636,18.766371755346,73.0791));
#2945 = CARTESIAN_POINT('',(-19.45438775636,18.617855638994,73.0791));
#2946 = CARTESIAN_POINT('',(-19.33941256965,18.493208184198,73.0791));
#2947 = CARTESIAN_POINT('',(-19.19573258734,18.493208184198,73.0791));
#2948 = ORIENTED_EDGE('',*,*,#2949,.F.);
#2949 = EDGE_CURVE('',#704,#2941,#2950,.T.);
#2950 = LINE('',#2951,#2952);
#2951 = CARTESIAN_POINT('',(-19.19573258734,18.493208184198,74.0791));
#2952 = VECTOR('',#2953,1.);
#2953 = DIRECTION('',(-0.,-0.,-1.));
#2954 = ORIENTED_EDGE('',*,*,#712,.F.);
#2955 = SURFACE_OF_LINEAR_EXTRUSION('',#2956,#2961);
#2956 = B_SPLINE_CURVE_WITH_KNOTS('',3,(#2957,#2958,#2959,#2960),
  .UNSPECIFIED.,.F.,.F.,(4,4),(0.,1.),.PIECEWISE_BEZIER_KNOTS.);
#2957 = CARTESIAN_POINT('',(-19.45438775636,18.766371755346,74.0791));
#2958 = CARTESIAN_POINT('',(-19.45438775636,18.617855638994,74.0791));
#2959 = CARTESIAN_POINT('',(-19.33941256965,18.493208184198,74.0791));
#2960 = CARTESIAN_POINT('',(-19.19573258734,18.493208184198,74.0791));
#2961 = VECTOR('',#2962,1.);
#2962 = DIRECTION('',(0.,0.,1.));
#2963 = ADVANCED_FACE('',(#2964),#2976,.F.);
#2964 = FACE_BOUND('',#2965,.F.);
#2965 = EDGE_LOOP('',(#2966,#2967,#2974,#2975));
#2966 = ORIENTED_EDGE('',*,*,#2949,.T.);
#2967 = ORIENTED_EDGE('',*,*,#2968,.T.);
#2968 = EDGE_CURVE('',#2941,#2877,#2969,.T.);
#2969 = B_SPLINE_CURVE_WITH_KNOTS('',3,(#2970,#2971,#2972,#2973),
  .UNSPECIFIED.,.F.,.F.,(4,4),(0.,1.),.PIECEWISE_BEZIER_KNOTS.);
#2970 = CARTESIAN_POINT('',(-19.19573258734,18.493208184198,73.0791));
#2971 = CARTESIAN_POINT('',(-19.04706046666,18.493208184198,73.0791));
#2972 = CARTESIAN_POINT('',(-18.92256901619,18.617855638994,73.0791));
#2973 = CARTESIAN_POINT('',(-18.92256901619,18.761691625629,73.0791));
#2974 = ORIENTED_EDGE('',*,*,#2876,.F.);
#2975 = ORIENTED_EDGE('',*,*,#703,.F.);
#2976 = SURFACE_OF_LINEAR_EXTRUSION('',#2977,#2982);
#2977 = B_SPLINE_CURVE_WITH_KNOTS('',3,(#2978,#2979,#2980,#2981),
  .UNSPECIFIED.,.F.,.F.,(4,4),(0.,1.),.PIECEWISE_BEZIER_KNOTS.);
#2978 = CARTESIAN_POINT('',(-19.19573258734,18.493208184198,74.0791));
#2979 = CARTESIAN_POINT('',(-19.04706046666,18.493208184198,74.0791));
#2980 = CARTESIAN_POINT('',(-18.92256901619,18.617855638994,74.0791));
#2981 = CARTESIAN_POINT('',(-18.92256901619,18.761691625629,74.0791));
#2982 = VECTOR('',#2983,1.);
#2983 = DIRECTION('',(0.,0.,1.));
#2984 = ADVANCED_FACE('',(#2985),#3010,.F.);
#2985 = FACE_BOUND('',#2986,.F.);
#2986 = EDGE_LOOP('',(#2987,#2995,#3003,#3009));
#2987 = ORIENTED_EDGE('',*,*,#2988,.T.);
#2988 = EDGE_CURVE('',#731,#2989,#2991,.T.);
#2989 = VERTEX_POINT('',#2990);
#2990 = CARTESIAN_POINT('',(-19.40446637272,21.191458970362,73.0791));
#2991 = LINE('',#2992,#2993);
#2992 = CARTESIAN_POINT('',(-19.40446637272,21.191458970362,74.0791));
#2993 = VECTOR('',#2994,1.);
#2994 = DIRECTION('',(-0.,-0.,-1.));
#2995 = ORIENTED_EDGE('',*,*,#2996,.T.);
#2996 = EDGE_CURVE('',#2989,#2997,#2999,.T.);
#2997 = VERTEX_POINT('',#2998);
#2998 = CARTESIAN_POINT('',(-19.40446637272,19.868698308019,73.0791));
#2999 = LINE('',#3000,#3001);
#3000 = CARTESIAN_POINT('',(-19.40446637272,21.191458970362,73.0791));
#3001 = VECTOR('',#3002,1.);
#3002 = DIRECTION('',(-2.22044604925E-16,-1.,0.));
#3003 = ORIENTED_EDGE('',*,*,#3004,.F.);
#3004 = EDGE_CURVE('',#733,#2997,#3005,.T.);
#3005 = LINE('',#3006,#3007);
#3006 = CARTESIAN_POINT('',(-19.40446637272,19.868698308019,74.0791));
#3007 = VECTOR('',#3008,1.);
#3008 = DIRECTION('',(-0.,-0.,-1.));
#3009 = ORIENTED_EDGE('',*,*,#730,.F.);
#3010 = PLANE('',#3011);
#3011 = AXIS2_PLACEMENT_3D('',#3012,#3013,#3014);
#3012 = CARTESIAN_POINT('',(-19.40446637272,21.191458970362,74.0791));
#3013 = DIRECTION('',(-1.,2.22044604925E-16,0.));
#3014 = DIRECTION('',(-2.22044604925E-16,-1.,0.));
#3015 = ADVANCED_FACE('',(#3016),#3034,.F.);
#3016 = FACE_BOUND('',#3017,.F.);
#3017 = EDGE_LOOP('',(#3018,#3019,#3027,#3033));
#3018 = ORIENTED_EDGE('',*,*,#3004,.T.);
#3019 = ORIENTED_EDGE('',*,*,#3020,.T.);
#3020 = EDGE_CURVE('',#2997,#3021,#3023,.T.);
#3021 = VERTEX_POINT('',#3022);
#3022 = CARTESIAN_POINT('',(-19.33270438372,19.868698308019,73.0791));
#3023 = LINE('',#3024,#3025);
#3024 = CARTESIAN_POINT('',(-19.40446637272,19.868698308019,73.0791));
#3025 = VECTOR('',#3026,1.);
#3026 = DIRECTION('',(1.,-2.22044604925E-16,0.));
#3027 = ORIENTED_EDGE('',*,*,#3028,.F.);
#3028 = EDGE_CURVE('',#816,#3021,#3029,.T.);
#3029 = LINE('',#3030,#3031);
#3030 = CARTESIAN_POINT('',(-19.33270438372,19.868698308019,74.0791));
#3031 = VECTOR('',#3032,1.);
#3032 = DIRECTION('',(-0.,-0.,-1.));
#3033 = ORIENTED_EDGE('',*,*,#824,.F.);
#3034 = PLANE('',#3035);
#3035 = AXIS2_PLACEMENT_3D('',#3036,#3037,#3038);
#3036 = CARTESIAN_POINT('',(-19.40446637272,19.868698308019,74.0791));
#3037 = DIRECTION('',(-2.22044604925E-16,-1.,0.));
#3038 = DIRECTION('',(1.,-2.22044604925E-16,0.));
#3039 = ADVANCED_FACE('',(#3040),#3059,.F.);
#3040 = FACE_BOUND('',#3041,.F.);
#3041 = EDGE_LOOP('',(#3042,#3043,#3052,#3058));
#3042 = ORIENTED_EDGE('',*,*,#3028,.T.);
#3043 = ORIENTED_EDGE('',*,*,#3044,.T.);
#3044 = EDGE_CURVE('',#3021,#3045,#3047,.T.);
#3045 = VERTEX_POINT('',#3046);
#3046 = CARTESIAN_POINT('',(-19.05033655746,20.323918925157,73.0791));
#3047 = B_SPLINE_CURVE_WITH_KNOTS('',3,(#3048,#3049,#3050,#3051),
  .UNSPECIFIED.,.F.,.F.,(4,4),(0.,1.),.PIECEWISE_BEZIER_KNOTS.);
#3048 = CARTESIAN_POINT('',(-19.33270438372,19.868698308019,73.0791));
#3049 = CARTESIAN_POINT('',(-19.33270438372,20.237648534041,73.0791));
#3050 = CARTESIAN_POINT('',(-19.27997492224,20.31923879544,73.0791));
#3051 = CARTESIAN_POINT('',(-19.05033655746,20.323918925157,73.0791));
#3052 = ORIENTED_EDGE('',*,*,#3053,.F.);
#3053 = EDGE_CURVE('',#808,#3045,#3054,.T.);
#3054 = LINE('',#3055,#3056);
#3055 = CARTESIAN_POINT('',(-19.05033655746,20.323918925157,74.0791));
#3056 = VECTOR('',#3057,1.);
#3057 = DIRECTION('',(-0.,-0.,-1.));
#3058 = ORIENTED_EDGE('',*,*,#815,.F.);
#3059 = SURFACE_OF_LINEAR_EXTRUSION('',#3060,#3065);
#3060 = B_SPLINE_CURVE_WITH_KNOTS('',3,(#3061,#3062,#3063,#3064),
  .UNSPECIFIED.,.F.,.F.,(4,4),(0.,1.),.PIECEWISE_BEZIER_KNOTS.);
#3061 = CARTESIAN_POINT('',(-19.33270438372,19.868698308019,74.0791));
#3062 = CARTESIAN_POINT('',(-19.33270438372,20.237648534041,74.0791));
#3063 = CARTESIAN_POINT('',(-19.27997492224,20.31923879544,74.0791));
#3064 = CARTESIAN_POINT('',(-19.05033655746,20.323918925157,74.0791));
#3065 = VECTOR('',#3066,1.);
#3066 = DIRECTION('',(0.,0.,1.));
#3067 = ADVANCED_FACE('',(#3068),#3086,.F.);
#3068 = FACE_BOUND('',#3069,.F.);
#3069 = EDGE_LOOP('',(#3070,#3071,#3079,#3085));
#3070 = ORIENTED_EDGE('',*,*,#3053,.T.);
#3071 = ORIENTED_EDGE('',*,*,#3072,.T.);
#3072 = EDGE_CURVE('',#3045,#3073,#3075,.T.);
#3073 = VERTEX_POINT('',#3074);
#3074 = CARTESIAN_POINT('',(-16.17923298042,20.323918925157,73.0791));
#3075 = LINE('',#3076,#3077);
#3076 = CARTESIAN_POINT('',(-19.05033655746,20.323918925157,73.0791));
#3077 = VECTOR('',#3078,1.);
#3078 = DIRECTION('',(1.,-2.22044604925E-16,0.));
#3079 = ORIENTED_EDGE('',*,*,#3080,.F.);
#3080 = EDGE_CURVE('',#800,#3073,#3081,.T.);
#3081 = LINE('',#3082,#3083);
#3082 = CARTESIAN_POINT('',(-16.17923298042,20.323918925157,74.0791));
#3083 = VECTOR('',#3084,1.);
#3084 = DIRECTION('',(-0.,-0.,-1.));
#3085 = ORIENTED_EDGE('',*,*,#807,.F.);
#3086 = PLANE('',#3087);
#3087 = AXIS2_PLACEMENT_3D('',#3088,#3089,#3090);
#3088 = CARTESIAN_POINT('',(-19.05033655746,20.323918925157,74.0791));
#3089 = DIRECTION('',(-2.22044604925E-16,-1.,0.));
#3090 = DIRECTION('',(1.,-2.22044604925E-16,0.));
#3091 = ADVANCED_FACE('',(#3092),#3110,.F.);
#3092 = FACE_BOUND('',#3093,.F.);
#3093 = EDGE_LOOP('',(#3094,#3095,#3103,#3109));
#3094 = ORIENTED_EDGE('',*,*,#3080,.T.);
#3095 = ORIENTED_EDGE('',*,*,#3096,.T.);
#3096 = EDGE_CURVE('',#3073,#3097,#3099,.T.);
#3097 = VERTEX_POINT('',#3098);
#3098 = CARTESIAN_POINT('',(-16.16956071234,20.362295988836,73.0791));
#3099 = LINE('',#3100,#3101);
#3100 = CARTESIAN_POINT('',(-16.17923298042,20.323918925157,73.0791));
#3101 = VECTOR('',#3102,1.);
#3102 = DIRECTION('',(0.244390135281,0.969676988372,0.));
#3103 = ORIENTED_EDGE('',*,*,#3104,.F.);
#3104 = EDGE_CURVE('',#792,#3097,#3105,.T.);
#3105 = LINE('',#3106,#3107);
#3106 = CARTESIAN_POINT('',(-16.16956071234,20.362295988836,74.0791));
#3107 = VECTOR('',#3108,1.);
#3108 = DIRECTION('',(-0.,-0.,-1.));
#3109 = ORIENTED_EDGE('',*,*,#799,.F.);
#3110 = PLANE('',#3111);
#3111 = AXIS2_PLACEMENT_3D('',#3112,#3113,#3114);
#3112 = CARTESIAN_POINT('',(-16.17923298042,20.323918925157,74.0791));
#3113 = DIRECTION('',(0.969676988372,-0.244390135281,0.));
#3114 = DIRECTION('',(0.244390135281,0.969676988372,0.));
#3115 = ADVANCED_FACE('',(#3116),#3134,.F.);
#3116 = FACE_BOUND('',#3117,.F.);
#3117 = EDGE_LOOP('',(#3118,#3119,#3127,#3133));
#3118 = ORIENTED_EDGE('',*,*,#3104,.T.);
#3119 = ORIENTED_EDGE('',*,*,#3120,.T.);
#3120 = EDGE_CURVE('',#3097,#3121,#3123,.T.);
#3121 = VERTEX_POINT('',#3122);
#3122 = CARTESIAN_POINT('',(-16.60512478467,21.2249999,73.0791));
#3123 = LINE('',#3124,#3125);
#3124 = CARTESIAN_POINT('',(-16.16956071234,20.362295988836,73.0791));
#3125 = VECTOR('',#3126,1.);
#3126 = DIRECTION('',(-0.450696964698,0.892677011025,0.));
#3127 = ORIENTED_EDGE('',*,*,#3128,.F.);
#3128 = EDGE_CURVE('',#784,#3121,#3129,.T.);
#3129 = LINE('',#3130,#3131);
#3130 = CARTESIAN_POINT('',(-16.60512478467,21.2249999,74.0791));
#3131 = VECTOR('',#3132,1.);
#3132 = DIRECTION('',(-0.,-0.,-1.));
#3133 = ORIENTED_EDGE('',*,*,#791,.F.);
#3134 = PLANE('',#3135);
#3135 = AXIS2_PLACEMENT_3D('',#3136,#3137,#3138);
#3136 = CARTESIAN_POINT('',(-16.16956071234,20.362295988836,74.0791));
#3137 = DIRECTION('',(0.892677011025,0.450696964698,-0.));
#3138 = DIRECTION('',(-0.450696964698,0.892677011025,0.));
#3139 = ADVANCED_FACE('',(#3140),#3158,.F.);
#3140 = FACE_BOUND('',#3141,.F.);
#3141 = EDGE_LOOP('',(#3142,#3143,#3151,#3157));
#3142 = ORIENTED_EDGE('',*,*,#3128,.T.);
#3143 = ORIENTED_EDGE('',*,*,#3144,.T.);
#3144 = EDGE_CURVE('',#3121,#3145,#3147,.T.);
#3145 = VERTEX_POINT('',#3146);
#3146 = CARTESIAN_POINT('',(-16.67220664394,21.2249999,73.0791));
#3147 = LINE('',#3148,#3149);
#3148 = CARTESIAN_POINT('',(-16.60512478467,21.2249999,73.0791));
#3149 = VECTOR('',#3150,1.);
#3150 = DIRECTION('',(-1.,2.22044604925E-16,0.));
#3151 = ORIENTED_EDGE('',*,*,#3152,.F.);
#3152 = EDGE_CURVE('',#775,#3145,#3153,.T.);
#3153 = LINE('',#3154,#3155);
#3154 = CARTESIAN_POINT('',(-16.67220664394,21.2249999,74.0791));
#3155 = VECTOR('',#3156,1.);
#3156 = DIRECTION('',(-0.,-0.,-1.));
#3157 = ORIENTED_EDGE('',*,*,#783,.F.);
#3158 = PLANE('',#3159);
#3159 = AXIS2_PLACEMENT_3D('',#3160,#3161,#3162);
#3160 = CARTESIAN_POINT('',(-16.60512478467,21.2249999,74.0791));
#3161 = DIRECTION('',(2.22044604925E-16,1.,-0.));
#3162 = DIRECTION('',(-1.,2.22044604925E-16,0.));
#3163 = ADVANCED_FACE('',(#3164),#3183,.F.);
#3164 = FACE_BOUND('',#3165,.F.);
#3165 = EDGE_LOOP('',(#3166,#3167,#3176,#3182));
#3166 = ORIENTED_EDGE('',*,*,#3152,.T.);
#3167 = ORIENTED_EDGE('',*,*,#3168,.T.);
#3168 = EDGE_CURVE('',#3145,#3169,#3171,.T.);
#3169 = VERTEX_POINT('',#3170);
#3170 = CARTESIAN_POINT('',(-16.56690372531,20.879918335535,73.0791));
#3171 = B_SPLINE_CURVE_WITH_KNOTS('',3,(#3172,#3173,#3174,#3175),
  .UNSPECIFIED.,.F.,.F.,(4,4),(0.,1.),.PIECEWISE_BEZIER_KNOTS.);
#3172 = CARTESIAN_POINT('',(-16.67220664394,21.2249999,73.0791));
#3173 = CARTESIAN_POINT('',(-16.60044465495,21.038106719969,73.0791));
#3174 = CARTESIAN_POINT('',(-16.56690372531,20.922975528931,73.0791));
#3175 = CARTESIAN_POINT('',(-16.56690372531,20.879918335535,73.0791));
#3176 = ORIENTED_EDGE('',*,*,#3177,.F.);
#3177 = EDGE_CURVE('',#766,#3169,#3178,.T.);
#3178 = LINE('',#3179,#3180);
#3179 = CARTESIAN_POINT('',(-16.56690372531,20.879918335535,74.0791));
#3180 = VECTOR('',#3181,1.);
#3181 = DIRECTION('',(-0.,-0.,-1.));
#3182 = ORIENTED_EDGE('',*,*,#774,.F.);
#3183 = SURFACE_OF_LINEAR_EXTRUSION('',#3184,#3189);
#3184 = B_SPLINE_CURVE_WITH_KNOTS('',3,(#3185,#3186,#3187,#3188),
  .UNSPECIFIED.,.F.,.F.,(4,4),(0.,1.),.PIECEWISE_BEZIER_KNOTS.);
#3185 = CARTESIAN_POINT('',(-16.67220664394,21.2249999,74.0791));
#3186 = CARTESIAN_POINT('',(-16.60044465495,21.038106719969,74.0791));
#3187 = CARTESIAN_POINT('',(-16.56690372531,20.922975528931,74.0791));
#3188 = CARTESIAN_POINT('',(-16.56690372531,20.879918335535,74.0791));
#3189 = VECTOR('',#3190,1.);
#3190 = DIRECTION('',(0.,0.,1.));
#3191 = ADVANCED_FACE('',(#3192),#3211,.F.);
#3192 = FACE_BOUND('',#3193,.F.);
#3193 = EDGE_LOOP('',(#3194,#3195,#3204,#3210));
#3194 = ORIENTED_EDGE('',*,*,#3177,.T.);
#3195 = ORIENTED_EDGE('',*,*,#3196,.T.);
#3196 = EDGE_CURVE('',#3169,#3197,#3199,.T.);
#3197 = VERTEX_POINT('',#3198);
#3198 = CARTESIAN_POINT('',(-16.79186196037,20.736082348899,73.0791));
#3199 = B_SPLINE_CURVE_WITH_KNOTS('',3,(#3200,#3201,#3202,#3203),
  .UNSPECIFIED.,.F.,.F.,(4,4),(0.,1.),.PIECEWISE_BEZIER_KNOTS.);
#3200 = CARTESIAN_POINT('',(-16.56690372531,20.879918335535,73.0791));
#3201 = CARTESIAN_POINT('',(-16.56690372531,20.77929554662,73.0791));
#3202 = CARTESIAN_POINT('',(-16.6386657143,20.736082348899,73.0791));
#3203 = CARTESIAN_POINT('',(-16.79186196037,20.736082348899,73.0791));
#3204 = ORIENTED_EDGE('',*,*,#3205,.F.);
#3205 = EDGE_CURVE('',#758,#3197,#3206,.T.);
#3206 = LINE('',#3207,#3208);
#3207 = CARTESIAN_POINT('',(-16.79186196037,20.736082348899,74.0791));
#3208 = VECTOR('',#3209,1.);
#3209 = DIRECTION('',(-0.,-0.,-1.));
#3210 = ORIENTED_EDGE('',*,*,#765,.F.);
#3211 = SURFACE_OF_LINEAR_EXTRUSION('',#3212,#3217);
#3212 = B_SPLINE_CURVE_WITH_KNOTS('',3,(#3213,#3214,#3215,#3216),
  .UNSPECIFIED.,.F.,.F.,(4,4),(0.,1.),.PIECEWISE_BEZIER_KNOTS.);
#3213 = CARTESIAN_POINT('',(-16.56690372531,20.879918335535,74.0791));
#3214 = CARTESIAN_POINT('',(-16.56690372531,20.77929554662,74.0791));
#3215 = CARTESIAN_POINT('',(-16.6386657143,20.736082348899,74.0791));
#3216 = CARTESIAN_POINT('',(-16.79186196037,20.736082348899,74.0791));
#3217 = VECTOR('',#3218,1.);
#3218 = DIRECTION('',(0.,0.,1.));
#3219 = ADVANCED_FACE('',(#3220),#3238,.F.);
#3220 = FACE_BOUND('',#3221,.F.);
#3221 = EDGE_LOOP('',(#3222,#3223,#3231,#3237));
#3222 = ORIENTED_EDGE('',*,*,#3205,.T.);
#3223 = ORIENTED_EDGE('',*,*,#3224,.T.);
#3224 = EDGE_CURVE('',#3197,#3225,#3227,.T.);
#3225 = VERTEX_POINT('',#3226);
#3226 = CARTESIAN_POINT('',(-18.95938603663,20.736082348899,73.0791));
#3227 = LINE('',#3228,#3229);
#3228 = CARTESIAN_POINT('',(-16.79186196037,20.736082348899,73.0791));
#3229 = VECTOR('',#3230,1.);
#3230 = DIRECTION('',(-1.,2.22044604925E-16,0.));
#3231 = ORIENTED_EDGE('',*,*,#3232,.F.);
#3232 = EDGE_CURVE('',#749,#3225,#3233,.T.);
#3233 = LINE('',#3234,#3235);
#3234 = CARTESIAN_POINT('',(-18.95938603663,20.736082348899,74.0791));
#3235 = VECTOR('',#3236,1.);
#3236 = DIRECTION('',(-0.,-0.,-1.));
#3237 = ORIENTED_EDGE('',*,*,#757,.F.);
#3238 = PLANE('',#3239);
#3239 = AXIS2_PLACEMENT_3D('',#3240,#3241,#3242);
#3240 = CARTESIAN_POINT('',(-16.79186196037,20.736082348899,74.0791));
#3241 = DIRECTION('',(2.22044604925E-16,1.,-0.));
#3242 = DIRECTION('',(-1.,2.22044604925E-16,0.));
#3243 = ADVANCED_FACE('',(#3244),#3263,.F.);
#3244 = FACE_BOUND('',#3245,.F.);
#3245 = EDGE_LOOP('',(#3246,#3247,#3256,#3262));
#3246 = ORIENTED_EDGE('',*,*,#3232,.T.);
#3247 = ORIENTED_EDGE('',*,*,#3248,.T.);
#3248 = EDGE_CURVE('',#3225,#3249,#3251,.T.);
#3249 = VERTEX_POINT('',#3250);
#3250 = CARTESIAN_POINT('',(-19.33270438372,21.191458970362,73.0791));
#3251 = B_SPLINE_CURVE_WITH_KNOTS('',3,(#3252,#3253,#3254,#3255),
  .UNSPECIFIED.,.F.,.F.,(4,4),(0.,1.),.PIECEWISE_BEZIER_KNOTS.);
#3252 = CARTESIAN_POINT('',(-18.95938603663,20.736082348899,73.0791));
#3253 = CARTESIAN_POINT('',(-19.2607863904,20.745754616981,73.0791));
#3254 = CARTESIAN_POINT('',(-19.32786824968,20.827188874057,73.0791));
#3255 = CARTESIAN_POINT('',(-19.33270438372,21.191458970362,73.0791));
#3256 = ORIENTED_EDGE('',*,*,#3257,.F.);
#3257 = EDGE_CURVE('',#741,#3249,#3258,.T.);
#3258 = LINE('',#3259,#3260);
#3259 = CARTESIAN_POINT('',(-19.33270438372,21.191458970362,74.0791));
#3260 = VECTOR('',#3261,1.);
#3261 = DIRECTION('',(-0.,-0.,-1.));
#3262 = ORIENTED_EDGE('',*,*,#748,.F.);
#3263 = SURFACE_OF_LINEAR_EXTRUSION('',#3264,#3269);
#3264 = B_SPLINE_CURVE_WITH_KNOTS('',3,(#3265,#3266,#3267,#3268),
  .UNSPECIFIED.,.F.,.F.,(4,4),(0.,1.),.PIECEWISE_BEZIER_KNOTS.);
#3265 = CARTESIAN_POINT('',(-18.95938603663,20.736082348899,74.0791));
#3266 = CARTESIAN_POINT('',(-19.2607863904,20.745754616981,74.0791));
#3267 = CARTESIAN_POINT('',(-19.32786824968,20.827188874057,74.0791));
#3268 = CARTESIAN_POINT('',(-19.33270438372,21.191458970362,74.0791));
#3269 = VECTOR('',#3270,1.);
#3270 = DIRECTION('',(0.,0.,1.));
#3271 = ADVANCED_FACE('',(#3272),#3283,.F.);
#3272 = FACE_BOUND('',#3273,.F.);
#3273 = EDGE_LOOP('',(#3274,#3275,#3281,#3282));
#3274 = ORIENTED_EDGE('',*,*,#3257,.T.);
#3275 = ORIENTED_EDGE('',*,*,#3276,.T.);
#3276 = EDGE_CURVE('',#3249,#2989,#3277,.T.);
#3277 = LINE('',#3278,#3279);
#3278 = CARTESIAN_POINT('',(-19.33270438372,21.191458970362,73.0791));
#3279 = VECTOR('',#3280,1.);
#3280 = DIRECTION('',(-1.,2.22044604925E-16,0.));
#3281 = ORIENTED_EDGE('',*,*,#2988,.F.);
#3282 = ORIENTED_EDGE('',*,*,#740,.F.);
#3283 = PLANE('',#3284);
#3284 = AXIS2_PLACEMENT_3D('',#3285,#3286,#3287);
#3285 = CARTESIAN_POINT('',(-19.33270438372,21.191458970362,74.0791));
#3286 = DIRECTION('',(2.22044604925E-16,1.,-0.));
#3287 = DIRECTION('',(-1.,2.22044604925E-16,0.));
#3288 = ADVANCED_FACE('',(#3289),#3340,.T.);
#3289 = FACE_BOUND('',#3290,.F.);
#3290 = EDGE_LOOP('',(#3291,#3301,#3308,#3309,#3318,#3331,#3332,#3333));
#3291 = ORIENTED_EDGE('',*,*,#3292,.T.);
#3292 = EDGE_CURVE('',#3293,#3295,#3297,.T.);
#3293 = VERTEX_POINT('',#3294);
#3294 = CARTESIAN_POINT('',(-23.57946637272,7.9375,67.437));
#3295 = VERTEX_POINT('',#3296);
#3296 = CARTESIAN_POINT('',(-23.90458637272,7.9375,67.437));
#3297 = LINE('',#3298,#3299);
#3298 = CARTESIAN_POINT('',(-20.40446637272,7.9375,67.437));
#3299 = VECTOR('',#3300,1.);
#3300 = DIRECTION('',(-1.,1.110223024625E-16,-1.110223024625E-16));
#3301 = ORIENTED_EDGE('',*,*,#3302,.T.);
#3302 = EDGE_CURVE('',#3295,#3295,#3303,.T.);
#3303 = CIRCLE('',#3304,4.7625);
#3304 = AXIS2_PLACEMENT_3D('',#3305,#3306,#3307);
#3305 = CARTESIAN_POINT('',(-23.90458637272,12.7,67.437));
#3306 = DIRECTION('',(-1.,4.440892098501E-16,-2.22044604925E-16));
#3307 = DIRECTION('',(-4.440892098501E-16,-1.,-2.22044604925E-16));
#3308 = ORIENTED_EDGE('',*,*,#3292,.F.);
#3309 = ORIENTED_EDGE('',*,*,#3310,.F.);
#3310 = EDGE_CURVE('',#3311,#3293,#3313,.T.);
#3311 = VERTEX_POINT('',#3312);
#3312 = CARTESIAN_POINT('',(-23.57946637272,10.092489888342,63.45174));
#3313 = CIRCLE('',#3314,4.7625);
#3314 = AXIS2_PLACEMENT_3D('',#3315,#3316,#3317);
#3315 = CARTESIAN_POINT('',(-23.57946637272,12.7,67.437));
#3316 = DIRECTION('',(-1.,0.,0.));
#3317 = DIRECTION('',(0.,-1.,0.));
#3318 = ORIENTED_EDGE('',*,*,#3319,.F.);
#3319 = EDGE_CURVE('',#848,#3311,#3320,.T.);
#3320 = ( BOUNDED_CURVE() B_SPLINE_CURVE(9,(#3321,#3322,#3323,#3324,
    #3325,#3326,#3327,#3328,#3329,#3330),.UNSPECIFIED.,.F.,.F.) 
B_SPLINE_CURVE_WITH_KNOTS((10,10),(19.683435575928,25.202069462236),
.PIECEWISE_BEZIER_KNOTS.) CURVE() GEOMETRIC_REPRESENTATION_ITEM() 
RATIONAL_B_SPLINE_CURVE((1.,1.,1.,1.,1.,1.,1.,1.,1.,1.)) 
REPRESENTATION_ITEM('') );
#3321 = CARTESIAN_POINT('',(-23.57946637272,15.307510111658,63.45174));
#3322 = CARTESIAN_POINT('',(-23.57946637272,14.79440017807,
    63.116018029483));
#3323 = CARTESIAN_POINT('',(-23.42221898506,14.232661241337,
    62.854617252418));
#3324 = CARTESIAN_POINT('',(-23.31977467606,13.63459808314,
    62.675589351136));
#3325 = CARTESIAN_POINT('',(-23.2361505031,13.014068212724,
    62.584606120538));
#3326 = CARTESIAN_POINT('',(-23.2361505031,12.385931787276,
    62.584606120538));
#3327 = CARTESIAN_POINT('',(-23.31977467606,11.76540191686,
    62.675589351137));
#3328 = CARTESIAN_POINT('',(-23.42221898506,11.167338758663,
    62.854617252418));
#3329 = CARTESIAN_POINT('',(-23.57946637272,10.60559982193,
    63.116018029483));
#3330 = CARTESIAN_POINT('',(-23.57946637272,10.092489888342,63.45174));
#3331 = ORIENTED_EDGE('',*,*,#856,.F.);
#3332 = ORIENTED_EDGE('',*,*,#977,.F.);
#3333 = ORIENTED_EDGE('',*,*,#3334,.F.);
#3334 = EDGE_CURVE('',#3293,#967,#3335,.T.);
#3335 = CIRCLE('',#3336,4.7625);
#3336 = AXIS2_PLACEMENT_3D('',#3337,#3338,#3339);
#3337 = CARTESIAN_POINT('',(-23.57946637272,12.7,67.437));
#3338 = DIRECTION('',(-1.,0.,0.));
#3339 = DIRECTION('',(0.,-1.,0.));
#3340 = CYLINDRICAL_SURFACE('',#3341,4.7625);
#3341 = AXIS2_PLACEMENT_3D('',#3342,#3343,#3344);
#3342 = CARTESIAN_POINT('',(-20.40446637272,12.7,67.437));
#3343 = DIRECTION('',(1.,-4.440892098501E-16,2.22044604925E-16));
#3344 = DIRECTION('',(-4.440892098501E-16,-1.,-2.22044604925E-16));
#3345 = ADVANCED_FACE('',(#3346),#3357,.T.);
#3346 = FACE_BOUND('',#3347,.T.);
#3347 = EDGE_LOOP('',(#3348,#3349,#3350,#3356));
#3348 = ORIENTED_EDGE('',*,*,#847,.F.);
#3349 = ORIENTED_EDGE('',*,*,#897,.T.);
#3350 = ORIENTED_EDGE('',*,*,#3351,.T.);
#3351 = EDGE_CURVE('',#898,#3311,#3352,.T.);
#3352 = ( BOUNDED_CURVE() B_SPLINE_CURVE(2,(#3353,#3354,#3355),
.UNSPECIFIED.,.F.,.F.) B_SPLINE_CURVE_WITH_KNOTS((3,3),(0.,
5.518633886307),.PIECEWISE_BEZIER_KNOTS.) CURVE() 
GEOMETRIC_REPRESENTATION_ITEM() RATIONAL_B_SPLINE_CURVE((1.,
0.707106781187,1.)) REPRESENTATION_ITEM('') );
#3353 = CARTESIAN_POINT('',(-20.40446637272,8.354149813903,60.7949));
#3354 = CARTESIAN_POINT('',(-20.40446637272,10.092489888342,63.45174));
#3355 = CARTESIAN_POINT('',(-23.57946637272,10.092489888342,63.45174));
#3356 = ORIENTED_EDGE('',*,*,#3319,.F.);
#3357 = ( BOUNDED_SURFACE() B_SPLINE_SURFACE(2,9,(
    (#3358,#3359,#3360,#3361,#3362,#3363,#3364,#3365,#3366,#3367)
    ,(#3368,#3369,#3370,#3371,#3372,#3373,#3374,#3375,#3376,#3377)
    ,(#3378,#3379,#3380,#3381,#3382,#3383,#3384,#3385,#3386,#3387
)),.UNSPECIFIED.,.F.,.F.,.F.) B_SPLINE_SURFACE_WITH_KNOTS((3,3),(10,10),
  (0.,5.518633886307),(19.683435575928,25.202069462236),
.PIECEWISE_BEZIER_KNOTS.) GEOMETRIC_REPRESENTATION_ITEM() 
RATIONAL_B_SPLINE_SURFACE((
    (1.,1.,1.,1.,1.,1.,1.,1.,1.,1.)
    ,(0.707106781187,0.78156593879,0.816769243619,0.840716920674
      ,0.849446816312,0.849446816312,0.840716920674,0.816769243619
      ,0.78156593879,0.707106781187)
,(1.,1.,1.,1.,1.,1.,1.,1.,1.,1.))) REPRESENTATION_ITEM('') SURFACE() );
#3358 = CARTESIAN_POINT('',(-23.57946637272,15.307510111658,63.45174));
#3359 = CARTESIAN_POINT('',(-23.57946637272,14.79440017807,
    63.116018029483));
#3360 = CARTESIAN_POINT('',(-23.42221898506,14.232661241337,
    62.854617252418));
#3361 = CARTESIAN_POINT('',(-23.31977467606,13.63459808314,
    62.675589351136));
#3362 = CARTESIAN_POINT('',(-23.2361505031,13.014068212724,
    62.584606120538));
#3363 = CARTESIAN_POINT('',(-23.2361505031,12.385931787276,
    62.584606120538));
#3364 = CARTESIAN_POINT('',(-23.31977467606,11.76540191686,
    62.675589351137));
#3365 = CARTESIAN_POINT('',(-23.42221898506,11.167338758663,
    62.854617252418));
#3366 = CARTESIAN_POINT('',(-23.57946637272,10.60559982193,
    63.116018029483));
#3367 = CARTESIAN_POINT('',(-23.57946637272,10.092489888342,63.45174));
#3368 = CARTESIAN_POINT('',(-20.40446637272,15.307510111658,63.45174));
#3369 = CARTESIAN_POINT('',(-21.00942575914,14.843283748243,
    63.148001991262));
#3370 = CARTESIAN_POINT('',(-21.18751156679,14.271551703435,
    62.866270536892));
#3371 = CARTESIAN_POINT('',(-21.2595499794,13.670351397549,
    62.682219904855));
#3372 = CARTESIAN_POINT('',(-21.27109086613,13.017011790132,
    62.580453532569));
#3373 = CARTESIAN_POINT('',(-21.27109086613,12.382988209868,
    62.580453532568));
#3374 = CARTESIAN_POINT('',(-21.2595499794,11.729648602451,
    62.682219904855));
#3375 = CARTESIAN_POINT('',(-21.18751156679,11.128448296565,
    62.866270536892));
#3376 = CARTESIAN_POINT('',(-21.00942575914,10.556716251757,
    63.148001991262));
#3377 = CARTESIAN_POINT('',(-20.40446637272,10.092489888342,63.45174));
#3378 = CARTESIAN_POINT('',(-20.40446637272,17.045850186097,60.7949));
#3379 = CARTESIAN_POINT('',(-20.40446637272,15.824568543762,60.7949));
#3380 = CARTESIAN_POINT('',(-20.40446637272,14.834740454397,60.7949));
#3381 = CARTESIAN_POINT('',(-20.40446637272,13.942893625486,60.7949));
#3382 = CARTESIAN_POINT('',(-20.40446637272,13.110712466579,60.7949));
#3383 = CARTESIAN_POINT('',(-20.40446637272,12.289287533421,60.7949));
#3384 = CARTESIAN_POINT('',(-20.40446637272,11.457106374514,60.7949));
#3385 = CARTESIAN_POINT('',(-20.40446637272,10.565259545603,60.7949));
#3386 = CARTESIAN_POINT('',(-20.40446637272,9.575431456238,60.7949));
#3387 = CARTESIAN_POINT('',(-20.40446637272,8.354149813903,60.7949));
#3388 = ADVANCED_FACE('',(#3389),#3422,.T.);
#3389 = FACE_BOUND('',#3390,.T.);
#3390 = EDGE_LOOP('',(#3391,#3400,#3401,#3409));
#3391 = ORIENTED_EDGE('',*,*,#3392,.F.);
#3392 = EDGE_CURVE('',#913,#3393,#3395,.T.);
#3393 = VERTEX_POINT('',#3394);
#3394 = CARTESIAN_POINT('',(-23.57946637272,-10.09248988834,63.45174));
#3395 = CIRCLE('',#3396,3.175);
#3396 = AXIS2_PLACEMENT_3D('',#3397,#3398,#3399);
#3397 = CARTESIAN_POINT('',(-23.57946637272,-8.354149813903,60.7949));
#3398 = DIRECTION('',(0.,-0.8368,-0.547508684863));
#3399 = DIRECTION('',(0.,0.547508684863,-0.8368));
#3400 = ORIENTED_EDGE('',*,*,#920,.T.);
#3401 = ORIENTED_EDGE('',*,*,#3402,.T.);
#3402 = EDGE_CURVE('',#921,#3403,#3405,.T.);
#3403 = VERTEX_POINT('',#3404);
#3404 = CARTESIAN_POINT('',(-23.57946637272,-15.30751011165,63.45174));
#3405 = ( BOUNDED_CURVE() B_SPLINE_CURVE(2,(#3406,#3407,#3408),
.UNSPECIFIED.,.F.,.F.) B_SPLINE_CURVE_WITH_KNOTS((3,3),(0.,
5.518633886307),.PIECEWISE_BEZIER_KNOTS.) CURVE() 
GEOMETRIC_REPRESENTATION_ITEM() RATIONAL_B_SPLINE_CURVE((1.,
0.707106781187,1.)) REPRESENTATION_ITEM('') );
#3406 = CARTESIAN_POINT('',(-20.40446637272,-17.04585018609,60.7949));
#3407 = CARTESIAN_POINT('',(-20.40446637272,-15.30751011165,63.45174));
#3408 = CARTESIAN_POINT('',(-23.57946637272,-15.30751011165,63.45174));
#3409 = ORIENTED_EDGE('',*,*,#3410,.F.);
#3410 = EDGE_CURVE('',#3393,#3403,#3411,.T.);
#3411 = ( BOUNDED_CURVE() B_SPLINE_CURVE(9,(#3412,#3413,#3414,#3415,
    #3416,#3417,#3418,#3419,#3420,#3421),.UNSPECIFIED.,.F.,.F.) 
B_SPLINE_CURVE_WITH_KNOTS((10,10),(19.683435575928,25.202069462236),
.PIECEWISE_BEZIER_KNOTS.) CURVE() GEOMETRIC_REPRESENTATION_ITEM() 
RATIONAL_B_SPLINE_CURVE((1.,1.,1.,1.,1.,1.,1.,1.,1.,1.)) 
REPRESENTATION_ITEM('') );
#3412 = CARTESIAN_POINT('',(-23.57946637272,-10.09248988834,63.45174));
#3413 = CARTESIAN_POINT('',(-23.57946637272,-10.60559982193,
    63.116018029483));
#3414 = CARTESIAN_POINT('',(-23.42221898506,-11.16733875866,
    62.854617252418));
#3415 = CARTESIAN_POINT('',(-23.31977467606,-11.76540191686,
    62.675589351137));
#3416 = CARTESIAN_POINT('',(-23.2361505031,-12.38593178727,
    62.584606120538));
#3417 = CARTESIAN_POINT('',(-23.2361505031,-13.01406821272,
    62.584606120538));
#3418 = CARTESIAN_POINT('',(-23.31977467606,-13.63459808314,
    62.675589351137));
#3419 = CARTESIAN_POINT('',(-23.42221898506,-14.23266124133,
    62.854617252418));
#3420 = CARTESIAN_POINT('',(-23.57946637272,-14.79440017807,
    63.116018029483));
#3421 = CARTESIAN_POINT('',(-23.57946637272,-15.30751011165,63.45174));
#3422 = ( BOUNDED_SURFACE() B_SPLINE_SURFACE(2,9,(
    (#3423,#3424,#3425,#3426,#3427,#3428,#3429,#3430,#3431,#3432)
    ,(#3433,#3434,#3435,#3436,#3437,#3438,#3439,#3440,#3441,#3442)
    ,(#3443,#3444,#3445,#3446,#3447,#3448,#3449,#3450,#3451,#3452
)),.UNSPECIFIED.,.F.,.F.,.F.) B_SPLINE_SURFACE_WITH_KNOTS((3,3),(10,10),
  (0.,5.518633886307),(19.683435575928,25.202069462236),
.PIECEWISE_BEZIER_KNOTS.) GEOMETRIC_REPRESENTATION_ITEM() 
RATIONAL_B_SPLINE_SURFACE((
    (1.,1.,1.,1.,1.,1.,1.,1.,1.,1.)
    ,(0.707106781187,0.78156593879,0.816769243619,0.840716920674
      ,0.849446816312,0.849446816312,0.840716920674,0.816769243619
      ,0.78156593879,0.707106781187)
,(1.,1.,1.,1.,1.,1.,1.,1.,1.,1.))) REPRESENTATION_ITEM('') SURFACE() );
#3423 = CARTESIAN_POINT('',(-23.57946637272,-10.09248988834,63.45174));
#3424 = CARTESIAN_POINT('',(-23.57946637272,-10.60559982193,
    63.116018029483));
#3425 = CARTESIAN_POINT('',(-23.42221898506,-11.16733875866,
    62.854617252418));
#3426 = CARTESIAN_POINT('',(-23.31977467606,-11.76540191686,
    62.675589351137));
#3427 = CARTESIAN_POINT('',(-23.2361505031,-12.38593178727,
    62.584606120538));
#3428 = CARTESIAN_POINT('',(-23.2361505031,-13.01406821272,
    62.584606120538));
#3429 = CARTESIAN_POINT('',(-23.31977467606,-13.63459808314,
    62.675589351137));
#3430 = CARTESIAN_POINT('',(-23.42221898506,-14.23266124133,
    62.854617252418));
#3431 = CARTESIAN_POINT('',(-23.57946637272,-14.79440017807,
    63.116018029483));
#3432 = CARTESIAN_POINT('',(-23.57946637272,-15.30751011165,63.45174));
#3433 = CARTESIAN_POINT('',(-20.40446637272,-10.09248988834,63.45174));
#3434 = CARTESIAN_POINT('',(-21.00942575914,-10.55671625175,
    63.148001991262));
#3435 = CARTESIAN_POINT('',(-21.18751156679,-11.12844829656,
    62.866270536892));
#3436 = CARTESIAN_POINT('',(-21.2595499794,-11.72964860245,
    62.682219904855));
#3437 = CARTESIAN_POINT('',(-21.27109086613,-12.38298820986,
    62.580453532569));
#3438 = CARTESIAN_POINT('',(-21.27109086613,-13.01701179013,
    62.580453532568));
#3439 = CARTESIAN_POINT('',(-21.2595499794,-13.67035139754,
    62.682219904855));
#3440 = CARTESIAN_POINT('',(-21.18751156679,-14.27155170343,
    62.866270536891));
#3441 = CARTESIAN_POINT('',(-21.00942575914,-14.84328374824,
    63.148001991262));
#3442 = CARTESIAN_POINT('',(-20.40446637272,-15.30751011165,63.45174));
#3443 = CARTESIAN_POINT('',(-20.40446637272,-8.354149813903,60.7949));
#3444 = CARTESIAN_POINT('',(-20.40446637272,-9.575431456238,60.7949));
#3445 = CARTESIAN_POINT('',(-20.40446637272,-10.5652595456,60.7949));
#3446 = CARTESIAN_POINT('',(-20.40446637272,-11.45710637451,60.7949));
#3447 = CARTESIAN_POINT('',(-20.40446637272,-12.28928753342,60.7949));
#3448 = CARTESIAN_POINT('',(-20.40446637272,-13.11071246657,60.7949));
#3449 = CARTESIAN_POINT('',(-20.40446637272,-13.94289362548,60.7949));
#3450 = CARTESIAN_POINT('',(-20.40446637272,-14.83474045439,60.7949));
#3451 = CARTESIAN_POINT('',(-20.40446637272,-15.82456854376,60.7949));
#3452 = CARTESIAN_POINT('',(-20.40446637272,-17.04585018609,60.7949));
#3453 = ADVANCED_FACE('',(#3454),#3466,.F.);
#3454 = FACE_BOUND('',#3455,.T.);
#3455 = EDGE_LOOP('',(#3456,#3463,#3464,#3465));
#3456 = ORIENTED_EDGE('',*,*,#3457,.F.);
#3457 = EDGE_CURVE('',#1034,#3293,#3458,.T.);
#3458 = CIRCLE('',#3459,3.175);
#3459 = AXIS2_PLACEMENT_3D('',#3460,#3461,#3462);
#3460 = CARTESIAN_POINT('',(-23.57946637272,4.7625,67.437));
#3461 = DIRECTION('',(-0.,0.,1.));
#3462 = DIRECTION('',(0.,-1.,0.));
#3463 = ORIENTED_EDGE('',*,*,#1042,.T.);
#3464 = ORIENTED_EDGE('',*,*,#966,.T.);
#3465 = ORIENTED_EDGE('',*,*,#3334,.F.);
#3466 = TOROIDAL_SURFACE('',#3467,7.9375,3.175);
#3467 = AXIS2_PLACEMENT_3D('',#3468,#3469,#3470);
#3468 = CARTESIAN_POINT('',(-23.57946637272,12.7,67.437));
#3469 = DIRECTION('',(1.,0.,0.));
#3470 = DIRECTION('',(0.,-1.,0.));
#3471 = ADVANCED_FACE('',(#3472),#3484,.F.);
#3472 = FACE_BOUND('',#3473,.T.);
#3473 = EDGE_LOOP('',(#3474,#3475,#3476,#3477));
#3474 = ORIENTED_EDGE('',*,*,#1085,.F.);
#3475 = ORIENTED_EDGE('',*,*,#1025,.T.);
#3476 = ORIENTED_EDGE('',*,*,#3392,.T.);
#3477 = ORIENTED_EDGE('',*,*,#3478,.F.);
#3478 = EDGE_CURVE('',#1086,#3393,#3479,.T.);
#3479 = CIRCLE('',#3480,4.7625);
#3480 = AXIS2_PLACEMENT_3D('',#3481,#3482,#3483);
#3481 = CARTESIAN_POINT('',(-23.57946637272,-12.7,67.437));
#3482 = DIRECTION('',(-1.,-0.,0.));
#3483 = DIRECTION('',(0.,-1.,-2.98390650188E-15));
#3484 = TOROIDAL_SURFACE('',#3485,7.9375,3.175);
#3485 = AXIS2_PLACEMENT_3D('',#3486,#3487,#3488);
#3486 = CARTESIAN_POINT('',(-23.57946637272,-12.7,67.437));
#3487 = DIRECTION('',(1.,0.,0.));
#3488 = DIRECTION('',(0.,-1.,-2.98390650188E-15));
#3489 = ADVANCED_FACE('',(#3490),#3496,.F.);
#3490 = FACE_BOUND('',#3491,.T.);
#3491 = EDGE_LOOP('',(#3492,#3493,#3494,#3495));
#3492 = ORIENTED_EDGE('',*,*,#3351,.F.);
#3493 = ORIENTED_EDGE('',*,*,#1033,.T.);
#3494 = ORIENTED_EDGE('',*,*,#3457,.T.);
#3495 = ORIENTED_EDGE('',*,*,#3310,.F.);
#3496 = TOROIDAL_SURFACE('',#3497,7.9375,3.175);
#3497 = AXIS2_PLACEMENT_3D('',#3498,#3499,#3500);
#3498 = CARTESIAN_POINT('',(-23.57946637272,12.7,67.437));
#3499 = DIRECTION('',(1.,0.,0.));
#3500 = DIRECTION('',(0.,-1.,0.));
#3501 = ADVANCED_FACE('',(#3502),#3522,.F.);
#3502 = FACE_BOUND('',#3503,.T.);
#3503 = EDGE_LOOP('',(#3504,#3513,#3514,#3515));
#3504 = ORIENTED_EDGE('',*,*,#3505,.F.);
#3505 = EDGE_CURVE('',#1161,#3506,#3508,.T.);
#3506 = VERTEX_POINT('',#3507);
#3507 = CARTESIAN_POINT('',(-23.57946637272,-17.4625,67.437));
#3508 = CIRCLE('',#3509,3.175);
#3509 = AXIS2_PLACEMENT_3D('',#3510,#3511,#3512);
#3510 = CARTESIAN_POINT('',(-23.57946637272,-20.6375,67.437));
#3511 = DIRECTION('',(0.,-2.98390650188E-15,1.));
#3512 = DIRECTION('',(0.,-1.,-2.98390650188E-15));
#3513 = ORIENTED_EDGE('',*,*,#1169,.T.);
#3514 = ORIENTED_EDGE('',*,*,#1075,.T.);
#3515 = ORIENTED_EDGE('',*,*,#3516,.F.);
#3516 = EDGE_CURVE('',#3506,#1076,#3517,.T.);
#3517 = CIRCLE('',#3518,4.7625);
#3518 = AXIS2_PLACEMENT_3D('',#3519,#3520,#3521);
#3519 = CARTESIAN_POINT('',(-23.57946637272,-12.7,67.437));
#3520 = DIRECTION('',(-1.,-0.,0.));
#3521 = DIRECTION('',(0.,-1.,-2.98390650188E-15));
#3522 = TOROIDAL_SURFACE('',#3523,7.9375,3.175);
#3523 = AXIS2_PLACEMENT_3D('',#3524,#3525,#3526);
#3524 = CARTESIAN_POINT('',(-23.57946637272,-12.7,67.437));
#3525 = DIRECTION('',(1.,0.,0.));
#3526 = DIRECTION('',(0.,-1.,-2.98390650188E-15));
#3527 = ADVANCED_FACE('',(#3528),#3557,.T.);
#3528 = FACE_BOUND('',#3529,.F.);
#3529 = EDGE_LOOP('',(#3530,#3538,#3545,#3546,#3553,#3554,#3555,#3556));
#3530 = ORIENTED_EDGE('',*,*,#3531,.T.);
#3531 = EDGE_CURVE('',#3506,#3532,#3534,.T.);
#3532 = VERTEX_POINT('',#3533);
#3533 = CARTESIAN_POINT('',(-23.90458637272,-17.4625,67.437));
#3534 = LINE('',#3535,#3536);
#3535 = CARTESIAN_POINT('',(-20.40446637272,-17.4625,67.437));
#3536 = VECTOR('',#3537,1.);
#3537 = DIRECTION('',(-1.,1.110223024625E-16,-1.110223024625E-16));
#3538 = ORIENTED_EDGE('',*,*,#3539,.T.);
#3539 = EDGE_CURVE('',#3532,#3532,#3540,.T.);
#3540 = CIRCLE('',#3541,4.7625);
#3541 = AXIS2_PLACEMENT_3D('',#3542,#3543,#3544);
#3542 = CARTESIAN_POINT('',(-23.90458637272,-12.7,67.437));
#3543 = DIRECTION('',(-1.,4.440892098501E-16,-2.22044604925E-16));
#3544 = DIRECTION('',(-4.440892098501E-16,-1.,-2.22044604925E-16));
#3545 = ORIENTED_EDGE('',*,*,#3531,.F.);
#3546 = ORIENTED_EDGE('',*,*,#3547,.F.);
#3547 = EDGE_CURVE('',#3403,#3506,#3548,.T.);
#3548 = CIRCLE('',#3549,4.7625);
#3549 = AXIS2_PLACEMENT_3D('',#3550,#3551,#3552);
#3550 = CARTESIAN_POINT('',(-23.57946637272,-12.7,67.437));
#3551 = DIRECTION('',(-1.,-0.,0.));
#3552 = DIRECTION('',(0.,-1.,-2.98390650188E-15));
#3553 = ORIENTED_EDGE('',*,*,#3410,.F.);
#3554 = ORIENTED_EDGE('',*,*,#3478,.F.);
#3555 = ORIENTED_EDGE('',*,*,#1093,.F.);
#3556 = ORIENTED_EDGE('',*,*,#3516,.F.);
#3557 = CYLINDRICAL_SURFACE('',#3558,4.7625);
#3558 = AXIS2_PLACEMENT_3D('',#3559,#3560,#3561);
#3559 = CARTESIAN_POINT('',(-20.40446637272,-12.7,67.437));
#3560 = DIRECTION('',(1.,-4.440892098501E-16,2.22044604925E-16));
#3561 = DIRECTION('',(-4.440892098501E-16,-1.,-2.22044604925E-16));
#3562 = ADVANCED_FACE('',(#3563),#3569,.F.);
#3563 = FACE_BOUND('',#3564,.T.);
#3564 = EDGE_LOOP('',(#3565,#3566,#3567,#3568));
#3565 = ORIENTED_EDGE('',*,*,#3402,.F.);
#3566 = ORIENTED_EDGE('',*,*,#1160,.T.);
#3567 = ORIENTED_EDGE('',*,*,#3505,.T.);
#3568 = ORIENTED_EDGE('',*,*,#3547,.F.);
#3569 = TOROIDAL_SURFACE('',#3570,7.9375,3.175);
#3570 = AXIS2_PLACEMENT_3D('',#3571,#3572,#3573);
#3571 = CARTESIAN_POINT('',(-23.57946637272,-12.7,67.437));
#3572 = DIRECTION('',(1.,0.,0.));
#3573 = DIRECTION('',(0.,-1.,-2.98390650188E-15));
#3574 = ADVANCED_FACE('',(#3575),#3586,.T.);
#3575 = FACE_BOUND('',#3576,.F.);
#3576 = EDGE_LOOP('',(#3577,#3578,#3579,#3580,#3581,#3582,#3583,#3584,
    #3585));
#3577 = ORIENTED_EDGE('',*,*,#1192,.F.);
#3578 = ORIENTED_EDGE('',*,*,#1388,.F.);
#3579 = ORIENTED_EDGE('',*,*,#1364,.F.);
#3580 = ORIENTED_EDGE('',*,*,#1340,.F.);
#3581 = ORIENTED_EDGE('',*,*,#1316,.F.);
#3582 = ORIENTED_EDGE('',*,*,#1292,.F.);
#3583 = ORIENTED_EDGE('',*,*,#1264,.F.);
#3584 = ORIENTED_EDGE('',*,*,#1240,.F.);
#3585 = ORIENTED_EDGE('',*,*,#1216,.F.);
#3586 = PLANE('',#3587);
#3587 = AXIS2_PLACEMENT_3D('',#3588,#3589,#3590);
#3588 = CARTESIAN_POINT('',(-17.39071254165,14.516770052925,73.0791));
#3589 = DIRECTION('',(0.,0.,1.));
#3590 = DIRECTION('',(-2.22044604925E-16,-1.,0.));
#3591 = ADVANCED_FACE('',(#3592),#3615,.T.);
#3592 = FACE_BOUND('',#3593,.F.);
#3593 = EDGE_LOOP('',(#3594,#3595,#3596,#3597,#3598,#3599,#3600,#3601,
    #3602,#3603,#3604,#3605,#3606,#3607,#3608,#3609,#3610,#3611,#3612,
    #3613,#3614));
#3594 = ORIENTED_EDGE('',*,*,#1412,.F.);
#3595 = ORIENTED_EDGE('',*,*,#1952,.F.);
#3596 = ORIENTED_EDGE('',*,*,#1924,.F.);
#3597 = ORIENTED_EDGE('',*,*,#1896,.F.);
#3598 = ORIENTED_EDGE('',*,*,#1868,.F.);
#3599 = ORIENTED_EDGE('',*,*,#1840,.F.);
#3600 = ORIENTED_EDGE('',*,*,#1812,.F.);
#3601 = ORIENTED_EDGE('',*,*,#1784,.F.);
#3602 = ORIENTED_EDGE('',*,*,#1756,.F.);
#3603 = ORIENTED_EDGE('',*,*,#1728,.F.);
#3604 = ORIENTED_EDGE('',*,*,#1700,.F.);
#3605 = ORIENTED_EDGE('',*,*,#1672,.F.);
#3606 = ORIENTED_EDGE('',*,*,#1644,.F.);
#3607 = ORIENTED_EDGE('',*,*,#1616,.F.);
#3608 = ORIENTED_EDGE('',*,*,#1588,.F.);
#3609 = ORIENTED_EDGE('',*,*,#1564,.F.);
#3610 = ORIENTED_EDGE('',*,*,#1540,.F.);
#3611 = ORIENTED_EDGE('',*,*,#1512,.F.);
#3612 = ORIENTED_EDGE('',*,*,#1488,.F.);
#3613 = ORIENTED_EDGE('',*,*,#1464,.F.);
#3614 = ORIENTED_EDGE('',*,*,#1436,.F.);
#3615 = PLANE('',#3616);
#3616 = AXIS2_PLACEMENT_3D('',#3617,#3618,#3619);
#3617 = CARTESIAN_POINT('',(-17.79281129619,12.143893692789,73.0791));
#3618 = DIRECTION('',(0.,0.,1.));
#3619 = DIRECTION('',(-2.22044604925E-16,-1.,0.));
#3620 = ADVANCED_FACE('',(#3621),#3629,.T.);
#3621 = FACE_BOUND('',#3622,.F.);
#3622 = EDGE_LOOP('',(#3623,#3624,#3625,#3626,#3627,#3628));
#3623 = ORIENTED_EDGE('',*,*,#1976,.F.);
#3624 = ORIENTED_EDGE('',*,*,#2116,.F.);
#3625 = ORIENTED_EDGE('',*,*,#2088,.F.);
#3626 = ORIENTED_EDGE('',*,*,#2060,.F.);
#3627 = ORIENTED_EDGE('',*,*,#2032,.F.);
#3628 = ORIENTED_EDGE('',*,*,#2004,.F.);
#3629 = PLANE('',#3630);
#3630 = AXIS2_PLACEMENT_3D('',#3631,#3632,#3633);
#3631 = CARTESIAN_POINT('',(-16.73287011597,9.994928088069,73.0791));
#3632 = DIRECTION('',(0.,0.,1.));
#3633 = DIRECTION('',(-2.22044604925E-16,-1.,0.));
#3634 = ADVANCED_FACE('',(#3635),#3643,.T.);
#3635 = FACE_BOUND('',#3636,.F.);
#3636 = EDGE_LOOP('',(#3637,#3638,#3639,#3640,#3641,#3642));
#3637 = ORIENTED_EDGE('',*,*,#2140,.F.);
#3638 = ORIENTED_EDGE('',*,*,#2280,.F.);
#3639 = ORIENTED_EDGE('',*,*,#2252,.F.);
#3640 = ORIENTED_EDGE('',*,*,#2224,.F.);
#3641 = ORIENTED_EDGE('',*,*,#2196,.F.);
#3642 = ORIENTED_EDGE('',*,*,#2168,.F.);
#3643 = PLANE('',#3644);
#3644 = AXIS2_PLACEMENT_3D('',#3645,#3646,#3647);
#3645 = CARTESIAN_POINT('',(-16.73287011597,9.994928088069,73.0791));
#3646 = DIRECTION('',(0.,0.,1.));
#3647 = DIRECTION('',(-2.22044604925E-16,-1.,0.));
#3648 = ADVANCED_FACE('',(#3649),#3672,.T.);
#3649 = FACE_BOUND('',#3650,.F.);
#3650 = EDGE_LOOP('',(#3651,#3652,#3653,#3654,#3655,#3656,#3657,#3658,
    #3659,#3660,#3661,#3662,#3663,#3664,#3665,#3666,#3667,#3668,#3669,
    #3670,#3671));
#3651 = ORIENTED_EDGE('',*,*,#2304,.F.);
#3652 = ORIENTED_EDGE('',*,*,#2860,.F.);
#3653 = ORIENTED_EDGE('',*,*,#2832,.F.);
#3654 = ORIENTED_EDGE('',*,*,#2804,.F.);
#3655 = ORIENTED_EDGE('',*,*,#2776,.F.);
#3656 = ORIENTED_EDGE('',*,*,#2748,.F.);
#3657 = ORIENTED_EDGE('',*,*,#2724,.F.);
#3658 = ORIENTED_EDGE('',*,*,#2696,.F.);
#3659 = ORIENTED_EDGE('',*,*,#2668,.F.);
#3660 = ORIENTED_EDGE('',*,*,#2640,.F.);
#3661 = ORIENTED_EDGE('',*,*,#2612,.F.);
#3662 = ORIENTED_EDGE('',*,*,#2584,.F.);
#3663 = ORIENTED_EDGE('',*,*,#2556,.F.);
#3664 = ORIENTED_EDGE('',*,*,#2528,.F.);
#3665 = ORIENTED_EDGE('',*,*,#2500,.F.);
#3666 = ORIENTED_EDGE('',*,*,#2472,.F.);
#3667 = ORIENTED_EDGE('',*,*,#2444,.F.);
#3668 = ORIENTED_EDGE('',*,*,#2416,.F.);
#3669 = ORIENTED_EDGE('',*,*,#2388,.F.);
#3670 = ORIENTED_EDGE('',*,*,#2360,.F.);
#3671 = ORIENTED_EDGE('',*,*,#2332,.F.);
#3672 = PLANE('',#3673);
#3673 = AXIS2_PLACEMENT_3D('',#3674,#3675,#3676);
#3674 = CARTESIAN_POINT('',(-17.82682797459,16.928530114615,73.0791));
#3675 = DIRECTION('',(0.,0.,1.));
#3676 = DIRECTION('',(-2.22044604925E-16,-1.,0.));
#3677 = ADVANCED_FACE('',(#3678),#3684,.T.);
#3678 = FACE_BOUND('',#3679,.F.);
#3679 = EDGE_LOOP('',(#3680,#3681,#3682,#3683));
#3680 = ORIENTED_EDGE('',*,*,#2884,.F.);
#3681 = ORIENTED_EDGE('',*,*,#2968,.F.);
#3682 = ORIENTED_EDGE('',*,*,#2940,.F.);
#3683 = ORIENTED_EDGE('',*,*,#2912,.F.);
#3684 = PLANE('',#3685);
#3685 = AXIS2_PLACEMENT_3D('',#3686,#3687,#3688);
#3686 = CARTESIAN_POINT('',(-19.18954071664,18.760032315429,73.0791));
#3687 = DIRECTION('',(0.,0.,1.));
#3688 = DIRECTION('',(-2.22044604925E-16,-1.,0.));
#3689 = ADVANCED_FACE('',(#3690),#3704,.T.);
#3690 = FACE_BOUND('',#3691,.F.);
#3691 = EDGE_LOOP('',(#3692,#3693,#3694,#3695,#3696,#3697,#3698,#3699,
    #3700,#3701,#3702,#3703));
#3692 = ORIENTED_EDGE('',*,*,#2996,.F.);
#3693 = ORIENTED_EDGE('',*,*,#3276,.F.);
#3694 = ORIENTED_EDGE('',*,*,#3248,.F.);
#3695 = ORIENTED_EDGE('',*,*,#3224,.F.);
#3696 = ORIENTED_EDGE('',*,*,#3196,.F.);
#3697 = ORIENTED_EDGE('',*,*,#3168,.F.);
#3698 = ORIENTED_EDGE('',*,*,#3144,.F.);
#3699 = ORIENTED_EDGE('',*,*,#3120,.F.);
#3700 = ORIENTED_EDGE('',*,*,#3096,.F.);
#3701 = ORIENTED_EDGE('',*,*,#3072,.F.);
#3702 = ORIENTED_EDGE('',*,*,#3044,.F.);
#3703 = ORIENTED_EDGE('',*,*,#3020,.F.);
#3704 = PLANE('',#3705);
#3705 = AXIS2_PLACEMENT_3D('',#3706,#3707,#3708);
#3706 = CARTESIAN_POINT('',(-17.96541402839,20.575132259535,73.0791));
#3707 = DIRECTION('',(0.,0.,1.));
#3708 = DIRECTION('',(-2.22044604925E-16,-1.,0.));
#3709 = ADVANCED_FACE('',(#3710,#3713),#3724,.F.);
#3710 = FACE_BOUND('',#3711,.T.);
#3711 = EDGE_LOOP('',(#3712));
#3712 = ORIENTED_EDGE('',*,*,#3302,.T.);
#3713 = FACE_BOUND('',#3714,.F.);
#3714 = EDGE_LOOP('',(#3715));
#3715 = ORIENTED_EDGE('',*,*,#3716,.T.);
#3716 = EDGE_CURVE('',#3717,#3717,#3719,.T.);
#3717 = VERTEX_POINT('',#3718);
#3718 = CARTESIAN_POINT('',(-23.90458637272,9.70026,67.437));
#3719 = CIRCLE('',#3720,2.99974);
#3720 = AXIS2_PLACEMENT_3D('',#3721,#3722,#3723);
#3721 = CARTESIAN_POINT('',(-23.90458637272,12.7,67.437));
#3722 = DIRECTION('',(-1.,4.440892098501E-16,-2.22044604925E-16));
#3723 = DIRECTION('',(-4.440892098501E-16,-1.,-2.22044604925E-16));
#3724 = PLANE('',#3725);
#3725 = AXIS2_PLACEMENT_3D('',#3726,#3727,#3728);
#3726 = CARTESIAN_POINT('',(-23.90458637272,-8.772022937774E-15,67.437)
  );
#3727 = DIRECTION('',(1.,-4.123602526727E-16,4.812896110903E-16));
#3728 = DIRECTION('',(-4.812896110903E-16,0.,1.));
#3729 = ADVANCED_FACE('',(#3730,#3733),#3744,.F.);
#3730 = FACE_BOUND('',#3731,.T.);
#3731 = EDGE_LOOP('',(#3732));
#3732 = ORIENTED_EDGE('',*,*,#3539,.T.);
#3733 = FACE_BOUND('',#3734,.F.);
#3734 = EDGE_LOOP('',(#3735));
#3735 = ORIENTED_EDGE('',*,*,#3736,.T.);
#3736 = EDGE_CURVE('',#3737,#3737,#3739,.T.);
#3737 = VERTEX_POINT('',#3738);
#3738 = CARTESIAN_POINT('',(-23.90458637272,-15.69974,67.437));
#3739 = CIRCLE('',#3740,2.99974);
#3740 = AXIS2_PLACEMENT_3D('',#3741,#3742,#3743);
#3741 = CARTESIAN_POINT('',(-23.90458637272,-12.7,67.437));
#3742 = DIRECTION('',(-1.,4.440892098501E-16,-2.22044604925E-16));
#3743 = DIRECTION('',(-4.440892098501E-16,-1.,-2.22044604925E-16));
#3744 = PLANE('',#3745);
#3745 = AXIS2_PLACEMENT_3D('',#3746,#3747,#3748);
#3746 = CARTESIAN_POINT('',(-23.90458637272,-8.772022937774E-15,67.437)
  );
#3747 = DIRECTION('',(1.,-4.123602526727E-16,4.812896110903E-16));
#3748 = DIRECTION('',(-4.812896110903E-16,0.,1.));
#3749 = ADVANCED_FACE('',(#3750),#3769,.F.);
#3750 = FACE_BOUND('',#3751,.T.);
#3751 = EDGE_LOOP('',(#3752,#3760,#3761,#3762));
#3752 = ORIENTED_EDGE('',*,*,#3753,.T.);
#3753 = EDGE_CURVE('',#3754,#3717,#3756,.T.);
#3754 = VERTEX_POINT('',#3755);
#3755 = CARTESIAN_POINT('',(-20.40446637272,9.70026,67.437));
#3756 = LINE('',#3757,#3758);
#3757 = CARTESIAN_POINT('',(-20.40446637272,9.70026,67.437));
#3758 = VECTOR('',#3759,1.);
#3759 = DIRECTION('',(-1.,1.110223024625E-16,-1.110223024625E-16));
#3760 = ORIENTED_EDGE('',*,*,#3716,.T.);
#3761 = ORIENTED_EDGE('',*,*,#3753,.F.);
#3762 = ORIENTED_EDGE('',*,*,#3763,.F.);
#3763 = EDGE_CURVE('',#3754,#3754,#3764,.T.);
#3764 = CIRCLE('',#3765,2.99974);
#3765 = AXIS2_PLACEMENT_3D('',#3766,#3767,#3768);
#3766 = CARTESIAN_POINT('',(-20.40446637272,12.7,67.437));
#3767 = DIRECTION('',(-1.,4.440892098501E-16,-2.22044604925E-16));
#3768 = DIRECTION('',(-4.440892098501E-16,-1.,-2.22044604925E-16));
#3769 = CYLINDRICAL_SURFACE('',#3770,2.99974);
#3770 = AXIS2_PLACEMENT_3D('',#3771,#3772,#3773);
#3771 = CARTESIAN_POINT('',(-20.40446637272,12.7,67.437));
#3772 = DIRECTION('',(1.,-4.440892098501E-16,2.22044604925E-16));
#3773 = DIRECTION('',(-4.440892098501E-16,-1.,-2.22044604925E-16));
#3774 = ADVANCED_FACE('',(#3775),#3794,.F.);
#3775 = FACE_BOUND('',#3776,.T.);
#3776 = EDGE_LOOP('',(#3777,#3785,#3786,#3787));
#3777 = ORIENTED_EDGE('',*,*,#3778,.T.);
#3778 = EDGE_CURVE('',#3779,#3737,#3781,.T.);
#3779 = VERTEX_POINT('',#3780);
#3780 = CARTESIAN_POINT('',(-20.40446637272,-15.69974,67.437));
#3781 = LINE('',#3782,#3783);
#3782 = CARTESIAN_POINT('',(-20.40446637272,-15.69974,67.437));
#3783 = VECTOR('',#3784,1.);
#3784 = DIRECTION('',(-1.,1.110223024625E-16,-1.110223024625E-16));
#3785 = ORIENTED_EDGE('',*,*,#3736,.T.);
#3786 = ORIENTED_EDGE('',*,*,#3778,.F.);
#3787 = ORIENTED_EDGE('',*,*,#3788,.F.);
#3788 = EDGE_CURVE('',#3779,#3779,#3789,.T.);
#3789 = CIRCLE('',#3790,2.99974);
#3790 = AXIS2_PLACEMENT_3D('',#3791,#3792,#3793);
#3791 = CARTESIAN_POINT('',(-20.40446637272,-12.7,67.437));
#3792 = DIRECTION('',(-1.,4.440892098501E-16,-2.22044604925E-16));
#3793 = DIRECTION('',(-4.440892098501E-16,-1.,-2.22044604925E-16));
#3794 = CYLINDRICAL_SURFACE('',#3795,2.99974);
#3795 = AXIS2_PLACEMENT_3D('',#3796,#3797,#3798);
#3796 = CARTESIAN_POINT('',(-20.40446637272,-12.7,67.437));
#3797 = DIRECTION('',(1.,-4.440892098501E-16,2.22044604925E-16));
#3798 = DIRECTION('',(-4.440892098501E-16,-1.,-2.22044604925E-16));
#3799 = ADVANCED_FACE('',(#3800),#3803,.F.);
#3800 = FACE_BOUND('',#3801,.F.);
#3801 = EDGE_LOOP('',(#3802));
#3802 = ORIENTED_EDGE('',*,*,#3763,.F.);
#3803 = PLANE('',#3804);
#3804 = AXIS2_PLACEMENT_3D('',#3805,#3806,#3807);
#3805 = CARTESIAN_POINT('',(-20.40446637272,22.225,74.0791));
#3806 = DIRECTION('',(1.,0.,0.));
#3807 = DIRECTION('',(0.,-2.22044604925E-16,-1.));
#3808 = ADVANCED_FACE('',(#3809),#3812,.F.);
#3809 = FACE_BOUND('',#3810,.F.);
#3810 = EDGE_LOOP('',(#3811));
#3811 = ORIENTED_EDGE('',*,*,#3788,.F.);
#3812 = PLANE('',#3813);
#3813 = AXIS2_PLACEMENT_3D('',#3814,#3815,#3816);
#3814 = CARTESIAN_POINT('',(-20.40446637272,22.225,74.0791));
#3815 = DIRECTION('',(1.,0.,0.));
#3816 = DIRECTION('',(0.,-2.22044604925E-16,-1.));
#3817 = ( GEOMETRIC_REPRESENTATION_CONTEXT(3) 
GLOBAL_UNCERTAINTY_ASSIGNED_CONTEXT((#3821)) 
GLOBAL_UNIT_ASSIGNED_CONTEXT((#3818,#3819,#3820)) REPRESENTATION_CONTEXT
('Context #1','3D Context with UNIT and UNCERTAINTY') );
#3818 = ( LENGTH_UNIT() NAMED_UNIT(*) SI_UNIT(.MILLI.,.METRE.) );
#3819 = ( NAMED_UNIT(*) PLANE_ANGLE_UNIT() SI_UNIT($,.RADIAN.) );
#3820 = ( NAMED_UNIT(*) SI_UNIT($,.STERADIAN.) SOLID_ANGLE_UNIT() );
#3821 = UNCERTAINTY_MEASURE_WITH_UNIT(LENGTH_MEASURE(1.E-05),#3818,
  'distance_accuracy_value','confusion accuracy');
#3822 = PRODUCT_RELATED_PRODUCT_CATEGORY('part',$,(#7));
#3823 = MECHANICAL_DESIGN_GEOMETRIC_PRESENTATION_REPRESENTATION('',(
    #3824),#3817);
#3824 = STYLED_ITEM('color',(#3825),#15);
#3825 = PRESENTATION_STYLE_ASSIGNMENT((#3826,#3832));
#3826 = SURFACE_STYLE_USAGE(.BOTH.,#3827);
#3827 = SURFACE_SIDE_STYLE('',(#3828));
#3828 = SURFACE_STYLE_FILL_AREA(#3829);
#3829 = FILL_AREA_STYLE('',(#3830));
#3830 = FILL_AREA_STYLE_COLOUR('',#3831);
#3831 = COLOUR_RGB('',0.678431390124,0.709803936702,0.741176476869);
#3832 = CURVE_STYLE('',#3833,POSITIVE_LENGTH_MEASURE(0.1),#3834);
#3833 = DRAUGHTING_PRE_DEFINED_CURVE_FONT('continuous');
#3834 = COLOUR_RGB('',9.803921802644E-02,9.803921802644E-02,
  9.803921802644E-02);
ENDSEC;
END-ISO-10303-21;
