ISO-10303-21;
HEADER;
FILE_DESCRIPTION(('FreeCAD Model'),'2;1');
FILE_NAME('Open CASCADE Shape Model','2026-06-11T06:27:57',(''),(''),
  'Open CASCADE STEP processor 7.8','FreeCAD','Unknown');
FILE_SCHEMA(('AUTOMOTIVE_DESIGN { 1 0 10303 214 1 1 1 1 }'));
ENDSEC;
DATA;
#1 = APPLICATION_PROTOCOL_DEFINITION('international standard',
  'automotive_design',2000,#2);
#2 = APPLICATION_CONTEXT(
  'core data for automotive mechanical design processes');
#3 = SHAPE_DEFINITION_REPRESENTATION(#4,#10);
#4 = PRODUCT_DEFINITION_SHAPE('','',#5);
#5 = PRODUCT_DEFINITION('design','',#6,#9);
#6 = PRODUCT_DEFINITION_FORMATION('','',#7);
#7 = PRODUCT('Pocket002','Pocket002','',(#8));
#8 = PRODUCT_CONTEXT('',#2,'mechanical');
#9 = PRODUCT_DEFINITION_CONTEXT('part definition',#2,'design');
#10 = ADVANCED_BREP_SHAPE_REPRESENTATION('',(#11,#15),#3285);
#11 = AXIS2_PLACEMENT_3D('',#12,#13,#14);
#12 = CARTESIAN_POINT('',(0.,0.,0.));
#13 = DIRECTION('',(0.,0.,1.));
#14 = DIRECTION('',(1.,0.,-0.));
#15 = MANIFOLD_SOLID_BREP('',#16);
#16 = CLOSED_SHELL('',(#17,#58,#708,#741,#766,#836,#894,#927,#945,#1010,
    #1027,#1054,#1089,#1117,#1145,#1173,#1201,#1218,#1253,#1281,#1309,
    #1337,#1365,#1382,#1413,#1441,#1465,#1489,#1517,#1541,#1565,#1593,
    #1621,#1649,#1677,#1705,#1733,#1761,#1789,#1817,#1845,#1873,#1901,
    #1929,#1946,#1981,#2009,#2037,#2058,#2089,#2117,#2141,#2165,#2193,
    #2221,#2249,#2277,#2301,#2329,#2357,#2385,#2409,#2433,#2457,#2474,
    #2505,#2529,#2557,#2581,#2605,#2629,#2653,#2681,#2709,#2733,#2761,
    #2778,#2835,#2878,#2943,#2961,#2979,#2991,#3017,#3052,#3064,#3078,
    #3092,#3121,#3133,#3157,#3177,#3197,#3217,#3242,#3267,#3276));
#17 = ADVANCED_FACE('',(#18),#53,.F.);
#18 = FACE_BOUND('',#19,.F.);
#19 = EDGE_LOOP('',(#20,#30,#39,#47));
#20 = ORIENTED_EDGE('',*,*,#21,.T.);
#21 = EDGE_CURVE('',#22,#24,#26,.T.);
#22 = VERTEX_POINT('',#23);
#23 = CARTESIAN_POINT('',(-17.08567305233,22.225,74.0791));
#24 = VERTEX_POINT('',#25);
#25 = CARTESIAN_POINT('',(-17.08567305233,17.045850186097,74.0791));
#26 = LINE('',#27,#28);
#27 = CARTESIAN_POINT('',(-17.08567305233,22.225,74.0791));
#28 = VECTOR('',#29,1.);
#29 = DIRECTION('',(0.,-1.,2.22044604925E-16));
#30 = ORIENTED_EDGE('',*,*,#31,.T.);
#31 = EDGE_CURVE('',#24,#32,#34,.T.);
#32 = VERTEX_POINT('',#33);
#33 = CARTESIAN_POINT('',(-17.08567305233,17.045850186097,60.7949));
#34 = CIRCLE('',#35,7.9375);
#35 = AXIS2_PLACEMENT_3D('',#36,#37,#38);
#36 = CARTESIAN_POINT('',(-17.08567305233,12.7,67.437));
#37 = DIRECTION('',(-1.,0.,0.));
#38 = DIRECTION('',(0.,-1.,0.));
#39 = ORIENTED_EDGE('',*,*,#40,.F.);
#40 = EDGE_CURVE('',#41,#32,#43,.T.);
#41 = VERTEX_POINT('',#42);
#42 = CARTESIAN_POINT('',(-17.08567305233,22.225,60.7949));
#43 = LINE('',#44,#45);
#44 = CARTESIAN_POINT('',(-17.08567305233,22.225,60.7949));
#45 = VECTOR('',#46,1.);
#46 = DIRECTION('',(0.,-1.,2.22044604925E-16));
#47 = ORIENTED_EDGE('',*,*,#48,.F.);
#48 = EDGE_CURVE('',#22,#41,#49,.T.);
#49 = LINE('',#50,#51);
#50 = CARTESIAN_POINT('',(-17.08567305233,22.225,74.0791));
#51 = VECTOR('',#52,1.);
#52 = DIRECTION('',(0.,-2.22044604925E-16,-1.));
#53 = PLANE('',#54);
#54 = AXIS2_PLACEMENT_3D('',#55,#56,#57);
#55 = CARTESIAN_POINT('',(-17.08567305233,22.225,74.0791));
#56 = DIRECTION('',(1.,0.,0.));
#57 = DIRECTION('',(0.,-2.22044604925E-16,-1.));
#58 = ADVANCED_FACE('',(#59,#130,#185,#240,#425,#463,#601),#703,.T.);
#59 = FACE_BOUND('',#60,.T.);
#60 = EDGE_LOOP('',(#61,#62,#77,#85,#100,#108,#116,#124));
#61 = ORIENTED_EDGE('',*,*,#21,.T.);
#62 = ORIENTED_EDGE('',*,*,#63,.F.);
#63 = EDGE_CURVE('',#64,#24,#66,.T.);
#64 = VERTEX_POINT('',#65);
#65 = CARTESIAN_POINT('',(-17.08567305233,8.354149813903,74.0791));
#66 = ( BOUNDED_CURVE() B_SPLINE_CURVE(9,(#67,#68,#69,#70,#71,#72,#73,
#74,#75,#76),.UNSPECIFIED.,.F.,.F.) B_SPLINE_CURVE_WITH_KNOTS((10,10),(
4.721600563207,10.240234449514),.PIECEWISE_BEZIER_KNOTS.) CURVE() 
GEOMETRIC_REPRESENTATION_ITEM() RATIONAL_B_SPLINE_CURVE((1.,1.,1.,1.,1.,
1.,1.,1.,1.,1.)) REPRESENTATION_ITEM('') );
#67 = CARTESIAN_POINT('',(-17.08567305233,8.354149813903,74.0791));
#68 = CARTESIAN_POINT('',(-17.08567305233,9.575431456238,74.0791));
#69 = CARTESIAN_POINT('',(-17.08567305233,10.565259545603,74.0791));
#70 = CARTESIAN_POINT('',(-17.08567305233,11.457106374514,74.0791));
#71 = CARTESIAN_POINT('',(-17.08567305233,12.289287533421,74.0791));
#72 = CARTESIAN_POINT('',(-17.08567305233,13.110712466579,74.0791));
#73 = CARTESIAN_POINT('',(-17.08567305233,13.942893625486,74.0791));
#74 = CARTESIAN_POINT('',(-17.08567305233,14.834740454397,74.0791));
#75 = CARTESIAN_POINT('',(-17.08567305233,15.824568543762,74.0791));
#76 = CARTESIAN_POINT('',(-17.08567305233,17.045850186097,74.0791));
#77 = ORIENTED_EDGE('',*,*,#78,.T.);
#78 = EDGE_CURVE('',#64,#79,#81,.T.);
#79 = VERTEX_POINT('',#80);
#80 = CARTESIAN_POINT('',(-17.08567305233,-8.354149813903,74.0791));
#81 = LINE('',#82,#83);
#82 = CARTESIAN_POINT('',(-17.08567305233,22.225,74.0791));
#83 = VECTOR('',#84,1.);
#84 = DIRECTION('',(0.,-1.,2.22044604925E-16));
#85 = ORIENTED_EDGE('',*,*,#86,.F.);
#86 = EDGE_CURVE('',#87,#79,#89,.T.);
#87 = VERTEX_POINT('',#88);
#88 = CARTESIAN_POINT('',(-17.08567305233,-17.04585018609,74.0791));
#89 = ( BOUNDED_CURVE() B_SPLINE_CURVE(9,(#90,#91,#92,#93,#94,#95,#96,
#97,#98,#99),.UNSPECIFIED.,.F.,.F.) B_SPLINE_CURVE_WITH_KNOTS((10,10),(
4.721600563207,10.240234449514),.PIECEWISE_BEZIER_KNOTS.) CURVE() 
GEOMETRIC_REPRESENTATION_ITEM() RATIONAL_B_SPLINE_CURVE((1.,1.,1.,1.,1.,
1.,1.,1.,1.,1.)) REPRESENTATION_ITEM('') );
#90 = CARTESIAN_POINT('',(-17.08567305233,-17.04585018609,74.0791));
#91 = CARTESIAN_POINT('',(-17.08567305233,-15.82456854376,74.0791));
#92 = CARTESIAN_POINT('',(-17.08567305233,-14.83474045439,74.0791));
#93 = CARTESIAN_POINT('',(-17.08567305233,-13.94289362548,74.0791));
#94 = CARTESIAN_POINT('',(-17.08567305233,-13.11071246657,74.0791));
#95 = CARTESIAN_POINT('',(-17.08567305233,-12.28928753342,74.0791));
#96 = CARTESIAN_POINT('',(-17.08567305233,-11.45710637451,74.0791));
#97 = CARTESIAN_POINT('',(-17.08567305233,-10.5652595456,74.0791));
#98 = CARTESIAN_POINT('',(-17.08567305233,-9.575431456238,74.0791));
#99 = CARTESIAN_POINT('',(-17.08567305233,-8.354149813903,74.0791));
#100 = ORIENTED_EDGE('',*,*,#101,.T.);
#101 = EDGE_CURVE('',#87,#102,#104,.T.);
#102 = VERTEX_POINT('',#103);
#103 = CARTESIAN_POINT('',(-17.08567305233,-22.225,74.0791));
#104 = LINE('',#105,#106);
#105 = CARTESIAN_POINT('',(-17.08567305233,22.225,74.0791));
#106 = VECTOR('',#107,1.);
#107 = DIRECTION('',(0.,-1.,2.22044604925E-16));
#108 = ORIENTED_EDGE('',*,*,#109,.T.);
#109 = EDGE_CURVE('',#102,#110,#112,.T.);
#110 = VERTEX_POINT('',#111);
#111 = CARTESIAN_POINT('',(-12.00567305233,-22.225,74.0791));
#112 = LINE('',#113,#114);
#113 = CARTESIAN_POINT('',(-17.08567305233,-22.225,74.0791));
#114 = VECTOR('',#115,1.);
#115 = DIRECTION('',(1.,0.,0.));
#116 = ORIENTED_EDGE('',*,*,#117,.F.);
#117 = EDGE_CURVE('',#118,#110,#120,.T.);
#118 = VERTEX_POINT('',#119);
#119 = CARTESIAN_POINT('',(-12.00567305233,22.225,74.0791));
#120 = LINE('',#121,#122);
#121 = CARTESIAN_POINT('',(-12.00567305233,22.225,74.0791));
#122 = VECTOR('',#123,1.);
#123 = DIRECTION('',(0.,-1.,2.22044604925E-16));
#124 = ORIENTED_EDGE('',*,*,#125,.F.);
#125 = EDGE_CURVE('',#22,#118,#126,.T.);
#126 = LINE('',#127,#128);
#127 = CARTESIAN_POINT('',(-17.08567305233,22.225,74.0791));
#128 = VECTOR('',#129,1.);
#129 = DIRECTION('',(1.,0.,0.));
#130 = FACE_BOUND('',#131,.T.);
#131 = EDGE_LOOP('',(#132,#143,#151,#160,#169,#178));
#132 = ORIENTED_EDGE('',*,*,#133,.F.);
#133 = EDGE_CURVE('',#134,#136,#138,.T.);
#134 = VERTEX_POINT('',#135);
#135 = CARTESIAN_POINT('',(-14.02501193794,11.937126472327,74.0791));
#136 = VERTEX_POINT('',#137);
#137 = CARTESIAN_POINT('',(-13.83328262387,11.903585542689,74.0791));
#138 = B_SPLINE_CURVE_WITH_KNOTS('',3,(#139,#140,#141,#142),
  .UNSPECIFIED.,.F.,.F.,(4,4),(0.,1.),.PIECEWISE_BEZIER_KNOTS.);
#139 = CARTESIAN_POINT('',(-14.02501193794,11.937126472327,74.0791));
#140 = CARTESIAN_POINT('',(-13.93874154682,11.922774074528,74.0791));
#141 = CARTESIAN_POINT('',(-13.87649582159,11.91325781077,74.0791));
#142 = CARTESIAN_POINT('',(-13.83328262387,11.903585542689,74.0791));
#143 = ORIENTED_EDGE('',*,*,#144,.F.);
#144 = EDGE_CURVE('',#145,#134,#147,.T.);
#145 = VERTEX_POINT('',#146);
#146 = CARTESIAN_POINT('',(-14.02501193794,12.037749261242,74.0791));
#147 = LINE('',#148,#149);
#148 = CARTESIAN_POINT('',(-14.02501193794,12.037749261242,74.0791));
#149 = VECTOR('',#150,1.);
#150 = DIRECTION('',(-2.22044604925E-16,-1.,0.));
#151 = ORIENTED_EDGE('',*,*,#152,.F.);
#152 = EDGE_CURVE('',#153,#145,#155,.T.);
#153 = VERTEX_POINT('',#154);
#154 = CARTESIAN_POINT('',(-13.04733284006,12.191101511635,74.0791));
#155 = B_SPLINE_CURVE_WITH_KNOTS('',3,(#156,#157,#158,#159),
  .UNSPECIFIED.,.F.,.F.,(4,4),(0.,1.),.PIECEWISE_BEZIER_KNOTS.);
#156 = CARTESIAN_POINT('',(-13.04733284006,12.191101511635,74.0791));
#157 = CARTESIAN_POINT('',(-13.12876709714,12.191101511635,74.0791));
#158 = CARTESIAN_POINT('',(-13.56011905272,12.124019652359,74.0791));
#159 = CARTESIAN_POINT('',(-14.02501193794,12.037749261242,74.0791));
#160 = ORIENTED_EDGE('',*,*,#161,.F.);
#161 = EDGE_CURVE('',#162,#153,#164,.T.);
#162 = VERTEX_POINT('',#163);
#163 = CARTESIAN_POINT('',(-12.85076739195,11.985019799764,74.0791));
#164 = B_SPLINE_CURVE_WITH_KNOTS('',3,(#165,#166,#167,#168),
  .UNSPECIFIED.,.F.,.F.,(4,4),(0.,1.),.PIECEWISE_BEZIER_KNOTS.);
#165 = CARTESIAN_POINT('',(-12.85076739195,11.985019799764,74.0791));
#166 = CARTESIAN_POINT('',(-12.85076739195,12.100150990802,74.0791));
#167 = CARTESIAN_POINT('',(-12.93703778306,12.191101511635,74.0791));
#168 = CARTESIAN_POINT('',(-13.04733284006,12.191101511635,74.0791));
#169 = ORIENTED_EDGE('',*,*,#170,.F.);
#170 = EDGE_CURVE('',#171,#162,#173,.T.);
#171 = VERTEX_POINT('',#172);
#172 = CARTESIAN_POINT('',(-13.04249670602,11.783774221934,74.0791));
#173 = B_SPLINE_CURVE_WITH_KNOTS('',3,(#174,#175,#176,#177),
  .UNSPECIFIED.,.F.,.F.,(4,4),(0.,1.),.PIECEWISE_BEZIER_KNOTS.);
#174 = CARTESIAN_POINT('',(-13.04249670602,11.783774221934,74.0791));
#175 = CARTESIAN_POINT('',(-12.93703778306,11.783774221934,74.0791));
#176 = CARTESIAN_POINT('',(-12.85076739195,11.874880747091,74.0791));
#177 = CARTESIAN_POINT('',(-12.85076739195,11.985019799764,74.0791));
#178 = ORIENTED_EDGE('',*,*,#179,.F.);
#179 = EDGE_CURVE('',#136,#171,#180,.T.);
#180 = B_SPLINE_CURVE_WITH_KNOTS('',3,(#181,#182,#183,#184),
  .UNSPECIFIED.,.F.,.F.,(4,4),(0.,1.),.PIECEWISE_BEZIER_KNOTS.);
#181 = CARTESIAN_POINT('',(-13.83328262387,11.903585542689,74.0791));
#182 = CARTESIAN_POINT('',(-13.46901252756,11.826987419654,74.0791));
#183 = CARTESIAN_POINT('',(-13.18149655862,11.783774221934,74.0791));
#184 = CARTESIAN_POINT('',(-13.04249670602,11.783774221934,74.0791));
#185 = FACE_BOUND('',#186,.T.);
#186 = EDGE_LOOP('',(#187,#198,#206,#215,#224,#233));
#187 = ORIENTED_EDGE('',*,*,#188,.F.);
#188 = EDGE_CURVE('',#189,#191,#193,.T.);
#189 = VERTEX_POINT('',#190);
#190 = CARTESIAN_POINT('',(-14.02501193794,12.747100922013,74.0791));
#191 = VERTEX_POINT('',#192);
#192 = CARTESIAN_POINT('',(-13.83328262387,12.713559992374,74.0791));
#193 = B_SPLINE_CURVE_WITH_KNOTS('',3,(#194,#195,#196,#197),
  .UNSPECIFIED.,.F.,.F.,(4,4),(0.,1.),.PIECEWISE_BEZIER_KNOTS.);
#194 = CARTESIAN_POINT('',(-14.02501193794,12.747100922013,74.0791));
#195 = CARTESIAN_POINT('',(-13.93874154682,12.732748524214,74.0791));
#196 = CARTESIAN_POINT('',(-13.87649582159,12.723076256132,74.0791));
#197 = CARTESIAN_POINT('',(-13.83328262387,12.713559992374,74.0791));
#198 = ORIENTED_EDGE('',*,*,#199,.F.);
#199 = EDGE_CURVE('',#200,#189,#202,.T.);
#200 = VERTEX_POINT('',#201);
#201 = CARTESIAN_POINT('',(-14.02501193794,12.847723710928,74.0791));
#202 = LINE('',#203,#204);
#203 = CARTESIAN_POINT('',(-14.02501193794,12.847723710928,74.0791));
#204 = VECTOR('',#205,1.);
#205 = DIRECTION('',(-2.22044604925E-16,-1.,0.));
#206 = ORIENTED_EDGE('',*,*,#207,.F.);
#207 = EDGE_CURVE('',#208,#200,#210,.T.);
#208 = VERTEX_POINT('',#209);
#209 = CARTESIAN_POINT('',(-13.04733284006,13.001075961321,74.0791));
#210 = B_SPLINE_CURVE_WITH_KNOTS('',3,(#211,#212,#213,#214),
  .UNSPECIFIED.,.F.,.F.,(4,4),(0.,1.),.PIECEWISE_BEZIER_KNOTS.);
#211 = CARTESIAN_POINT('',(-13.04733284006,13.001075961321,74.0791));
#212 = CARTESIAN_POINT('',(-13.12876709714,13.001075961321,74.0791));
#213 = CARTESIAN_POINT('',(-13.56011905272,12.933994102044,74.0791));
#214 = CARTESIAN_POINT('',(-14.02501193794,12.847723710928,74.0791));
#215 = ORIENTED_EDGE('',*,*,#216,.F.);
#216 = EDGE_CURVE('',#217,#208,#219,.T.);
#217 = VERTEX_POINT('',#218);
#218 = CARTESIAN_POINT('',(-12.85076739195,12.79499424945,74.0791));
#219 = B_SPLINE_CURVE_WITH_KNOTS('',3,(#220,#221,#222,#223),
  .UNSPECIFIED.,.F.,.F.,(4,4),(0.,1.),.PIECEWISE_BEZIER_KNOTS.);
#220 = CARTESIAN_POINT('',(-12.85076739195,12.79499424945,74.0791));
#221 = CARTESIAN_POINT('',(-12.85076739195,12.909969436164,74.0791));
#222 = CARTESIAN_POINT('',(-12.93703778306,13.001075961321,74.0791));
#223 = CARTESIAN_POINT('',(-13.04733284006,13.001075961321,74.0791));
#224 = ORIENTED_EDGE('',*,*,#225,.F.);
#225 = EDGE_CURVE('',#226,#217,#228,.T.);
#226 = VERTEX_POINT('',#227);
#227 = CARTESIAN_POINT('',(-13.04249670602,12.59374867162,74.0791));
#228 = B_SPLINE_CURVE_WITH_KNOTS('',3,(#229,#230,#231,#232),
  .UNSPECIFIED.,.F.,.F.,(4,4),(0.,1.),.PIECEWISE_BEZIER_KNOTS.);
#229 = CARTESIAN_POINT('',(-13.04249670602,12.59374867162,74.0791));
#230 = CARTESIAN_POINT('',(-12.93703778306,12.59374867162,74.0791));
#231 = CARTESIAN_POINT('',(-12.85076739195,12.684855196777,74.0791));
#232 = CARTESIAN_POINT('',(-12.85076739195,12.79499424945,74.0791));
#233 = ORIENTED_EDGE('',*,*,#234,.F.);
#234 = EDGE_CURVE('',#191,#226,#235,.T.);
#235 = B_SPLINE_CURVE_WITH_KNOTS('',3,(#236,#237,#238,#239),
  .UNSPECIFIED.,.F.,.F.,(4,4),(0.,1.),.PIECEWISE_BEZIER_KNOTS.);
#236 = CARTESIAN_POINT('',(-13.83328262387,12.713559992374,74.0791));
#237 = CARTESIAN_POINT('',(-13.46901252756,12.636805865016,74.0791));
#238 = CARTESIAN_POINT('',(-13.18149655862,12.59374867162,74.0791));
#239 = CARTESIAN_POINT('',(-13.04249670602,12.59374867162,74.0791));
#240 = FACE_BOUND('',#241,.T.);
#241 = EDGE_LOOP('',(#242,#252,#260,#269,#278,#287,#296,#305,#314,#323,
    #332,#341,#350,#359,#368,#377,#385,#393,#402,#410,#418));
#242 = ORIENTED_EDGE('',*,*,#243,.F.);
#243 = EDGE_CURVE('',#244,#246,#248,.T.);
#244 = VERTEX_POINT('',#245);
#245 = CARTESIAN_POINT('',(-13.28929554643,14.898868561557,74.0791));
#246 = VERTEX_POINT('',#247);
#247 = CARTESIAN_POINT('',(-13.28929554643,13.959566527359,74.0791));
#248 = LINE('',#249,#250);
#249 = CARTESIAN_POINT('',(-13.28929554643,14.898868561557,74.0791));
#250 = VECTOR('',#251,1.);
#251 = DIRECTION('',(-2.22044604925E-16,-1.,0.));
#252 = ORIENTED_EDGE('',*,*,#253,.F.);
#253 = EDGE_CURVE('',#254,#244,#256,.T.);
#254 = VERTEX_POINT('',#255);
#255 = CARTESIAN_POINT('',(-13.69755886207,15.100114139387,74.0791));
#256 = LINE('',#257,#258);
#257 = CARTESIAN_POINT('',(-13.69755886207,15.100114139387,74.0791));
#258 = VECTOR('',#259,1.);
#259 = DIRECTION('',(0.896949078742,-0.442133859984,0.));
#260 = ORIENTED_EDGE('',*,*,#261,.F.);
#261 = EDGE_CURVE('',#262,#254,#264,.T.);
#262 = VERTEX_POINT('',#263);
#263 = CARTESIAN_POINT('',(-14.12001857119,14.050673052516,74.0791));
#264 = B_SPLINE_CURVE_WITH_KNOTS('',3,(#265,#266,#267,#268),
  .UNSPECIFIED.,.F.,.F.,(4,4),(0.,1.),.PIECEWISE_BEZIER_KNOTS.);
#265 = CARTESIAN_POINT('',(-14.12001857119,14.050673052516,74.0791));
#266 = CARTESIAN_POINT('',(-13.90878871663,14.261590898428,74.0791));
#267 = CARTESIAN_POINT('',(-13.79833765531,14.534754469575,74.0791));
#268 = CARTESIAN_POINT('',(-13.69755886207,15.100114139387,74.0791));
#269 = ORIENTED_EDGE('',*,*,#270,.F.);
#270 = EDGE_CURVE('',#271,#262,#273,.T.);
#271 = VERTEX_POINT('',#272);
#272 = CARTESIAN_POINT('',(-14.92671693008,13.72478001989,74.0791));
#273 = B_SPLINE_CURVE_WITH_KNOTS('',3,(#274,#275,#276,#277),
  .UNSPECIFIED.,.F.,.F.,(4,4),(0.,1.),.PIECEWISE_BEZIER_KNOTS.);
#274 = CARTESIAN_POINT('',(-14.92671693008,13.72478001989,74.0791));
#275 = CARTESIAN_POINT('',(-14.58101134832,13.72478001989,74.0791));
#276 = CARTESIAN_POINT('',(-14.36010922568,13.815886545047,74.0791));
#277 = CARTESIAN_POINT('',(-14.12001857119,14.050673052516,74.0791));
#278 = ORIENTED_EDGE('',*,*,#279,.F.);
#279 = EDGE_CURVE('',#280,#271,#282,.T.);
#280 = VERTEX_POINT('',#281);
#281 = CARTESIAN_POINT('',(-15.78146462072,14.041000784434,74.0791));
#282 = B_SPLINE_CURVE_WITH_KNOTS('',3,(#283,#284,#285,#286),
  .UNSPECIFIED.,.F.,.F.,(4,4),(0.,1.),.PIECEWISE_BEZIER_KNOTS.);
#283 = CARTESIAN_POINT('',(-15.78146462072,14.041000784434,74.0791));
#284 = CARTESIAN_POINT('',(-15.56539863212,13.825402808805,74.0791));
#285 = CARTESIAN_POINT('',(-15.29161104368,13.72478001989,74.0791));
#286 = CARTESIAN_POINT('',(-14.92671693008,13.72478001989,74.0791));
#287 = ORIENTED_EDGE('',*,*,#288,.F.);
#288 = EDGE_CURVE('',#289,#280,#291,.T.);
#289 = VERTEX_POINT('',#290);
#290 = CARTESIAN_POINT('',(-16.15556298943,15.028352150393,74.0791));
#291 = B_SPLINE_CURVE_WITH_KNOTS('',3,(#292,#293,#294,#295),
  .UNSPECIFIED.,.F.,.F.,(4,4),(0.,1.),.PIECEWISE_BEZIER_KNOTS.);
#292 = CARTESIAN_POINT('',(-16.15556298943,15.028352150393,74.0791));
#293 = CARTESIAN_POINT('',(-16.15556298943,14.63054112445,74.0791));
#294 = CARTESIAN_POINT('',(-16.02623540492,14.285459559984,74.0791));
#295 = CARTESIAN_POINT('',(-15.78146462072,14.041000784434,74.0791));
#296 = ORIENTED_EDGE('',*,*,#297,.F.);
#297 = EDGE_CURVE('',#298,#289,#300,.T.);
#298 = VERTEX_POINT('',#299);
#299 = CARTESIAN_POINT('',(-15.85821874808,15.612900352044,74.0791));
#300 = B_SPLINE_CURVE_WITH_KNOTS('',3,(#301,#302,#303,#304),
  .UNSPECIFIED.,.F.,.F.,(4,4),(0.,1.),.PIECEWISE_BEZIER_KNOTS.);
#301 = CARTESIAN_POINT('',(-15.85821874808,15.612900352044,74.0791));
#302 = CARTESIAN_POINT('',(-16.04058780272,15.612900352044,74.0791));
#303 = CARTESIAN_POINT('',(-16.15556298943,15.392466242374,74.0791));
#304 = CARTESIAN_POINT('',(-16.15556298943,15.028352150393,74.0791));
#305 = ORIENTED_EDGE('',*,*,#306,.F.);
#306 = EDGE_CURVE('',#307,#298,#309,.T.);
#307 = VERTEX_POINT('',#308);
#308 = CARTESIAN_POINT('',(-15.68068582748,15.411654774214,74.0791));
#309 = B_SPLINE_CURVE_WITH_KNOTS('',3,(#310,#311,#312,#313),
  .UNSPECIFIED.,.F.,.F.,(4,4),(0.,1.),.PIECEWISE_BEZIER_KNOTS.);
#310 = CARTESIAN_POINT('',(-15.68068582748,15.411654774214,74.0791));
#311 = CARTESIAN_POINT('',(-15.68068582748,15.545818492767,74.0791));
#312 = CARTESIAN_POINT('',(-15.738251423,15.612900352044,74.0791));
#313 = CARTESIAN_POINT('',(-15.85821874808,15.612900352044,74.0791));
#314 = ORIENTED_EDGE('',*,*,#315,.F.);
#315 = EDGE_CURVE('',#316,#307,#318,.T.);
#316 = VERTEX_POINT('',#317);
#317 = CARTESIAN_POINT('',(-15.83903021624,15.042704548192,74.0791));
#318 = B_SPLINE_CURVE_WITH_KNOTS('',3,(#319,#320,#321,#322),
  .UNSPECIFIED.,.F.,.F.,(4,4),(0.,1.),.PIECEWISE_BEZIER_KNOTS.);
#319 = CARTESIAN_POINT('',(-15.83903021624,15.042704548192,74.0791));
#320 = CARTESIAN_POINT('',(-15.7238990252,15.196056798585,74.0791));
#321 = CARTESIAN_POINT('',(-15.68068582748,15.301515721541,74.0791));
#322 = CARTESIAN_POINT('',(-15.68068582748,15.411654774214,74.0791));
#323 = ORIENTED_EDGE('',*,*,#324,.F.);
#324 = EDGE_CURVE('',#325,#316,#327,.T.);
#325 = VERTEX_POINT('',#326);
#326 = CARTESIAN_POINT('',(-15.97834207748,14.726327779324,74.0791));
#327 = B_SPLINE_CURVE_WITH_KNOTS('',3,(#328,#329,#330,#331),
  .UNSPECIFIED.,.F.,.F.,(4,4),(0.,1.),.PIECEWISE_BEZIER_KNOTS.);
#328 = CARTESIAN_POINT('',(-15.97834207748,14.726327779324,74.0791));
#329 = CARTESIAN_POINT('',(-15.97834207748,14.822270438522,74.0791));
#330 = CARTESIAN_POINT('',(-15.94464514352,14.898868561557,74.0791));
#331 = CARTESIAN_POINT('',(-15.83903021624,15.042704548192,74.0791));
#332 = ORIENTED_EDGE('',*,*,#333,.F.);
#333 = EDGE_CURVE('',#334,#325,#336,.T.);
#334 = VERTEX_POINT('',#335);
#335 = CARTESIAN_POINT('',(-15.1572913208,14.060189316274,74.0791));
#336 = B_SPLINE_CURVE_WITH_KNOTS('',3,(#337,#338,#339,#340),
  .UNSPECIFIED.,.F.,.F.,(4,4),(0.,1.),.PIECEWISE_BEZIER_KNOTS.);
#337 = CARTESIAN_POINT('',(-15.1572913208,14.060189316274,74.0791));
#338 = CARTESIAN_POINT('',(-15.6181280936,14.060189316274,74.0791));
#339 = CARTESIAN_POINT('',(-15.97834207748,14.34770528522,74.0791));
#340 = CARTESIAN_POINT('',(-15.97834207748,14.726327779324,74.0791));
#341 = ORIENTED_EDGE('',*,*,#342,.F.);
#342 = EDGE_CURVE('',#343,#334,#345,.T.);
#343 = VERTEX_POINT('',#344);
#344 = CARTESIAN_POINT('',(-14.20644496663,14.860491497877,74.0791));
#345 = B_SPLINE_CURVE_WITH_KNOTS('',3,(#346,#347,#348,#349),
  .UNSPECIFIED.,.F.,.F.,(4,4),(0.,1.),.PIECEWISE_BEZIER_KNOTS.);
#346 = CARTESIAN_POINT('',(-14.20644496663,14.860491497877,74.0791));
#347 = CARTESIAN_POINT('',(-14.38413389156,14.309484225865,74.0791));
#348 = CARTESIAN_POINT('',(-14.67711001184,14.060189316274,74.0791));
#349 = CARTESIAN_POINT('',(-15.1572913208,14.060189316274,74.0791));
#350 = ORIENTED_EDGE('',*,*,#351,.F.);
#351 = EDGE_CURVE('',#352,#343,#354,.T.);
#352 = VERTEX_POINT('',#353);
#353 = CARTESIAN_POINT('',(-14.11050230744,15.402138510456,74.0791));
#354 = B_SPLINE_CURVE_WITH_KNOTS('',3,(#355,#356,#357,#358),
  .UNSPECIFIED.,.F.,.F.,(4,4),(0.,1.),.PIECEWISE_BEZIER_KNOTS.);
#355 = CARTESIAN_POINT('',(-14.11050230744,15.402138510456,74.0791));
#356 = CARTESIAN_POINT('',(-14.11050230744,15.248786260063,74.0791));
#357 = CARTESIAN_POINT('',(-14.14404323707,15.061893080031,74.0791));
#358 = CARTESIAN_POINT('',(-14.20644496663,14.860491497877,74.0791));
#359 = ORIENTED_EDGE('',*,*,#360,.F.);
#360 = EDGE_CURVE('',#361,#352,#363,.T.);
#361 = VERTEX_POINT('',#362);
#362 = CARTESIAN_POINT('',(-14.07196923943,15.459548101651,74.0791));
#363 = B_SPLINE_CURVE_WITH_KNOTS('',3,(#364,#365,#366,#367),
  .UNSPECIFIED.,.F.,.F.,(4,4),(0.,1.),.PIECEWISE_BEZIER_KNOTS.);
#364 = CARTESIAN_POINT('',(-14.07196923943,15.459548101651,74.0791));
#365 = CARTESIAN_POINT('',(-14.10083003935,15.459548101651,74.0791));
#366 = CARTESIAN_POINT('',(-14.11050230744,15.440515574135,74.0791));
#367 = CARTESIAN_POINT('',(-14.11050230744,15.402138510456,74.0791));
#368 = ORIENTED_EDGE('',*,*,#369,.F.);
#369 = EDGE_CURVE('',#370,#361,#372,.T.);
#370 = VERTEX_POINT('',#371);
#371 = CARTESIAN_POINT('',(-14.04810057788,15.454867971934,74.0791));
#372 = B_SPLINE_CURVE_WITH_KNOTS('',3,(#373,#374,#375,#376),
  .UNSPECIFIED.,.F.,.F.,(4,4),(0.,1.),.PIECEWISE_BEZIER_KNOTS.);
#373 = CARTESIAN_POINT('',(-14.04810057788,15.454867971934,74.0791));
#374 = CARTESIAN_POINT('',(-14.05761684163,15.459548101651,74.0791));
#375 = CARTESIAN_POINT('',(-14.06245297568,15.459548101651,74.0791));
#376 = CARTESIAN_POINT('',(-14.07196923943,15.459548101651,74.0791));
#377 = ORIENTED_EDGE('',*,*,#378,.F.);
#378 = EDGE_CURVE('',#379,#370,#381,.T.);
#379 = VERTEX_POINT('',#380);
#380 = CARTESIAN_POINT('',(-12.91067305233,14.932409491195,74.0791));
#381 = LINE('',#382,#383);
#382 = CARTESIAN_POINT('',(-12.91067305233,14.932409491195,74.0791));
#383 = VECTOR('',#384,1.);
#384 = DIRECTION('',(-0.908720288708,0.417405602371,0.));
#385 = ORIENTED_EDGE('',*,*,#386,.F.);
#386 = EDGE_CURVE('',#387,#379,#389,.T.);
#387 = VERTEX_POINT('',#388);
#388 = CARTESIAN_POINT('',(-12.91067305233,13.930861731761,74.0791));
#389 = LINE('',#390,#391);
#390 = CARTESIAN_POINT('',(-12.91067305233,13.930861731761,74.0791));
#391 = VECTOR('',#392,1.);
#392 = DIRECTION('',(2.22044604925E-16,1.,0.));
#393 = ORIENTED_EDGE('',*,*,#394,.F.);
#394 = EDGE_CURVE('',#395,#387,#397,.T.);
#395 = VERTEX_POINT('',#396);
#396 = CARTESIAN_POINT('',(-12.78618160185,13.710427622091,74.0791));
#397 = B_SPLINE_CURVE_WITH_KNOTS('',3,(#398,#399,#400,#401),
  .UNSPECIFIED.,.F.,.F.,(4,4),(0.,1.),.PIECEWISE_BEZIER_KNOTS.);
#398 = CARTESIAN_POINT('',(-12.78618160185,13.710427622091,74.0791));
#399 = CARTESIAN_POINT('',(-12.88196825673,13.782345615409,74.0791));
#400 = CARTESIAN_POINT('',(-12.91067305233,13.825402808805,74.0791));
#401 = CARTESIAN_POINT('',(-12.91067305233,13.930861731761,74.0791));
#402 = ORIENTED_EDGE('',*,*,#403,.F.);
#403 = EDGE_CURVE('',#404,#395,#406,.T.);
#404 = VERTEX_POINT('',#405);
#405 = CARTESIAN_POINT('',(-12.81972253149,13.667214424371,74.0791));
#406 = LINE('',#407,#408);
#407 = CARTESIAN_POINT('',(-12.81972253149,13.667214424371,74.0791));
#408 = VECTOR('',#409,1.);
#409 = DIRECTION('',(0.613150559542,0.789966069735,0.));
#410 = ORIENTED_EDGE('',*,*,#411,.F.);
#411 = EDGE_CURVE('',#412,#404,#414,.T.);
#412 = VERTEX_POINT('',#413);
#413 = CARTESIAN_POINT('',(-13.24623835303,13.849427474686,74.0791));
#414 = LINE('',#415,#416);
#415 = CARTESIAN_POINT('',(-13.24623835303,13.849427474686,74.0791));
#416 = VECTOR('',#417,1.);
#417 = DIRECTION('',(0.919596764583,-0.392863577554,0.));
#418 = ORIENTED_EDGE('',*,*,#419,.F.);
#419 = EDGE_CURVE('',#246,#412,#420,.T.);
#420 = B_SPLINE_CURVE_WITH_KNOTS('',3,(#421,#422,#423,#424),
  .UNSPECIFIED.,.F.,.F.,(4,4),(0.,1.),.PIECEWISE_BEZIER_KNOTS.);
#421 = CARTESIAN_POINT('',(-13.28929554643,13.959566527359,74.0791));
#422 = CARTESIAN_POINT('',(-13.28929554643,13.878132270283,74.0791));
#423 = CARTESIAN_POINT('',(-13.28461541671,13.863779872484,74.0791));
#424 = CARTESIAN_POINT('',(-13.24623835303,13.849427474686,74.0791));
#425 = FACE_BOUND('',#426,.T.);
#426 = EDGE_LOOP('',(#427,#438,#447,#456));
#427 = ORIENTED_EDGE('',*,*,#428,.F.);
#428 = EDGE_CURVE('',#429,#431,#433,.T.);
#429 = VERTEX_POINT('',#430);
#430 = CARTESIAN_POINT('',(-15.6037756958,18.761691625629,74.0791));
#431 = VERTEX_POINT('',#432);
#432 = CARTESIAN_POINT('',(-15.87693926695,19.025182928695,74.0791));
#433 = B_SPLINE_CURVE_WITH_KNOTS('',3,(#434,#435,#436,#437),
  .UNSPECIFIED.,.F.,.F.,(4,4),(0.,1.),.PIECEWISE_BEZIER_KNOTS.);
#434 = CARTESIAN_POINT('',(-15.6037756958,18.761691625629,74.0791));
#435 = CARTESIAN_POINT('',(-15.6037756958,18.90537160794,74.0791));
#436 = CARTESIAN_POINT('',(-15.72358701656,19.025182928695,74.0791));
#437 = CARTESIAN_POINT('',(-15.87693926695,19.025182928695,74.0791));
#438 = ORIENTED_EDGE('',*,*,#439,.F.);
#439 = EDGE_CURVE('',#440,#429,#442,.T.);
#440 = VERTEX_POINT('',#441);
#441 = CARTESIAN_POINT('',(-15.87693926695,18.493208184198,74.0791));
#442 = B_SPLINE_CURVE_WITH_KNOTS('',3,(#443,#444,#445,#446),
  .UNSPECIFIED.,.F.,.F.,(4,4),(0.,1.),.PIECEWISE_BEZIER_KNOTS.);
#443 = CARTESIAN_POINT('',(-15.87693926695,18.493208184198,74.0791));
#444 = CARTESIAN_POINT('',(-15.72826714627,18.493208184198,74.0791));
#445 = CARTESIAN_POINT('',(-15.6037756958,18.617855638994,74.0791));
#446 = CARTESIAN_POINT('',(-15.6037756958,18.761691625629,74.0791));
#447 = ORIENTED_EDGE('',*,*,#448,.F.);
#448 = EDGE_CURVE('',#449,#440,#451,.T.);
#449 = VERTEX_POINT('',#450);
#450 = CARTESIAN_POINT('',(-16.13559443597,18.766371755346,74.0791));
#451 = B_SPLINE_CURVE_WITH_KNOTS('',3,(#452,#453,#454,#455),
  .UNSPECIFIED.,.F.,.F.,(4,4),(0.,1.),.PIECEWISE_BEZIER_KNOTS.);
#452 = CARTESIAN_POINT('',(-16.13559443597,18.766371755346,74.0791));
#453 = CARTESIAN_POINT('',(-16.13559443597,18.617855638994,74.0791));
#454 = CARTESIAN_POINT('',(-16.02061924926,18.493208184198,74.0791));
#455 = CARTESIAN_POINT('',(-15.87693926695,18.493208184198,74.0791));
#456 = ORIENTED_EDGE('',*,*,#457,.F.);
#457 = EDGE_CURVE('',#431,#449,#458,.T.);
#458 = B_SPLINE_CURVE_WITH_KNOTS('',3,(#459,#460,#461,#462),
  .UNSPECIFIED.,.F.,.F.,(4,4),(0.,1.),.PIECEWISE_BEZIER_KNOTS.);
#459 = CARTESIAN_POINT('',(-15.87693926695,19.025182928695,74.0791));
#460 = CARTESIAN_POINT('',(-16.01593911954,19.025182928695,74.0791));
#461 = CARTESIAN_POINT('',(-16.13559443597,18.90537160794,74.0791));
#462 = CARTESIAN_POINT('',(-16.13559443597,18.766371755346,74.0791));
#463 = FACE_BOUND('',#464,.T.);
#464 = EDGE_LOOP('',(#465,#475,#483,#491,#499,#507,#516,#525,#534,#542,
    #551,#560,#569,#578,#586,#594));
#465 = ORIENTED_EDGE('',*,*,#466,.F.);
#466 = EDGE_CURVE('',#467,#469,#471,.T.);
#467 = VERTEX_POINT('',#468);
#468 = CARTESIAN_POINT('',(-15.42967487033,15.886219927516,74.0791));
#469 = VERTEX_POINT('',#470);
#470 = CARTESIAN_POINT('',(-15.40580620877,15.948465652752,74.0791));
#471 = LINE('',#472,#473);
#472 = CARTESIAN_POINT('',(-15.42967487033,15.886219927516,74.0791));
#473 = VECTOR('',#474,1.);
#474 = DIRECTION('',(0.358038024804,0.933707005861,0.));
#475 = ORIENTED_EDGE('',*,*,#476,.F.);
#476 = EDGE_CURVE('',#477,#467,#479,.T.);
#477 = VERTEX_POINT('',#478);
#478 = CARTESIAN_POINT('',(-16.08567305233,16.149711230582,74.0791));
#479 = LINE('',#480,#481);
#480 = CARTESIAN_POINT('',(-16.08567305233,16.149711230582,74.0791));
#481 = VECTOR('',#482,1.);
#482 = DIRECTION('',(0.927943069427,-0.372721960585,0.));
#483 = ORIENTED_EDGE('',*,*,#484,.F.);
#484 = EDGE_CURVE('',#485,#477,#487,.T.);
#485 = VERTEX_POINT('',#486);
#486 = CARTESIAN_POINT('',(-16.08567305233,18.01879903522,74.0791));
#487 = LINE('',#488,#489);
#488 = CARTESIAN_POINT('',(-16.08567305233,18.01879903522,74.0791));
#489 = VECTOR('',#490,1.);
#490 = DIRECTION('',(-2.22044604925E-16,-1.,0.));
#491 = ORIENTED_EDGE('',*,*,#492,.F.);
#492 = EDGE_CURVE('',#493,#485,#495,.T.);
#493 = VERTEX_POINT('',#494);
#494 = CARTESIAN_POINT('',(-16.02826346113,18.01879903522,74.0791));
#495 = LINE('',#496,#497);
#496 = CARTESIAN_POINT('',(-16.02826346113,18.01879903522,74.0791));
#497 = VECTOR('',#498,1.);
#498 = DIRECTION('',(-1.,2.22044604925E-16,0.));
#499 = ORIENTED_EDGE('',*,*,#500,.F.);
#500 = EDGE_CURVE('',#501,#493,#503,.T.);
#501 = VERTEX_POINT('',#502);
#502 = CARTESIAN_POINT('',(-15.12359438684,17.165767392138,74.0791));
#503 = LINE('',#504,#505);
#504 = CARTESIAN_POINT('',(-15.12359438684,17.165767392138,74.0791));
#505 = VECTOR('',#506,1.);
#506 = DIRECTION('',(-0.727566145574,0.686037538196,0.));
#507 = ORIENTED_EDGE('',*,*,#508,.F.);
#508 = EDGE_CURVE('',#509,#501,#511,.T.);
#509 = VERTEX_POINT('',#510);
#510 = CARTESIAN_POINT('',(-13.87992791671,16.542686122484,74.0791));
#511 = B_SPLINE_CURVE_WITH_KNOTS('',3,(#512,#513,#514,#515),
  .UNSPECIFIED.,.F.,.F.,(4,4),(0.,1.),.PIECEWISE_BEZIER_KNOTS.);
#512 = CARTESIAN_POINT('',(-13.87992791671,16.542686122484,74.0791));
#513 = CARTESIAN_POINT('',(-14.2577703892,16.542686122484,74.0791));
#514 = CARTESIAN_POINT('',(-14.69785858692,16.763120232154,74.0791));
#515 = CARTESIAN_POINT('',(-15.12359438684,17.165767392138,74.0791));
#516 = ORIENTED_EDGE('',*,*,#517,.F.);
#517 = EDGE_CURVE('',#518,#509,#520,.T.);
#518 = VERTEX_POINT('',#519);
#519 = CARTESIAN_POINT('',(-13.2055212245,17.218496853616,74.0791));
#520 = B_SPLINE_CURVE_WITH_KNOTS('',3,(#521,#522,#523,#524),
  .UNSPECIFIED.,.F.,.F.,(4,4),(0.,1.),.PIECEWISE_BEZIER_KNOTS.);
#521 = CARTESIAN_POINT('',(-13.2055212245,17.218496853616,74.0791));
#522 = CARTESIAN_POINT('',(-13.2055212245,16.811169563915,74.0791));
#523 = CARTESIAN_POINT('',(-13.47806077835,16.542686122484,74.0791));
#524 = CARTESIAN_POINT('',(-13.87992791671,16.542686122484,74.0791));
#525 = ORIENTED_EDGE('',*,*,#526,.F.);
#526 = EDGE_CURVE('',#527,#518,#529,.T.);
#527 = VERTEX_POINT('',#528);
#528 = CARTESIAN_POINT('',(-13.82735445956,17.913340112264,74.0791));
#529 = B_SPLINE_CURVE_WITH_KNOTS('',3,(#530,#531,#532,#533),
  .UNSPECIFIED.,.F.,.F.,(4,4),(0.,1.),.PIECEWISE_BEZIER_KNOTS.);
#530 = CARTESIAN_POINT('',(-13.82735445956,17.913340112264,74.0791));
#531 = CARTESIAN_POINT('',(-13.35856146624,17.721610798192,74.0791));
#532 = CARTESIAN_POINT('',(-13.2055212245,17.55390615,74.0791));
#533 = CARTESIAN_POINT('',(-13.2055212245,17.218496853616,74.0791));
#534 = ORIENTED_EDGE('',*,*,#535,.F.);
#535 = EDGE_CURVE('',#536,#527,#538,.T.);
#536 = VERTEX_POINT('',#537);
#537 = CARTESIAN_POINT('',(-13.80332979368,18.013962901179,74.0791));
#538 = LINE('',#539,#540);
#539 = CARTESIAN_POINT('',(-13.80332979368,18.013962901179,74.0791));
#540 = VECTOR('',#541,1.);
#541 = DIRECTION('',(-0.232232095514,-0.972660400044,0.));
#542 = ORIENTED_EDGE('',*,*,#543,.F.);
#543 = EDGE_CURVE('',#544,#536,#546,.T.);
#544 = VERTEX_POINT('',#545);
#545 = CARTESIAN_POINT('',(-13.14795562898,17.707258400393,74.0791));
#546 = B_SPLINE_CURVE_WITH_KNOTS('',3,(#547,#548,#549,#550),
  .UNSPECIFIED.,.F.,.F.,(4,4),(0.,1.),.PIECEWISE_BEZIER_KNOTS.);
#547 = CARTESIAN_POINT('',(-13.14795562898,17.707258400393,74.0791));
#548 = CARTESIAN_POINT('',(-13.3106681388,17.860610650786,74.0791));
#549 = CARTESIAN_POINT('',(-13.46370838055,17.932528644104,74.0791));
#550 = CARTESIAN_POINT('',(-13.80332979368,18.013962901179,74.0791));
#551 = ORIENTED_EDGE('',*,*,#552,.F.);
#552 = EDGE_CURVE('',#553,#544,#555,.T.);
#553 = VERTEX_POINT('',#554);
#554 = CARTESIAN_POINT('',(-12.85076739195,17.017095271462,74.0791));
#555 = B_SPLINE_CURVE_WITH_KNOTS('',3,(#556,#557,#558,#559),
  .UNSPECIFIED.,.F.,.F.,(4,4),(0.,1.),.PIECEWISE_BEZIER_KNOTS.);
#556 = CARTESIAN_POINT('',(-12.85076739195,17.017095271462,74.0791));
#557 = CARTESIAN_POINT('',(-12.85076739195,17.280742578852,74.0791));
#558 = CARTESIAN_POINT('',(-12.9562263149,17.52988148412,74.0791));
#559 = CARTESIAN_POINT('',(-13.14795562898,17.707258400393,74.0791));
#560 = ORIENTED_EDGE('',*,*,#561,.F.);
#561 = EDGE_CURVE('',#562,#553,#564,.T.);
#562 = VERTEX_POINT('',#563);
#563 = CARTESIAN_POINT('',(-13.69818287937,16.130522698742,74.0791));
#564 = B_SPLINE_CURVE_WITH_KNOTS('',3,(#565,#566,#567,#568),
  .UNSPECIFIED.,.F.,.F.,(4,4),(0.,1.),.PIECEWISE_BEZIER_KNOTS.);
#565 = CARTESIAN_POINT('',(-13.69818287937,16.130522698742,74.0791));
#566 = CARTESIAN_POINT('',(-13.21987362229,16.130522698742,74.0791));
#567 = CARTESIAN_POINT('',(-12.85076739195,16.518817460928,74.0791));
#568 = CARTESIAN_POINT('',(-12.85076739195,17.017095271462,74.0791));
#569 = ORIENTED_EDGE('',*,*,#570,.F.);
#570 = EDGE_CURVE('',#571,#562,#573,.T.);
#571 = VERTEX_POINT('',#572);
#572 = CARTESIAN_POINT('',(-14.87960362426,16.743931700314,74.0791));
#573 = B_SPLINE_CURVE_WITH_KNOTS('',3,(#574,#575,#576,#577),
  .UNSPECIFIED.,.F.,.F.,(4,4),(0.,1.),.PIECEWISE_BEZIER_KNOTS.);
#574 = CARTESIAN_POINT('',(-14.87960362426,16.743931700314,74.0791));
#575 = CARTESIAN_POINT('',(-14.43483529682,16.317415878774,74.0791));
#576 = CARTESIAN_POINT('',(-14.07118921781,16.130522698742,74.0791));
#577 = CARTESIAN_POINT('',(-13.69818287937,16.130522698742,74.0791));
#578 = ORIENTED_EDGE('',*,*,#579,.F.);
#579 = EDGE_CURVE('',#580,#571,#582,.T.);
#580 = VERTEX_POINT('',#581);
#581 = CARTESIAN_POINT('',(-15.72155896034,17.549070015959,74.0791));
#582 = LINE('',#583,#584);
#583 = CARTESIAN_POINT('',(-15.72155896034,17.549070015959,74.0791));
#584 = VECTOR('',#585,1.);
#585 = DIRECTION('',(0.722732008073,-0.691128384967,0.));
#586 = ORIENTED_EDGE('',*,*,#587,.F.);
#587 = EDGE_CURVE('',#588,#580,#590,.T.);
#588 = VERTEX_POINT('',#589);
#589 = CARTESIAN_POINT('',(-15.72155896034,16.40368626989,74.0791));
#590 = LINE('',#591,#592);
#591 = CARTESIAN_POINT('',(-15.72155896034,16.40368626989,74.0791));
#592 = VECTOR('',#593,1.);
#593 = DIRECTION('',(2.22044604925E-16,1.,0.));
#594 = ORIENTED_EDGE('',*,*,#595,.F.);
#595 = EDGE_CURVE('',#469,#588,#596,.T.);
#596 = B_SPLINE_CURVE_WITH_KNOTS('',3,(#597,#598,#599,#600),
  .UNSPECIFIED.,.F.,.F.,(4,4),(0.,1.),.PIECEWISE_BEZIER_KNOTS.);
#597 = CARTESIAN_POINT('',(-15.40580620877,15.948465652752,74.0791));
#598 = CARTESIAN_POINT('',(-15.68333790099,16.125842569025,74.0791));
#599 = CARTESIAN_POINT('',(-15.7167228263,16.178572030503,74.0791));
#600 = CARTESIAN_POINT('',(-15.72155896034,16.40368626989,74.0791));
#601 = FACE_BOUND('',#602,.T.);
#602 = EDGE_LOOP('',(#603,#613,#621,#630,#638,#647,#656,#664,#672,#680,
    #688,#697));
#603 = ORIENTED_EDGE('',*,*,#604,.F.);
#604 = EDGE_CURVE('',#605,#607,#609,.T.);
#605 = VERTEX_POINT('',#606);
#606 = CARTESIAN_POINT('',(-16.08567305233,21.191458970362,74.0791));
#607 = VERTEX_POINT('',#608);
#608 = CARTESIAN_POINT('',(-16.08567305233,19.868698308019,74.0791));
#609 = LINE('',#610,#611);
#610 = CARTESIAN_POINT('',(-16.08567305233,21.191458970362,74.0791));
#611 = VECTOR('',#612,1.);
#612 = DIRECTION('',(-2.22044604925E-16,-1.,0.));
#613 = ORIENTED_EDGE('',*,*,#614,.F.);
#614 = EDGE_CURVE('',#615,#605,#617,.T.);
#615 = VERTEX_POINT('',#616);
#616 = CARTESIAN_POINT('',(-16.01391106333,21.191458970362,74.0791));
#617 = LINE('',#618,#619);
#618 = CARTESIAN_POINT('',(-16.01391106333,21.191458970362,74.0791));
#619 = VECTOR('',#620,1.);
#620 = DIRECTION('',(-1.,2.22044604925E-16,0.));
#621 = ORIENTED_EDGE('',*,*,#622,.F.);
#622 = EDGE_CURVE('',#623,#615,#625,.T.);
#623 = VERTEX_POINT('',#624);
#624 = CARTESIAN_POINT('',(-15.64059271624,20.736082348899,74.0791));
#625 = B_SPLINE_CURVE_WITH_KNOTS('',3,(#626,#627,#628,#629),
  .UNSPECIFIED.,.F.,.F.,(4,4),(0.,1.),.PIECEWISE_BEZIER_KNOTS.);
#626 = CARTESIAN_POINT('',(-15.64059271624,20.736082348899,74.0791));
#627 = CARTESIAN_POINT('',(-15.94199307001,20.745754616981,74.0791));
#628 = CARTESIAN_POINT('',(-16.00907492929,20.827188874057,74.0791));
#629 = CARTESIAN_POINT('',(-16.01391106333,21.191458970362,74.0791));
#630 = ORIENTED_EDGE('',*,*,#631,.F.);
#631 = EDGE_CURVE('',#632,#623,#634,.T.);
#632 = VERTEX_POINT('',#633);
#633 = CARTESIAN_POINT('',(-13.47306863998,20.736082348899,74.0791));
#634 = LINE('',#635,#636);
#635 = CARTESIAN_POINT('',(-13.47306863998,20.736082348899,74.0791));
#636 = VECTOR('',#637,1.);
#637 = DIRECTION('',(-1.,2.22044604925E-16,0.));
#638 = ORIENTED_EDGE('',*,*,#639,.F.);
#639 = EDGE_CURVE('',#640,#632,#642,.T.);
#640 = VERTEX_POINT('',#641);
#641 = CARTESIAN_POINT('',(-13.24811040492,20.879918335535,74.0791));
#642 = B_SPLINE_CURVE_WITH_KNOTS('',3,(#643,#644,#645,#646),
  .UNSPECIFIED.,.F.,.F.,(4,4),(0.,1.),.PIECEWISE_BEZIER_KNOTS.);
#643 = CARTESIAN_POINT('',(-13.24811040492,20.879918335535,74.0791));
#644 = CARTESIAN_POINT('',(-13.24811040492,20.77929554662,74.0791));
#645 = CARTESIAN_POINT('',(-13.31987239391,20.736082348899,74.0791));
#646 = CARTESIAN_POINT('',(-13.47306863998,20.736082348899,74.0791));
#647 = ORIENTED_EDGE('',*,*,#648,.F.);
#648 = EDGE_CURVE('',#649,#640,#651,.T.);
#649 = VERTEX_POINT('',#650);
#650 = CARTESIAN_POINT('',(-13.35341332355,21.2249999,74.0791));
#651 = B_SPLINE_CURVE_WITH_KNOTS('',3,(#652,#653,#654,#655),
  .UNSPECIFIED.,.F.,.F.,(4,4),(0.,1.),.PIECEWISE_BEZIER_KNOTS.);
#652 = CARTESIAN_POINT('',(-13.35341332355,21.2249999,74.0791));
#653 = CARTESIAN_POINT('',(-13.28165133456,21.038106719969,74.0791));
#654 = CARTESIAN_POINT('',(-13.24811040492,20.922975528931,74.0791));
#655 = CARTESIAN_POINT('',(-13.24811040492,20.879918335535,74.0791));
#656 = ORIENTED_EDGE('',*,*,#657,.F.);
#657 = EDGE_CURVE('',#658,#649,#660,.T.);
#658 = VERTEX_POINT('',#659);
#659 = CARTESIAN_POINT('',(-13.28633146428,21.2249999,74.0791));
#660 = LINE('',#661,#662);
#661 = CARTESIAN_POINT('',(-13.28633146428,21.2249999,74.0791));
#662 = VECTOR('',#663,1.);
#663 = DIRECTION('',(-1.,2.22044604925E-16,0.));
#664 = ORIENTED_EDGE('',*,*,#665,.F.);
#665 = EDGE_CURVE('',#666,#658,#668,.T.);
#666 = VERTEX_POINT('',#667);
#667 = CARTESIAN_POINT('',(-12.85076739195,20.362295988836,74.0791));
#668 = LINE('',#669,#670);
#669 = CARTESIAN_POINT('',(-12.85076739195,20.362295988836,74.0791));
#670 = VECTOR('',#671,1.);
#671 = DIRECTION('',(-0.450696964698,0.892677011025,0.));
#672 = ORIENTED_EDGE('',*,*,#673,.F.);
#673 = EDGE_CURVE('',#674,#666,#676,.T.);
#674 = VERTEX_POINT('',#675);
#675 = CARTESIAN_POINT('',(-12.86043966003,20.323918925157,74.0791));
#676 = LINE('',#677,#678);
#677 = CARTESIAN_POINT('',(-12.86043966003,20.323918925157,74.0791));
#678 = VECTOR('',#679,1.);
#679 = DIRECTION('',(0.244390135281,0.969676988372,0.));
#680 = ORIENTED_EDGE('',*,*,#681,.F.);
#681 = EDGE_CURVE('',#682,#674,#684,.T.);
#682 = VERTEX_POINT('',#683);
#683 = CARTESIAN_POINT('',(-15.73154323707,20.323918925157,74.0791));
#684 = LINE('',#685,#686);
#685 = CARTESIAN_POINT('',(-15.73154323707,20.323918925157,74.0791));
#686 = VECTOR('',#687,1.);
#687 = DIRECTION('',(1.,-2.22044604925E-16,0.));
#688 = ORIENTED_EDGE('',*,*,#689,.F.);
#689 = EDGE_CURVE('',#690,#682,#692,.T.);
#690 = VERTEX_POINT('',#691);
#691 = CARTESIAN_POINT('',(-16.01391106333,19.868698308019,74.0791));
#692 = B_SPLINE_CURVE_WITH_KNOTS('',3,(#693,#694,#695,#696),
  .UNSPECIFIED.,.F.,.F.,(4,4),(0.,1.),.PIECEWISE_BEZIER_KNOTS.);
#693 = CARTESIAN_POINT('',(-16.01391106333,19.868698308019,74.0791));
#694 = CARTESIAN_POINT('',(-16.01391106333,20.237648534041,74.0791));
#695 = CARTESIAN_POINT('',(-15.96118160185,20.31923879544,74.0791));
#696 = CARTESIAN_POINT('',(-15.73154323707,20.323918925157,74.0791));
#697 = ORIENTED_EDGE('',*,*,#698,.F.);
#698 = EDGE_CURVE('',#607,#690,#699,.T.);
#699 = LINE('',#700,#701);
#700 = CARTESIAN_POINT('',(-16.08567305233,19.868698308019,74.0791));
#701 = VECTOR('',#702,1.);
#702 = DIRECTION('',(1.,-2.22044604925E-16,0.));
#703 = PLANE('',#704);
#704 = AXIS2_PLACEMENT_3D('',#705,#706,#707);
#705 = CARTESIAN_POINT('',(-17.08567305233,22.225,74.0791));
#706 = DIRECTION('',(0.,2.22044604925E-16,1.));
#707 = DIRECTION('',(1.,0.,0.));
#708 = ADVANCED_FACE('',(#709),#736,.F.);
#709 = FACE_BOUND('',#710,.T.);
#710 = EDGE_LOOP('',(#711,#719,#720,#729));
#711 = ORIENTED_EDGE('',*,*,#712,.F.);
#712 = EDGE_CURVE('',#24,#713,#715,.T.);
#713 = VERTEX_POINT('',#714);
#714 = CARTESIAN_POINT('',(-20.26067305233,15.307510111658,71.42226));
#715 = ( BOUNDED_CURVE() B_SPLINE_CURVE(2,(#716,#717,#718),
.UNSPECIFIED.,.F.,.F.) B_SPLINE_CURVE_WITH_KNOTS((3,3),(0.,
5.518633886307),.PIECEWISE_BEZIER_KNOTS.) CURVE() 
GEOMETRIC_REPRESENTATION_ITEM() RATIONAL_B_SPLINE_CURVE((1.,
0.707106781187,1.)) REPRESENTATION_ITEM('') );
#716 = CARTESIAN_POINT('',(-17.08567305233,17.045850186097,74.0791));
#717 = CARTESIAN_POINT('',(-17.08567305233,15.307510111658,71.42226));
#718 = CARTESIAN_POINT('',(-20.26067305233,15.307510111658,71.42226));
#719 = ORIENTED_EDGE('',*,*,#31,.T.);
#720 = ORIENTED_EDGE('',*,*,#721,.T.);
#721 = EDGE_CURVE('',#32,#722,#724,.T.);
#722 = VERTEX_POINT('',#723);
#723 = CARTESIAN_POINT('',(-20.26067305233,15.307510111658,63.45174));
#724 = CIRCLE('',#725,3.175);
#725 = AXIS2_PLACEMENT_3D('',#726,#727,#728);
#726 = CARTESIAN_POINT('',(-20.26067305233,17.045850186097,60.7949));
#727 = DIRECTION('',(0.,-0.8368,-0.547508684863));
#728 = DIRECTION('',(0.,0.547508684863,-0.8368));
#729 = ORIENTED_EDGE('',*,*,#730,.F.);
#730 = EDGE_CURVE('',#713,#722,#731,.T.);
#731 = CIRCLE('',#732,4.7625);
#732 = AXIS2_PLACEMENT_3D('',#733,#734,#735);
#733 = CARTESIAN_POINT('',(-20.26067305233,12.7,67.437));
#734 = DIRECTION('',(-1.,0.,0.));
#735 = DIRECTION('',(0.,-1.,0.));
#736 = TOROIDAL_SURFACE('',#737,7.9375,3.175);
#737 = AXIS2_PLACEMENT_3D('',#738,#739,#740);
#738 = CARTESIAN_POINT('',(-20.26067305233,12.7,67.437));
#739 = DIRECTION('',(1.,0.,0.));
#740 = DIRECTION('',(0.,-1.,0.));
#741 = ADVANCED_FACE('',(#742),#761,.T.);
#742 = FACE_BOUND('',#743,.F.);
#743 = EDGE_LOOP('',(#744,#745,#753,#760));
#744 = ORIENTED_EDGE('',*,*,#48,.T.);
#745 = ORIENTED_EDGE('',*,*,#746,.T.);
#746 = EDGE_CURVE('',#41,#747,#749,.T.);
#747 = VERTEX_POINT('',#748);
#748 = CARTESIAN_POINT('',(-12.00567305233,22.225,60.7949));
#749 = LINE('',#750,#751);
#750 = CARTESIAN_POINT('',(-17.08567305233,22.225,60.7949));
#751 = VECTOR('',#752,1.);
#752 = DIRECTION('',(1.,0.,0.));
#753 = ORIENTED_EDGE('',*,*,#754,.F.);
#754 = EDGE_CURVE('',#118,#747,#755,.T.);
#755 = CIRCLE('',#756,15.875);
#756 = AXIS2_PLACEMENT_3D('',#757,#758,#759);
#757 = CARTESIAN_POINT('',(2.413,22.225,67.437));
#758 = DIRECTION('',(0.,-1.,2.22044604925E-16));
#759 = DIRECTION('',(1.,0.,0.));
#760 = ORIENTED_EDGE('',*,*,#125,.F.);
#761 = PLANE('',#762);
#762 = AXIS2_PLACEMENT_3D('',#763,#764,#765);
#763 = CARTESIAN_POINT('',(-14.83718279847,22.225,67.437));
#764 = DIRECTION('',(0.,1.,0.));
#765 = DIRECTION('',(0.,0.,1.));
#766 = ADVANCED_FACE('',(#767),#831,.F.);
#767 = FACE_BOUND('',#768,.F.);
#768 = EDGE_LOOP('',(#769,#770,#785,#793,#808,#816,#824,#830));
#769 = ORIENTED_EDGE('',*,*,#40,.T.);
#770 = ORIENTED_EDGE('',*,*,#771,.T.);
#771 = EDGE_CURVE('',#32,#772,#774,.T.);
#772 = VERTEX_POINT('',#773);
#773 = CARTESIAN_POINT('',(-17.08567305233,8.354149813903,60.7949));
#774 = ( BOUNDED_CURVE() B_SPLINE_CURVE(9,(#775,#776,#777,#778,#779,#780
    ,#781,#782,#783,#784),.UNSPECIFIED.,.F.,.F.) 
B_SPLINE_CURVE_WITH_KNOTS((10,10),(19.683435575928,25.202069462236),
.PIECEWISE_BEZIER_KNOTS.) CURVE() GEOMETRIC_REPRESENTATION_ITEM() 
RATIONAL_B_SPLINE_CURVE((1.,1.,1.,1.,1.,1.,1.,1.,1.,1.)) 
REPRESENTATION_ITEM('') );
#775 = CARTESIAN_POINT('',(-17.08567305233,17.045850186097,60.7949));
#776 = CARTESIAN_POINT('',(-17.08567305233,15.824568543762,60.7949));
#777 = CARTESIAN_POINT('',(-17.08567305233,14.834740454397,60.7949));
#778 = CARTESIAN_POINT('',(-17.08567305233,13.942893625486,60.7949));
#779 = CARTESIAN_POINT('',(-17.08567305233,13.110712466579,60.7949));
#780 = CARTESIAN_POINT('',(-17.08567305233,12.289287533421,60.7949));
#781 = CARTESIAN_POINT('',(-17.08567305233,11.457106374514,60.7949));
#782 = CARTESIAN_POINT('',(-17.08567305233,10.565259545603,60.7949));
#783 = CARTESIAN_POINT('',(-17.08567305233,9.575431456238,60.7949));
#784 = CARTESIAN_POINT('',(-17.08567305233,8.354149813903,60.7949));
#785 = ORIENTED_EDGE('',*,*,#786,.T.);
#786 = EDGE_CURVE('',#772,#787,#789,.T.);
#787 = VERTEX_POINT('',#788);
#788 = CARTESIAN_POINT('',(-17.08567305233,-8.354149813903,60.7949));
#789 = LINE('',#790,#791);
#790 = CARTESIAN_POINT('',(-17.08567305233,22.225,60.7949));
#791 = VECTOR('',#792,1.);
#792 = DIRECTION('',(0.,-1.,2.22044604925E-16));
#793 = ORIENTED_EDGE('',*,*,#794,.T.);
#794 = EDGE_CURVE('',#787,#795,#797,.T.);
#795 = VERTEX_POINT('',#796);
#796 = CARTESIAN_POINT('',(-17.08567305233,-17.04585018609,60.7949));
#797 = ( BOUNDED_CURVE() B_SPLINE_CURVE(9,(#798,#799,#800,#801,#802,#803
    ,#804,#805,#806,#807),.UNSPECIFIED.,.F.,.F.) 
B_SPLINE_CURVE_WITH_KNOTS((10,10),(19.683435575928,25.202069462236),
.PIECEWISE_BEZIER_KNOTS.) CURVE() GEOMETRIC_REPRESENTATION_ITEM() 
RATIONAL_B_SPLINE_CURVE((1.,1.,1.,1.,1.,1.,1.,1.,1.,1.)) 
REPRESENTATION_ITEM('') );
#798 = CARTESIAN_POINT('',(-17.08567305233,-8.354149813903,60.7949));
#799 = CARTESIAN_POINT('',(-17.08567305233,-9.575431456238,60.7949));
#800 = CARTESIAN_POINT('',(-17.08567305233,-10.5652595456,60.7949));
#801 = CARTESIAN_POINT('',(-17.08567305233,-11.45710637451,60.7949));
#802 = CARTESIAN_POINT('',(-17.08567305233,-12.28928753342,60.7949));
#803 = CARTESIAN_POINT('',(-17.08567305233,-13.11071246658,60.7949));
#804 = CARTESIAN_POINT('',(-17.08567305233,-13.94289362548,60.7949));
#805 = CARTESIAN_POINT('',(-17.08567305233,-14.83474045439,60.7949));
#806 = CARTESIAN_POINT('',(-17.08567305233,-15.82456854376,60.7949));
#807 = CARTESIAN_POINT('',(-17.08567305233,-17.04585018609,60.7949));
#808 = ORIENTED_EDGE('',*,*,#809,.T.);
#809 = EDGE_CURVE('',#795,#810,#812,.T.);
#810 = VERTEX_POINT('',#811);
#811 = CARTESIAN_POINT('',(-17.08567305233,-22.225,60.7949));
#812 = LINE('',#813,#814);
#813 = CARTESIAN_POINT('',(-17.08567305233,22.225,60.7949));
#814 = VECTOR('',#815,1.);
#815 = DIRECTION('',(0.,-1.,2.22044604925E-16));
#816 = ORIENTED_EDGE('',*,*,#817,.T.);
#817 = EDGE_CURVE('',#810,#818,#820,.T.);
#818 = VERTEX_POINT('',#819);
#819 = CARTESIAN_POINT('',(-12.00567305233,-22.225,60.7949));
#820 = LINE('',#821,#822);
#821 = CARTESIAN_POINT('',(-17.08567305233,-22.225,60.7949));
#822 = VECTOR('',#823,1.);
#823 = DIRECTION('',(1.,0.,0.));
#824 = ORIENTED_EDGE('',*,*,#825,.F.);
#825 = EDGE_CURVE('',#747,#818,#826,.T.);
#826 = LINE('',#827,#828);
#827 = CARTESIAN_POINT('',(-12.00567305233,22.225,60.7949));
#828 = VECTOR('',#829,1.);
#829 = DIRECTION('',(0.,-1.,2.22044604925E-16));
#830 = ORIENTED_EDGE('',*,*,#746,.F.);
#831 = PLANE('',#832);
#832 = AXIS2_PLACEMENT_3D('',#833,#834,#835);
#833 = CARTESIAN_POINT('',(-17.08567305233,22.225,60.7949));
#834 = DIRECTION('',(0.,2.22044604925E-16,1.));
#835 = DIRECTION('',(1.,0.,0.));
#836 = ADVANCED_FACE('',(#837),#863,.T.);
#837 = FACE_BOUND('',#838,.T.);
#838 = EDGE_LOOP('',(#839,#848,#849,#850));
#839 = ORIENTED_EDGE('',*,*,#840,.F.);
#840 = EDGE_CURVE('',#64,#841,#843,.T.);
#841 = VERTEX_POINT('',#842);
#842 = CARTESIAN_POINT('',(-20.26067305233,10.092489888342,71.42226));
#843 = CIRCLE('',#844,3.175);
#844 = AXIS2_PLACEMENT_3D('',#845,#846,#847);
#845 = CARTESIAN_POINT('',(-20.26067305233,8.354149813903,74.0791));
#846 = DIRECTION('',(-0.,0.8368,0.547508684863));
#847 = DIRECTION('',(0.,-0.547508684863,0.8368));
#848 = ORIENTED_EDGE('',*,*,#63,.T.);
#849 = ORIENTED_EDGE('',*,*,#712,.T.);
#850 = ORIENTED_EDGE('',*,*,#851,.F.);
#851 = EDGE_CURVE('',#841,#713,#852,.T.);
#852 = ( BOUNDED_CURVE() B_SPLINE_CURVE(9,(#853,#854,#855,#856,#857,#858
    ,#859,#860,#861,#862),.UNSPECIFIED.,.F.,.F.) 
B_SPLINE_CURVE_WITH_KNOTS((10,10),(4.721600563207,10.240234449514),
.PIECEWISE_BEZIER_KNOTS.) CURVE() GEOMETRIC_REPRESENTATION_ITEM() 
RATIONAL_B_SPLINE_CURVE((1.,1.,1.,1.,1.,1.,1.,1.,1.,1.)) 
REPRESENTATION_ITEM('') );
#853 = CARTESIAN_POINT('',(-20.26067305233,10.092489888342,71.42226));
#854 = CARTESIAN_POINT('',(-20.26067305233,10.60559982193,
    71.757981970517));
#855 = CARTESIAN_POINT('',(-20.10342566467,11.167338758662,
    72.019382747582));
#856 = CARTESIAN_POINT('',(-20.00098135567,11.76540191686,
    72.198410648864));
#857 = CARTESIAN_POINT('',(-19.91735718271,12.385931787276,
    72.289393879462));
#858 = CARTESIAN_POINT('',(-19.91735718271,13.014068212724,
    72.289393879462));
#859 = CARTESIAN_POINT('',(-20.00098135567,13.634598083141,
    72.198410648863));
#860 = CARTESIAN_POINT('',(-20.10342566467,14.232661241337,
    72.019382747582));
#861 = CARTESIAN_POINT('',(-20.26067305233,14.794400178071,
    71.757981970517));
#862 = CARTESIAN_POINT('',(-20.26067305233,15.307510111658,71.42226));
#863 = ( BOUNDED_SURFACE() B_SPLINE_SURFACE(2,9,(
    (#864,#865,#866,#867,#868,#869,#870,#871,#872,#873)
    ,(#874,#875,#876,#877,#878,#879,#880,#881,#882,#883)
    ,(#884,#885,#886,#887,#888,#889,#890,#891,#892,#893
)),.UNSPECIFIED.,.F.,.F.,.F.) B_SPLINE_SURFACE_WITH_KNOTS((3,3),(10,10),
  (0.,5.518633886307),(4.721600563207,10.240234449514),
.PIECEWISE_BEZIER_KNOTS.) GEOMETRIC_REPRESENTATION_ITEM() 
RATIONAL_B_SPLINE_SURFACE((
    (1.,1.,1.,1.,1.,1.,1.,1.,1.,1.)
    ,(0.707106781187,0.78156593879,0.816769243619,0.840716920674
      ,0.849446816312,0.849446816312,0.840716920674,0.816769243619
      ,0.78156593879,0.707106781187)
,(1.,1.,1.,1.,1.,1.,1.,1.,1.,1.))) REPRESENTATION_ITEM('') SURFACE() );
#864 = CARTESIAN_POINT('',(-20.26067305233,10.092489888342,71.42226));
#865 = CARTESIAN_POINT('',(-20.26067305233,10.60559982193,
    71.757981970517));
#866 = CARTESIAN_POINT('',(-20.10342566467,11.167338758662,
    72.019382747582));
#867 = CARTESIAN_POINT('',(-20.00098135567,11.76540191686,
    72.198410648864));
#868 = CARTESIAN_POINT('',(-19.91735718271,12.385931787276,
    72.289393879462));
#869 = CARTESIAN_POINT('',(-19.91735718271,13.014068212724,
    72.289393879462));
#870 = CARTESIAN_POINT('',(-20.00098135567,13.634598083141,
    72.198410648863));
#871 = CARTESIAN_POINT('',(-20.10342566467,14.232661241337,
    72.019382747582));
#872 = CARTESIAN_POINT('',(-20.26067305233,14.794400178071,
    71.757981970517));
#873 = CARTESIAN_POINT('',(-20.26067305233,15.307510111658,71.42226));
#874 = CARTESIAN_POINT('',(-17.08567305233,10.092489888342,71.42226));
#875 = CARTESIAN_POINT('',(-17.69063243875,10.556716251757,
    71.725998008738));
#876 = CARTESIAN_POINT('',(-17.8687182464,11.128448296565,
    72.007729463108));
#877 = CARTESIAN_POINT('',(-17.94075665901,11.729648602451,
    72.191780095145));
#878 = CARTESIAN_POINT('',(-17.95229754574,12.382988209868,
    72.293546467432));
#879 = CARTESIAN_POINT('',(-17.95229754574,13.017011790132,
    72.293546467432));
#880 = CARTESIAN_POINT('',(-17.94075665901,13.67035139755,
    72.191780095145));
#881 = CARTESIAN_POINT('',(-17.8687182464,14.271551703434,
    72.007729463109));
#882 = CARTESIAN_POINT('',(-17.69063243875,14.843283748243,
    71.725998008738));
#883 = CARTESIAN_POINT('',(-17.08567305233,15.307510111658,71.42226));
#884 = CARTESIAN_POINT('',(-17.08567305233,8.354149813903,74.0791));
#885 = CARTESIAN_POINT('',(-17.08567305233,9.575431456238,74.0791));
#886 = CARTESIAN_POINT('',(-17.08567305233,10.565259545603,74.0791));
#887 = CARTESIAN_POINT('',(-17.08567305233,11.457106374514,74.0791));
#888 = CARTESIAN_POINT('',(-17.08567305233,12.289287533421,74.0791));
#889 = CARTESIAN_POINT('',(-17.08567305233,13.110712466579,74.0791));
#890 = CARTESIAN_POINT('',(-17.08567305233,13.942893625486,74.0791));
#891 = CARTESIAN_POINT('',(-17.08567305233,14.834740454397,74.0791));
#892 = CARTESIAN_POINT('',(-17.08567305233,15.824568543762,74.0791));
#893 = CARTESIAN_POINT('',(-17.08567305233,17.045850186097,74.0791));
#894 = ADVANCED_FACE('',(#895),#922,.F.);
#895 = FACE_BOUND('',#896,.F.);
#896 = EDGE_LOOP('',(#897,#898,#905,#906,#915));
#897 = ORIENTED_EDGE('',*,*,#78,.T.);
#898 = ORIENTED_EDGE('',*,*,#899,.T.);
#899 = EDGE_CURVE('',#79,#787,#900,.T.);
#900 = CIRCLE('',#901,7.9375);
#901 = AXIS2_PLACEMENT_3D('',#902,#903,#904);
#902 = CARTESIAN_POINT('',(-17.08567305233,-12.7,67.437));
#903 = DIRECTION('',(-1.,-0.,0.));
#904 = DIRECTION('',(0.,-1.,-2.98390650188E-15));
#905 = ORIENTED_EDGE('',*,*,#786,.F.);
#906 = ORIENTED_EDGE('',*,*,#907,.T.);
#907 = EDGE_CURVE('',#772,#908,#910,.T.);
#908 = VERTEX_POINT('',#909);
#909 = CARTESIAN_POINT('',(-17.08567305233,4.7625,67.437));
#910 = CIRCLE('',#911,7.9375);
#911 = AXIS2_PLACEMENT_3D('',#912,#913,#914);
#912 = CARTESIAN_POINT('',(-17.08567305233,12.7,67.437));
#913 = DIRECTION('',(-1.,0.,0.));
#914 = DIRECTION('',(0.,-1.,0.));
#915 = ORIENTED_EDGE('',*,*,#916,.T.);
#916 = EDGE_CURVE('',#908,#64,#917,.T.);
#917 = CIRCLE('',#918,7.9375);
#918 = AXIS2_PLACEMENT_3D('',#919,#920,#921);
#919 = CARTESIAN_POINT('',(-17.08567305233,12.7,67.437));
#920 = DIRECTION('',(-1.,0.,0.));
#921 = DIRECTION('',(0.,-1.,0.));
#922 = PLANE('',#923);
#923 = AXIS2_PLACEMENT_3D('',#924,#925,#926);
#924 = CARTESIAN_POINT('',(-17.08567305233,22.225,74.0791));
#925 = DIRECTION('',(1.,0.,0.));
#926 = DIRECTION('',(0.,-2.22044604925E-16,-1.));
#927 = ADVANCED_FACE('',(#928),#940,.F.);
#928 = FACE_BOUND('',#929,.T.);
#929 = EDGE_LOOP('',(#930,#931,#938,#939));
#930 = ORIENTED_EDGE('',*,*,#117,.T.);
#931 = ORIENTED_EDGE('',*,*,#932,.T.);
#932 = EDGE_CURVE('',#110,#818,#933,.T.);
#933 = CIRCLE('',#934,15.875);
#934 = AXIS2_PLACEMENT_3D('',#935,#936,#937);
#935 = CARTESIAN_POINT('',(2.413,-22.225,67.437));
#936 = DIRECTION('',(0.,-1.,2.22044604925E-16));
#937 = DIRECTION('',(1.,0.,0.));
#938 = ORIENTED_EDGE('',*,*,#825,.F.);
#939 = ORIENTED_EDGE('',*,*,#754,.F.);
#940 = CYLINDRICAL_SURFACE('',#941,15.875);
#941 = AXIS2_PLACEMENT_3D('',#942,#943,#944);
#942 = CARTESIAN_POINT('',(2.413,22.225,67.437));
#943 = DIRECTION('',(0.,1.,-2.22044604925E-16));
#944 = DIRECTION('',(1.,0.,0.));
#945 = ADVANCED_FACE('',(#946),#979,.T.);
#946 = FACE_BOUND('',#947,.T.);
#947 = EDGE_LOOP('',(#948,#957,#958,#966));
#948 = ORIENTED_EDGE('',*,*,#949,.F.);
#949 = EDGE_CURVE('',#87,#950,#952,.T.);
#950 = VERTEX_POINT('',#951);
#951 = CARTESIAN_POINT('',(-20.26067305233,-15.30751011165,71.42226));
#952 = CIRCLE('',#953,3.175);
#953 = AXIS2_PLACEMENT_3D('',#954,#955,#956);
#954 = CARTESIAN_POINT('',(-20.26067305233,-17.04585018609,74.0791));
#955 = DIRECTION('',(-0.,0.8368,0.547508684863));
#956 = DIRECTION('',(0.,-0.547508684863,0.8368));
#957 = ORIENTED_EDGE('',*,*,#86,.T.);
#958 = ORIENTED_EDGE('',*,*,#959,.T.);
#959 = EDGE_CURVE('',#79,#960,#962,.T.);
#960 = VERTEX_POINT('',#961);
#961 = CARTESIAN_POINT('',(-20.26067305233,-10.09248988834,71.42226));
#962 = ( BOUNDED_CURVE() B_SPLINE_CURVE(2,(#963,#964,#965),
.UNSPECIFIED.,.F.,.F.) B_SPLINE_CURVE_WITH_KNOTS((3,3),(0.,
5.518633886307),.PIECEWISE_BEZIER_KNOTS.) CURVE() 
GEOMETRIC_REPRESENTATION_ITEM() RATIONAL_B_SPLINE_CURVE((1.,
0.707106781187,1.)) REPRESENTATION_ITEM('') );
#963 = CARTESIAN_POINT('',(-17.08567305233,-8.354149813903,74.0791));
#964 = CARTESIAN_POINT('',(-17.08567305233,-10.09248988834,71.42226));
#965 = CARTESIAN_POINT('',(-20.26067305233,-10.09248988834,71.42226));
#966 = ORIENTED_EDGE('',*,*,#967,.F.);
#967 = EDGE_CURVE('',#950,#960,#968,.T.);
#968 = ( BOUNDED_CURVE() B_SPLINE_CURVE(9,(#969,#970,#971,#972,#973,#974
    ,#975,#976,#977,#978),.UNSPECIFIED.,.F.,.F.) 
B_SPLINE_CURVE_WITH_KNOTS((10,10),(4.721600563207,10.240234449514),
.PIECEWISE_BEZIER_KNOTS.) CURVE() GEOMETRIC_REPRESENTATION_ITEM() 
RATIONAL_B_SPLINE_CURVE((1.,1.,1.,1.,1.,1.,1.,1.,1.,1.)) 
REPRESENTATION_ITEM('') );
#969 = CARTESIAN_POINT('',(-20.26067305233,-15.30751011165,71.42226));
#970 = CARTESIAN_POINT('',(-20.26067305233,-14.79440017807,
    71.757981970517));
#971 = CARTESIAN_POINT('',(-20.10342566467,-14.23266124133,
    72.019382747582));
#972 = CARTESIAN_POINT('',(-20.00098135567,-13.63459808314,
    72.198410648863));
#973 = CARTESIAN_POINT('',(-19.91735718271,-13.01406821272,
    72.289393879462));
#974 = CARTESIAN_POINT('',(-19.91735718271,-12.38593178727,
    72.289393879461));
#975 = CARTESIAN_POINT('',(-20.00098135567,-11.76540191686,
    72.198410648864));
#976 = CARTESIAN_POINT('',(-20.10342566467,-11.16733875866,
    72.019382747582));
#977 = CARTESIAN_POINT('',(-20.26067305233,-10.60559982193,
    71.757981970517));
#978 = CARTESIAN_POINT('',(-20.26067305233,-10.09248988834,71.42226));
#979 = ( BOUNDED_SURFACE() B_SPLINE_SURFACE(2,9,(
    (#980,#981,#982,#983,#984,#985,#986,#987,#988,#989)
    ,(#990,#991,#992,#993,#994,#995,#996,#997,#998,#999)
    ,(#1000,#1001,#1002,#1003,#1004,#1005,#1006,#1007,#1008,#1009
)),.UNSPECIFIED.,.F.,.F.,.F.) B_SPLINE_SURFACE_WITH_KNOTS((3,3),(10,10),
  (0.,5.518633886307),(4.721600563207,10.240234449514),
.PIECEWISE_BEZIER_KNOTS.) GEOMETRIC_REPRESENTATION_ITEM() 
RATIONAL_B_SPLINE_SURFACE((
    (1.,1.,1.,1.,1.,1.,1.,1.,1.,1.)
    ,(0.707106781187,0.78156593879,0.816769243619,0.840716920674
      ,0.849446816312,0.849446816312,0.840716920674,0.816769243619
      ,0.78156593879,0.707106781187)
,(1.,1.,1.,1.,1.,1.,1.,1.,1.,1.))) REPRESENTATION_ITEM('') SURFACE() );
#980 = CARTESIAN_POINT('',(-20.26067305233,-15.30751011165,71.42226));
#981 = CARTESIAN_POINT('',(-20.26067305233,-14.79440017807,
    71.757981970517));
#982 = CARTESIAN_POINT('',(-20.10342566467,-14.23266124133,
    72.019382747582));
#983 = CARTESIAN_POINT('',(-20.00098135567,-13.63459808314,
    72.198410648863));
#984 = CARTESIAN_POINT('',(-19.91735718271,-13.01406821272,
    72.289393879462));
#985 = CARTESIAN_POINT('',(-19.91735718271,-12.38593178727,
    72.289393879461));
#986 = CARTESIAN_POINT('',(-20.00098135567,-11.76540191686,
    72.198410648864));
#987 = CARTESIAN_POINT('',(-20.10342566467,-11.16733875866,
    72.019382747582));
#988 = CARTESIAN_POINT('',(-20.26067305233,-10.60559982193,
    71.757981970517));
#989 = CARTESIAN_POINT('',(-20.26067305233,-10.09248988834,71.42226));
#990 = CARTESIAN_POINT('',(-17.08567305233,-15.30751011165,71.42226));
#991 = CARTESIAN_POINT('',(-17.69063243875,-14.84328374824,
    71.725998008738));
#992 = CARTESIAN_POINT('',(-17.8687182464,-14.27155170343,
    72.007729463108));
#993 = CARTESIAN_POINT('',(-17.94075665901,-13.67035139754,
    72.191780095145));
#994 = CARTESIAN_POINT('',(-17.95229754574,-13.01701179013,
    72.293546467431));
#995 = CARTESIAN_POINT('',(-17.95229754574,-12.38298820986,
    72.293546467432));
#996 = CARTESIAN_POINT('',(-17.94075665901,-11.72964860245,
    72.191780095145));
#997 = CARTESIAN_POINT('',(-17.8687182464,-11.12844829656,
    72.007729463109));
#998 = CARTESIAN_POINT('',(-17.69063243876,-10.55671625175,
    71.725998008738));
#999 = CARTESIAN_POINT('',(-17.08567305233,-10.09248988834,71.42226));
#1000 = CARTESIAN_POINT('',(-17.08567305233,-17.04585018609,74.0791));
#1001 = CARTESIAN_POINT('',(-17.08567305233,-15.82456854376,74.0791));
#1002 = CARTESIAN_POINT('',(-17.08567305233,-14.83474045439,74.0791));
#1003 = CARTESIAN_POINT('',(-17.08567305233,-13.94289362548,74.0791));
#1004 = CARTESIAN_POINT('',(-17.08567305233,-13.11071246657,74.0791));
#1005 = CARTESIAN_POINT('',(-17.08567305233,-12.28928753342,74.0791));
#1006 = CARTESIAN_POINT('',(-17.08567305233,-11.45710637451,74.0791));
#1007 = CARTESIAN_POINT('',(-17.08567305233,-10.5652595456,74.0791));
#1008 = CARTESIAN_POINT('',(-17.08567305233,-9.575431456238,74.0791));
#1009 = CARTESIAN_POINT('',(-17.08567305233,-8.354149813903,74.0791));
#1010 = ADVANCED_FACE('',(#1011),#1022,.F.);
#1011 = FACE_BOUND('',#1012,.T.);
#1012 = EDGE_LOOP('',(#1013,#1019,#1020,#1021));
#1013 = ORIENTED_EDGE('',*,*,#1014,.T.);
#1014 = EDGE_CURVE('',#102,#810,#1015,.T.);
#1015 = LINE('',#1016,#1017);
#1016 = CARTESIAN_POINT('',(-17.08567305233,-22.225,74.0791));
#1017 = VECTOR('',#1018,1.);
#1018 = DIRECTION('',(0.,-2.22044604925E-16,-1.));
#1019 = ORIENTED_EDGE('',*,*,#817,.T.);
#1020 = ORIENTED_EDGE('',*,*,#932,.F.);
#1021 = ORIENTED_EDGE('',*,*,#109,.F.);
#1022 = PLANE('',#1023);
#1023 = AXIS2_PLACEMENT_3D('',#1024,#1025,#1026);
#1024 = CARTESIAN_POINT('',(-14.83718279847,-22.225,67.437));
#1025 = DIRECTION('',(0.,1.,0.));
#1026 = DIRECTION('',(0.,0.,1.));
#1027 = ADVANCED_FACE('',(#1028),#1049,.F.);
#1028 = FACE_BOUND('',#1029,.F.);
#1029 = EDGE_LOOP('',(#1030,#1031,#1032,#1033,#1042));
#1030 = ORIENTED_EDGE('',*,*,#101,.T.);
#1031 = ORIENTED_EDGE('',*,*,#1014,.T.);
#1032 = ORIENTED_EDGE('',*,*,#809,.F.);
#1033 = ORIENTED_EDGE('',*,*,#1034,.T.);
#1034 = EDGE_CURVE('',#795,#1035,#1037,.T.);
#1035 = VERTEX_POINT('',#1036);
#1036 = CARTESIAN_POINT('',(-17.08567305233,-20.6375,67.437));
#1037 = CIRCLE('',#1038,7.9375);
#1038 = AXIS2_PLACEMENT_3D('',#1039,#1040,#1041);
#1039 = CARTESIAN_POINT('',(-17.08567305233,-12.7,67.437));
#1040 = DIRECTION('',(-1.,-0.,0.));
#1041 = DIRECTION('',(0.,-1.,-2.98390650188E-15));
#1042 = ORIENTED_EDGE('',*,*,#1043,.T.);
#1043 = EDGE_CURVE('',#1035,#87,#1044,.T.);
#1044 = CIRCLE('',#1045,7.9375);
#1045 = AXIS2_PLACEMENT_3D('',#1046,#1047,#1048);
#1046 = CARTESIAN_POINT('',(-17.08567305233,-12.7,67.437));
#1047 = DIRECTION('',(-1.,-0.,0.));
#1048 = DIRECTION('',(0.,-1.,-2.98390650188E-15));
#1049 = PLANE('',#1050);
#1050 = AXIS2_PLACEMENT_3D('',#1051,#1052,#1053);
#1051 = CARTESIAN_POINT('',(-17.08567305233,22.225,74.0791));
#1052 = DIRECTION('',(1.,0.,0.));
#1053 = DIRECTION('',(0.,-2.22044604925E-16,-1.));
#1054 = ADVANCED_FACE('',(#1055),#1081,.F.);
#1055 = FACE_BOUND('',#1056,.F.);
#1056 = EDGE_LOOP('',(#1057,#1065,#1074,#1080));
#1057 = ORIENTED_EDGE('',*,*,#1058,.T.);
#1058 = EDGE_CURVE('',#134,#1059,#1061,.T.);
#1059 = VERTEX_POINT('',#1060);
#1060 = CARTESIAN_POINT('',(-14.02501193794,11.937126472327,73.0791));
#1061 = LINE('',#1062,#1063);
#1062 = CARTESIAN_POINT('',(-14.02501193794,11.937126472327,74.0791));
#1063 = VECTOR('',#1064,1.);
#1064 = DIRECTION('',(-0.,-0.,-1.));
#1065 = ORIENTED_EDGE('',*,*,#1066,.T.);
#1066 = EDGE_CURVE('',#1059,#1067,#1069,.T.);
#1067 = VERTEX_POINT('',#1068);
#1068 = CARTESIAN_POINT('',(-13.83328262387,11.903585542689,73.0791));
#1069 = B_SPLINE_CURVE_WITH_KNOTS('',3,(#1070,#1071,#1072,#1073),
  .UNSPECIFIED.,.F.,.F.,(4,4),(0.,1.),.PIECEWISE_BEZIER_KNOTS.);
#1070 = CARTESIAN_POINT('',(-14.02501193794,11.937126472327,73.0791));
#1071 = CARTESIAN_POINT('',(-13.93874154682,11.922774074528,73.0791));
#1072 = CARTESIAN_POINT('',(-13.87649582159,11.91325781077,73.0791));
#1073 = CARTESIAN_POINT('',(-13.83328262387,11.903585542689,73.0791));
#1074 = ORIENTED_EDGE('',*,*,#1075,.F.);
#1075 = EDGE_CURVE('',#136,#1067,#1076,.T.);
#1076 = LINE('',#1077,#1078);
#1077 = CARTESIAN_POINT('',(-13.83328262387,11.903585542689,74.0791));
#1078 = VECTOR('',#1079,1.);
#1079 = DIRECTION('',(-0.,-0.,-1.));
#1080 = ORIENTED_EDGE('',*,*,#133,.F.);
#1081 = SURFACE_OF_LINEAR_EXTRUSION('',#1082,#1087);
#1082 = B_SPLINE_CURVE_WITH_KNOTS('',3,(#1083,#1084,#1085,#1086),
  .UNSPECIFIED.,.F.,.F.,(4,4),(0.,1.),.PIECEWISE_BEZIER_KNOTS.);
#1083 = CARTESIAN_POINT('',(-14.02501193794,11.937126472327,74.0791));
#1084 = CARTESIAN_POINT('',(-13.93874154682,11.922774074528,74.0791));
#1085 = CARTESIAN_POINT('',(-13.87649582159,11.91325781077,74.0791));
#1086 = CARTESIAN_POINT('',(-13.83328262387,11.903585542689,74.0791));
#1087 = VECTOR('',#1088,1.);
#1088 = DIRECTION('',(0.,0.,1.));
#1089 = ADVANCED_FACE('',(#1090),#1109,.F.);
#1090 = FACE_BOUND('',#1091,.F.);
#1091 = EDGE_LOOP('',(#1092,#1093,#1102,#1108));
#1092 = ORIENTED_EDGE('',*,*,#1075,.T.);
#1093 = ORIENTED_EDGE('',*,*,#1094,.T.);
#1094 = EDGE_CURVE('',#1067,#1095,#1097,.T.);
#1095 = VERTEX_POINT('',#1096);
#1096 = CARTESIAN_POINT('',(-13.04249670602,11.783774221934,73.0791));
#1097 = B_SPLINE_CURVE_WITH_KNOTS('',3,(#1098,#1099,#1100,#1101),
  .UNSPECIFIED.,.F.,.F.,(4,4),(0.,1.),.PIECEWISE_BEZIER_KNOTS.);
#1098 = CARTESIAN_POINT('',(-13.83328262387,11.903585542689,73.0791));
#1099 = CARTESIAN_POINT('',(-13.46901252756,11.826987419654,73.0791));
#1100 = CARTESIAN_POINT('',(-13.18149655862,11.783774221934,73.0791));
#1101 = CARTESIAN_POINT('',(-13.04249670602,11.783774221934,73.0791));
#1102 = ORIENTED_EDGE('',*,*,#1103,.F.);
#1103 = EDGE_CURVE('',#171,#1095,#1104,.T.);
#1104 = LINE('',#1105,#1106);
#1105 = CARTESIAN_POINT('',(-13.04249670602,11.783774221934,74.0791));
#1106 = VECTOR('',#1107,1.);
#1107 = DIRECTION('',(-0.,-0.,-1.));
#1108 = ORIENTED_EDGE('',*,*,#179,.F.);
#1109 = SURFACE_OF_LINEAR_EXTRUSION('',#1110,#1115);
#1110 = B_SPLINE_CURVE_WITH_KNOTS('',3,(#1111,#1112,#1113,#1114),
  .UNSPECIFIED.,.F.,.F.,(4,4),(0.,1.),.PIECEWISE_BEZIER_KNOTS.);
#1111 = CARTESIAN_POINT('',(-13.83328262387,11.903585542689,74.0791));
#1112 = CARTESIAN_POINT('',(-13.46901252756,11.826987419654,74.0791));
#1113 = CARTESIAN_POINT('',(-13.18149655862,11.783774221934,74.0791));
#1114 = CARTESIAN_POINT('',(-13.04249670602,11.783774221934,74.0791));
#1115 = VECTOR('',#1116,1.);
#1116 = DIRECTION('',(0.,0.,1.));
#1117 = ADVANCED_FACE('',(#1118),#1137,.F.);
#1118 = FACE_BOUND('',#1119,.F.);
#1119 = EDGE_LOOP('',(#1120,#1121,#1130,#1136));
#1120 = ORIENTED_EDGE('',*,*,#1103,.T.);
#1121 = ORIENTED_EDGE('',*,*,#1122,.T.);
#1122 = EDGE_CURVE('',#1095,#1123,#1125,.T.);
#1123 = VERTEX_POINT('',#1124);
#1124 = CARTESIAN_POINT('',(-12.85076739195,11.985019799764,73.0791));
#1125 = B_SPLINE_CURVE_WITH_KNOTS('',3,(#1126,#1127,#1128,#1129),
  .UNSPECIFIED.,.F.,.F.,(4,4),(0.,1.),.PIECEWISE_BEZIER_KNOTS.);
#1126 = CARTESIAN_POINT('',(-13.04249670602,11.783774221934,73.0791));
#1127 = CARTESIAN_POINT('',(-12.93703778306,11.783774221934,73.0791));
#1128 = CARTESIAN_POINT('',(-12.85076739195,11.874880747091,73.0791));
#1129 = CARTESIAN_POINT('',(-12.85076739195,11.985019799764,73.0791));
#1130 = ORIENTED_EDGE('',*,*,#1131,.F.);
#1131 = EDGE_CURVE('',#162,#1123,#1132,.T.);
#1132 = LINE('',#1133,#1134);
#1133 = CARTESIAN_POINT('',(-12.85076739195,11.985019799764,74.0791));
#1134 = VECTOR('',#1135,1.);
#1135 = DIRECTION('',(-0.,-0.,-1.));
#1136 = ORIENTED_EDGE('',*,*,#170,.F.);
#1137 = SURFACE_OF_LINEAR_EXTRUSION('',#1138,#1143);
#1138 = B_SPLINE_CURVE_WITH_KNOTS('',3,(#1139,#1140,#1141,#1142),
  .UNSPECIFIED.,.F.,.F.,(4,4),(0.,1.),.PIECEWISE_BEZIER_KNOTS.);
#1139 = CARTESIAN_POINT('',(-13.04249670602,11.783774221934,74.0791));
#1140 = CARTESIAN_POINT('',(-12.93703778306,11.783774221934,74.0791));
#1141 = CARTESIAN_POINT('',(-12.85076739195,11.874880747091,74.0791));
#1142 = CARTESIAN_POINT('',(-12.85076739195,11.985019799764,74.0791));
#1143 = VECTOR('',#1144,1.);
#1144 = DIRECTION('',(0.,0.,1.));
#1145 = ADVANCED_FACE('',(#1146),#1165,.F.);
#1146 = FACE_BOUND('',#1147,.F.);
#1147 = EDGE_LOOP('',(#1148,#1149,#1158,#1164));
#1148 = ORIENTED_EDGE('',*,*,#1131,.T.);
#1149 = ORIENTED_EDGE('',*,*,#1150,.T.);
#1150 = EDGE_CURVE('',#1123,#1151,#1153,.T.);
#1151 = VERTEX_POINT('',#1152);
#1152 = CARTESIAN_POINT('',(-13.04733284006,12.191101511635,73.0791));
#1153 = B_SPLINE_CURVE_WITH_KNOTS('',3,(#1154,#1155,#1156,#1157),
  .UNSPECIFIED.,.F.,.F.,(4,4),(0.,1.),.PIECEWISE_BEZIER_KNOTS.);
#1154 = CARTESIAN_POINT('',(-12.85076739195,11.985019799764,73.0791));
#1155 = CARTESIAN_POINT('',(-12.85076739195,12.100150990802,73.0791));
#1156 = CARTESIAN_POINT('',(-12.93703778306,12.191101511635,73.0791));
#1157 = CARTESIAN_POINT('',(-13.04733284006,12.191101511635,73.0791));
#1158 = ORIENTED_EDGE('',*,*,#1159,.F.);
#1159 = EDGE_CURVE('',#153,#1151,#1160,.T.);
#1160 = LINE('',#1161,#1162);
#1161 = CARTESIAN_POINT('',(-13.04733284006,12.191101511635,74.0791));
#1162 = VECTOR('',#1163,1.);
#1163 = DIRECTION('',(-0.,-0.,-1.));
#1164 = ORIENTED_EDGE('',*,*,#161,.F.);
#1165 = SURFACE_OF_LINEAR_EXTRUSION('',#1166,#1171);
#1166 = B_SPLINE_CURVE_WITH_KNOTS('',3,(#1167,#1168,#1169,#1170),
  .UNSPECIFIED.,.F.,.F.,(4,4),(0.,1.),.PIECEWISE_BEZIER_KNOTS.);
#1167 = CARTESIAN_POINT('',(-12.85076739195,11.985019799764,74.0791));
#1168 = CARTESIAN_POINT('',(-12.85076739195,12.100150990802,74.0791));
#1169 = CARTESIAN_POINT('',(-12.93703778306,12.191101511635,74.0791));
#1170 = CARTESIAN_POINT('',(-13.04733284006,12.191101511635,74.0791));
#1171 = VECTOR('',#1172,1.);
#1172 = DIRECTION('',(0.,0.,1.));
#1173 = ADVANCED_FACE('',(#1174),#1193,.F.);
#1174 = FACE_BOUND('',#1175,.F.);
#1175 = EDGE_LOOP('',(#1176,#1177,#1186,#1192));
#1176 = ORIENTED_EDGE('',*,*,#1159,.T.);
#1177 = ORIENTED_EDGE('',*,*,#1178,.T.);
#1178 = EDGE_CURVE('',#1151,#1179,#1181,.T.);
#1179 = VERTEX_POINT('',#1180);
#1180 = CARTESIAN_POINT('',(-14.02501193794,12.037749261242,73.0791));
#1181 = B_SPLINE_CURVE_WITH_KNOTS('',3,(#1182,#1183,#1184,#1185),
  .UNSPECIFIED.,.F.,.F.,(4,4),(0.,1.),.PIECEWISE_BEZIER_KNOTS.);
#1182 = CARTESIAN_POINT('',(-13.04733284006,12.191101511635,73.0791));
#1183 = CARTESIAN_POINT('',(-13.12876709714,12.191101511635,73.0791));
#1184 = CARTESIAN_POINT('',(-13.56011905272,12.124019652359,73.0791));
#1185 = CARTESIAN_POINT('',(-14.02501193794,12.037749261242,73.0791));
#1186 = ORIENTED_EDGE('',*,*,#1187,.F.);
#1187 = EDGE_CURVE('',#145,#1179,#1188,.T.);
#1188 = LINE('',#1189,#1190);
#1189 = CARTESIAN_POINT('',(-14.02501193794,12.037749261242,74.0791));
#1190 = VECTOR('',#1191,1.);
#1191 = DIRECTION('',(-0.,-0.,-1.));
#1192 = ORIENTED_EDGE('',*,*,#152,.F.);
#1193 = SURFACE_OF_LINEAR_EXTRUSION('',#1194,#1199);
#1194 = B_SPLINE_CURVE_WITH_KNOTS('',3,(#1195,#1196,#1197,#1198),
  .UNSPECIFIED.,.F.,.F.,(4,4),(0.,1.),.PIECEWISE_BEZIER_KNOTS.);
#1195 = CARTESIAN_POINT('',(-13.04733284006,12.191101511635,74.0791));
#1196 = CARTESIAN_POINT('',(-13.12876709714,12.191101511635,74.0791));
#1197 = CARTESIAN_POINT('',(-13.56011905272,12.124019652359,74.0791));
#1198 = CARTESIAN_POINT('',(-14.02501193794,12.037749261242,74.0791));
#1199 = VECTOR('',#1200,1.);
#1200 = DIRECTION('',(0.,0.,1.));
#1201 = ADVANCED_FACE('',(#1202),#1213,.F.);
#1202 = FACE_BOUND('',#1203,.F.);
#1203 = EDGE_LOOP('',(#1204,#1205,#1211,#1212));
#1204 = ORIENTED_EDGE('',*,*,#1187,.T.);
#1205 = ORIENTED_EDGE('',*,*,#1206,.T.);
#1206 = EDGE_CURVE('',#1179,#1059,#1207,.T.);
#1207 = LINE('',#1208,#1209);
#1208 = CARTESIAN_POINT('',(-14.02501193794,12.037749261242,73.0791));
#1209 = VECTOR('',#1210,1.);
#1210 = DIRECTION('',(-2.22044604925E-16,-1.,0.));
#1211 = ORIENTED_EDGE('',*,*,#1058,.F.);
#1212 = ORIENTED_EDGE('',*,*,#144,.F.);
#1213 = PLANE('',#1214);
#1214 = AXIS2_PLACEMENT_3D('',#1215,#1216,#1217);
#1215 = CARTESIAN_POINT('',(-14.02501193794,12.037749261242,74.0791));
#1216 = DIRECTION('',(-1.,2.22044604925E-16,0.));
#1217 = DIRECTION('',(-2.22044604925E-16,-1.,0.));
#1218 = ADVANCED_FACE('',(#1219),#1245,.F.);
#1219 = FACE_BOUND('',#1220,.F.);
#1220 = EDGE_LOOP('',(#1221,#1229,#1238,#1244));
#1221 = ORIENTED_EDGE('',*,*,#1222,.T.);
#1222 = EDGE_CURVE('',#189,#1223,#1225,.T.);
#1223 = VERTEX_POINT('',#1224);
#1224 = CARTESIAN_POINT('',(-14.02501193794,12.747100922013,73.0791));
#1225 = LINE('',#1226,#1227);
#1226 = CARTESIAN_POINT('',(-14.02501193794,12.747100922013,74.0791));
#1227 = VECTOR('',#1228,1.);
#1228 = DIRECTION('',(-0.,-0.,-1.));
#1229 = ORIENTED_EDGE('',*,*,#1230,.T.);
#1230 = EDGE_CURVE('',#1223,#1231,#1233,.T.);
#1231 = VERTEX_POINT('',#1232);
#1232 = CARTESIAN_POINT('',(-13.83328262387,12.713559992374,73.0791));
#1233 = B_SPLINE_CURVE_WITH_KNOTS('',3,(#1234,#1235,#1236,#1237),
  .UNSPECIFIED.,.F.,.F.,(4,4),(0.,1.),.PIECEWISE_BEZIER_KNOTS.);
#1234 = CARTESIAN_POINT('',(-14.02501193794,12.747100922013,73.0791));
#1235 = CARTESIAN_POINT('',(-13.93874154682,12.732748524214,73.0791));
#1236 = CARTESIAN_POINT('',(-13.87649582159,12.723076256132,73.0791));
#1237 = CARTESIAN_POINT('',(-13.83328262387,12.713559992374,73.0791));
#1238 = ORIENTED_EDGE('',*,*,#1239,.F.);
#1239 = EDGE_CURVE('',#191,#1231,#1240,.T.);
#1240 = LINE('',#1241,#1242);
#1241 = CARTESIAN_POINT('',(-13.83328262387,12.713559992374,74.0791));
#1242 = VECTOR('',#1243,1.);
#1243 = DIRECTION('',(-0.,-0.,-1.));
#1244 = ORIENTED_EDGE('',*,*,#188,.F.);
#1245 = SURFACE_OF_LINEAR_EXTRUSION('',#1246,#1251);
#1246 = B_SPLINE_CURVE_WITH_KNOTS('',3,(#1247,#1248,#1249,#1250),
  .UNSPECIFIED.,.F.,.F.,(4,4),(0.,1.),.PIECEWISE_BEZIER_KNOTS.);
#1247 = CARTESIAN_POINT('',(-14.02501193794,12.747100922013,74.0791));
#1248 = CARTESIAN_POINT('',(-13.93874154682,12.732748524214,74.0791));
#1249 = CARTESIAN_POINT('',(-13.87649582159,12.723076256132,74.0791));
#1250 = CARTESIAN_POINT('',(-13.83328262387,12.713559992374,74.0791));
#1251 = VECTOR('',#1252,1.);
#1252 = DIRECTION('',(0.,0.,1.));
#1253 = ADVANCED_FACE('',(#1254),#1273,.F.);
#1254 = FACE_BOUND('',#1255,.F.);
#1255 = EDGE_LOOP('',(#1256,#1257,#1266,#1272));
#1256 = ORIENTED_EDGE('',*,*,#1239,.T.);
#1257 = ORIENTED_EDGE('',*,*,#1258,.T.);
#1258 = EDGE_CURVE('',#1231,#1259,#1261,.T.);
#1259 = VERTEX_POINT('',#1260);
#1260 = CARTESIAN_POINT('',(-13.04249670602,12.59374867162,73.0791));
#1261 = B_SPLINE_CURVE_WITH_KNOTS('',3,(#1262,#1263,#1264,#1265),
  .UNSPECIFIED.,.F.,.F.,(4,4),(0.,1.),.PIECEWISE_BEZIER_KNOTS.);
#1262 = CARTESIAN_POINT('',(-13.83328262387,12.713559992374,73.0791));
#1263 = CARTESIAN_POINT('',(-13.46901252756,12.636805865016,73.0791));
#1264 = CARTESIAN_POINT('',(-13.18149655862,12.59374867162,73.0791));
#1265 = CARTESIAN_POINT('',(-13.04249670602,12.59374867162,73.0791));
#1266 = ORIENTED_EDGE('',*,*,#1267,.F.);
#1267 = EDGE_CURVE('',#226,#1259,#1268,.T.);
#1268 = LINE('',#1269,#1270);
#1269 = CARTESIAN_POINT('',(-13.04249670602,12.59374867162,74.0791));
#1270 = VECTOR('',#1271,1.);
#1271 = DIRECTION('',(-0.,-0.,-1.));
#1272 = ORIENTED_EDGE('',*,*,#234,.F.);
#1273 = SURFACE_OF_LINEAR_EXTRUSION('',#1274,#1279);
#1274 = B_SPLINE_CURVE_WITH_KNOTS('',3,(#1275,#1276,#1277,#1278),
  .UNSPECIFIED.,.F.,.F.,(4,4),(0.,1.),.PIECEWISE_BEZIER_KNOTS.);
#1275 = CARTESIAN_POINT('',(-13.83328262387,12.713559992374,74.0791));
#1276 = CARTESIAN_POINT('',(-13.46901252756,12.636805865016,74.0791));
#1277 = CARTESIAN_POINT('',(-13.18149655862,12.59374867162,74.0791));
#1278 = CARTESIAN_POINT('',(-13.04249670602,12.59374867162,74.0791));
#1279 = VECTOR('',#1280,1.);
#1280 = DIRECTION('',(0.,0.,1.));
#1281 = ADVANCED_FACE('',(#1282),#1301,.F.);
#1282 = FACE_BOUND('',#1283,.F.);
#1283 = EDGE_LOOP('',(#1284,#1285,#1294,#1300));
#1284 = ORIENTED_EDGE('',*,*,#1267,.T.);
#1285 = ORIENTED_EDGE('',*,*,#1286,.T.);
#1286 = EDGE_CURVE('',#1259,#1287,#1289,.T.);
#1287 = VERTEX_POINT('',#1288);
#1288 = CARTESIAN_POINT('',(-12.85076739195,12.79499424945,73.0791));
#1289 = B_SPLINE_CURVE_WITH_KNOTS('',3,(#1290,#1291,#1292,#1293),
  .UNSPECIFIED.,.F.,.F.,(4,4),(0.,1.),.PIECEWISE_BEZIER_KNOTS.);
#1290 = CARTESIAN_POINT('',(-13.04249670602,12.59374867162,73.0791));
#1291 = CARTESIAN_POINT('',(-12.93703778306,12.59374867162,73.0791));
#1292 = CARTESIAN_POINT('',(-12.85076739195,12.684855196777,73.0791));
#1293 = CARTESIAN_POINT('',(-12.85076739195,12.79499424945,73.0791));
#1294 = ORIENTED_EDGE('',*,*,#1295,.F.);
#1295 = EDGE_CURVE('',#217,#1287,#1296,.T.);
#1296 = LINE('',#1297,#1298);
#1297 = CARTESIAN_POINT('',(-12.85076739195,12.79499424945,74.0791));
#1298 = VECTOR('',#1299,1.);
#1299 = DIRECTION('',(-0.,-0.,-1.));
#1300 = ORIENTED_EDGE('',*,*,#225,.F.);
#1301 = SURFACE_OF_LINEAR_EXTRUSION('',#1302,#1307);
#1302 = B_SPLINE_CURVE_WITH_KNOTS('',3,(#1303,#1304,#1305,#1306),
  .UNSPECIFIED.,.F.,.F.,(4,4),(0.,1.),.PIECEWISE_BEZIER_KNOTS.);
#1303 = CARTESIAN_POINT('',(-13.04249670602,12.59374867162,74.0791));
#1304 = CARTESIAN_POINT('',(-12.93703778306,12.59374867162,74.0791));
#1305 = CARTESIAN_POINT('',(-12.85076739195,12.684855196777,74.0791));
#1306 = CARTESIAN_POINT('',(-12.85076739195,12.79499424945,74.0791));
#1307 = VECTOR('',#1308,1.);
#1308 = DIRECTION('',(0.,0.,1.));
#1309 = ADVANCED_FACE('',(#1310),#1329,.F.);
#1310 = FACE_BOUND('',#1311,.F.);
#1311 = EDGE_LOOP('',(#1312,#1313,#1322,#1328));
#1312 = ORIENTED_EDGE('',*,*,#1295,.T.);
#1313 = ORIENTED_EDGE('',*,*,#1314,.T.);
#1314 = EDGE_CURVE('',#1287,#1315,#1317,.T.);
#1315 = VERTEX_POINT('',#1316);
#1316 = CARTESIAN_POINT('',(-13.04733284006,13.001075961321,73.0791));
#1317 = B_SPLINE_CURVE_WITH_KNOTS('',3,(#1318,#1319,#1320,#1321),
  .UNSPECIFIED.,.F.,.F.,(4,4),(0.,1.),.PIECEWISE_BEZIER_KNOTS.);
#1318 = CARTESIAN_POINT('',(-12.85076739195,12.79499424945,73.0791));
#1319 = CARTESIAN_POINT('',(-12.85076739195,12.909969436164,73.0791));
#1320 = CARTESIAN_POINT('',(-12.93703778306,13.001075961321,73.0791));
#1321 = CARTESIAN_POINT('',(-13.04733284006,13.001075961321,73.0791));
#1322 = ORIENTED_EDGE('',*,*,#1323,.F.);
#1323 = EDGE_CURVE('',#208,#1315,#1324,.T.);
#1324 = LINE('',#1325,#1326);
#1325 = CARTESIAN_POINT('',(-13.04733284006,13.001075961321,74.0791));
#1326 = VECTOR('',#1327,1.);
#1327 = DIRECTION('',(-0.,-0.,-1.));
#1328 = ORIENTED_EDGE('',*,*,#216,.F.);
#1329 = SURFACE_OF_LINEAR_EXTRUSION('',#1330,#1335);
#1330 = B_SPLINE_CURVE_WITH_KNOTS('',3,(#1331,#1332,#1333,#1334),
  .UNSPECIFIED.,.F.,.F.,(4,4),(0.,1.),.PIECEWISE_BEZIER_KNOTS.);
#1331 = CARTESIAN_POINT('',(-12.85076739195,12.79499424945,74.0791));
#1332 = CARTESIAN_POINT('',(-12.85076739195,12.909969436164,74.0791));
#1333 = CARTESIAN_POINT('',(-12.93703778306,13.001075961321,74.0791));
#1334 = CARTESIAN_POINT('',(-13.04733284006,13.001075961321,74.0791));
#1335 = VECTOR('',#1336,1.);
#1336 = DIRECTION('',(0.,0.,1.));
#1337 = ADVANCED_FACE('',(#1338),#1357,.F.);
#1338 = FACE_BOUND('',#1339,.F.);
#1339 = EDGE_LOOP('',(#1340,#1341,#1350,#1356));
#1340 = ORIENTED_EDGE('',*,*,#1323,.T.);
#1341 = ORIENTED_EDGE('',*,*,#1342,.T.);
#1342 = EDGE_CURVE('',#1315,#1343,#1345,.T.);
#1343 = VERTEX_POINT('',#1344);
#1344 = CARTESIAN_POINT('',(-14.02501193794,12.847723710928,73.0791));
#1345 = B_SPLINE_CURVE_WITH_KNOTS('',3,(#1346,#1347,#1348,#1349),
  .UNSPECIFIED.,.F.,.F.,(4,4),(0.,1.),.PIECEWISE_BEZIER_KNOTS.);
#1346 = CARTESIAN_POINT('',(-13.04733284006,13.001075961321,73.0791));
#1347 = CARTESIAN_POINT('',(-13.12876709714,13.001075961321,73.0791));
#1348 = CARTESIAN_POINT('',(-13.56011905272,12.933994102044,73.0791));
#1349 = CARTESIAN_POINT('',(-14.02501193794,12.847723710928,73.0791));
#1350 = ORIENTED_EDGE('',*,*,#1351,.F.);
#1351 = EDGE_CURVE('',#200,#1343,#1352,.T.);
#1352 = LINE('',#1353,#1354);
#1353 = CARTESIAN_POINT('',(-14.02501193794,12.847723710928,74.0791));
#1354 = VECTOR('',#1355,1.);
#1355 = DIRECTION('',(-0.,-0.,-1.));
#1356 = ORIENTED_EDGE('',*,*,#207,.F.);
#1357 = SURFACE_OF_LINEAR_EXTRUSION('',#1358,#1363);
#1358 = B_SPLINE_CURVE_WITH_KNOTS('',3,(#1359,#1360,#1361,#1362),
  .UNSPECIFIED.,.F.,.F.,(4,4),(0.,1.),.PIECEWISE_BEZIER_KNOTS.);
#1359 = CARTESIAN_POINT('',(-13.04733284006,13.001075961321,74.0791));
#1360 = CARTESIAN_POINT('',(-13.12876709714,13.001075961321,74.0791));
#1361 = CARTESIAN_POINT('',(-13.56011905272,12.933994102044,74.0791));
#1362 = CARTESIAN_POINT('',(-14.02501193794,12.847723710928,74.0791));
#1363 = VECTOR('',#1364,1.);
#1364 = DIRECTION('',(0.,0.,1.));
#1365 = ADVANCED_FACE('',(#1366),#1377,.F.);
#1366 = FACE_BOUND('',#1367,.F.);
#1367 = EDGE_LOOP('',(#1368,#1369,#1375,#1376));
#1368 = ORIENTED_EDGE('',*,*,#1351,.T.);
#1369 = ORIENTED_EDGE('',*,*,#1370,.T.);
#1370 = EDGE_CURVE('',#1343,#1223,#1371,.T.);
#1371 = LINE('',#1372,#1373);
#1372 = CARTESIAN_POINT('',(-14.02501193794,12.847723710928,73.0791));
#1373 = VECTOR('',#1374,1.);
#1374 = DIRECTION('',(-2.22044604925E-16,-1.,0.));
#1375 = ORIENTED_EDGE('',*,*,#1222,.F.);
#1376 = ORIENTED_EDGE('',*,*,#199,.F.);
#1377 = PLANE('',#1378);
#1378 = AXIS2_PLACEMENT_3D('',#1379,#1380,#1381);
#1379 = CARTESIAN_POINT('',(-14.02501193794,12.847723710928,74.0791));
#1380 = DIRECTION('',(-1.,2.22044604925E-16,0.));
#1381 = DIRECTION('',(-2.22044604925E-16,-1.,0.));
#1382 = ADVANCED_FACE('',(#1383),#1408,.F.);
#1383 = FACE_BOUND('',#1384,.F.);
#1384 = EDGE_LOOP('',(#1385,#1393,#1401,#1407));
#1385 = ORIENTED_EDGE('',*,*,#1386,.T.);
#1386 = EDGE_CURVE('',#244,#1387,#1389,.T.);
#1387 = VERTEX_POINT('',#1388);
#1388 = CARTESIAN_POINT('',(-13.28929554643,14.898868561557,73.0791));
#1389 = LINE('',#1390,#1391);
#1390 = CARTESIAN_POINT('',(-13.28929554643,14.898868561557,74.0791));
#1391 = VECTOR('',#1392,1.);
#1392 = DIRECTION('',(-0.,-0.,-1.));
#1393 = ORIENTED_EDGE('',*,*,#1394,.T.);
#1394 = EDGE_CURVE('',#1387,#1395,#1397,.T.);
#1395 = VERTEX_POINT('',#1396);
#1396 = CARTESIAN_POINT('',(-13.28929554643,13.959566527359,73.0791));
#1397 = LINE('',#1398,#1399);
#1398 = CARTESIAN_POINT('',(-13.28929554643,14.898868561557,73.0791));
#1399 = VECTOR('',#1400,1.);
#1400 = DIRECTION('',(-2.22044604925E-16,-1.,0.));
#1401 = ORIENTED_EDGE('',*,*,#1402,.F.);
#1402 = EDGE_CURVE('',#246,#1395,#1403,.T.);
#1403 = LINE('',#1404,#1405);
#1404 = CARTESIAN_POINT('',(-13.28929554643,13.959566527359,74.0791));
#1405 = VECTOR('',#1406,1.);
#1406 = DIRECTION('',(-0.,-0.,-1.));
#1407 = ORIENTED_EDGE('',*,*,#243,.F.);
#1408 = PLANE('',#1409);
#1409 = AXIS2_PLACEMENT_3D('',#1410,#1411,#1412);
#1410 = CARTESIAN_POINT('',(-13.28929554643,14.898868561557,74.0791));
#1411 = DIRECTION('',(-1.,2.22044604925E-16,0.));
#1412 = DIRECTION('',(-2.22044604925E-16,-1.,0.));
#1413 = ADVANCED_FACE('',(#1414),#1433,.F.);
#1414 = FACE_BOUND('',#1415,.F.);
#1415 = EDGE_LOOP('',(#1416,#1417,#1426,#1432));
#1416 = ORIENTED_EDGE('',*,*,#1402,.T.);
#1417 = ORIENTED_EDGE('',*,*,#1418,.T.);
#1418 = EDGE_CURVE('',#1395,#1419,#1421,.T.);
#1419 = VERTEX_POINT('',#1420);
#1420 = CARTESIAN_POINT('',(-13.24623835303,13.849427474686,73.0791));
#1421 = B_SPLINE_CURVE_WITH_KNOTS('',3,(#1422,#1423,#1424,#1425),
  .UNSPECIFIED.,.F.,.F.,(4,4),(0.,1.),.PIECEWISE_BEZIER_KNOTS.);
#1422 = CARTESIAN_POINT('',(-13.28929554643,13.959566527359,73.0791));
#1423 = CARTESIAN_POINT('',(-13.28929554643,13.878132270283,73.0791));
#1424 = CARTESIAN_POINT('',(-13.28461541671,13.863779872484,73.0791));
#1425 = CARTESIAN_POINT('',(-13.24623835303,13.849427474686,73.0791));
#1426 = ORIENTED_EDGE('',*,*,#1427,.F.);
#1427 = EDGE_CURVE('',#412,#1419,#1428,.T.);
#1428 = LINE('',#1429,#1430);
#1429 = CARTESIAN_POINT('',(-13.24623835303,13.849427474686,74.0791));
#1430 = VECTOR('',#1431,1.);
#1431 = DIRECTION('',(-0.,-0.,-1.));
#1432 = ORIENTED_EDGE('',*,*,#419,.F.);
#1433 = SURFACE_OF_LINEAR_EXTRUSION('',#1434,#1439);
#1434 = B_SPLINE_CURVE_WITH_KNOTS('',3,(#1435,#1436,#1437,#1438),
  .UNSPECIFIED.,.F.,.F.,(4,4),(0.,1.),.PIECEWISE_BEZIER_KNOTS.);
#1435 = CARTESIAN_POINT('',(-13.28929554643,13.959566527359,74.0791));
#1436 = CARTESIAN_POINT('',(-13.28929554643,13.878132270283,74.0791));
#1437 = CARTESIAN_POINT('',(-13.28461541671,13.863779872484,74.0791));
#1438 = CARTESIAN_POINT('',(-13.24623835303,13.849427474686,74.0791));
#1439 = VECTOR('',#1440,1.);
#1440 = DIRECTION('',(0.,0.,1.));
#1441 = ADVANCED_FACE('',(#1442),#1460,.F.);
#1442 = FACE_BOUND('',#1443,.F.);
#1443 = EDGE_LOOP('',(#1444,#1445,#1453,#1459));
#1444 = ORIENTED_EDGE('',*,*,#1427,.T.);
#1445 = ORIENTED_EDGE('',*,*,#1446,.T.);
#1446 = EDGE_CURVE('',#1419,#1447,#1449,.T.);
#1447 = VERTEX_POINT('',#1448);
#1448 = CARTESIAN_POINT('',(-12.81972253149,13.667214424371,73.0791));
#1449 = LINE('',#1450,#1451);
#1450 = CARTESIAN_POINT('',(-13.24623835303,13.849427474686,73.0791));
#1451 = VECTOR('',#1452,1.);
#1452 = DIRECTION('',(0.919596764583,-0.392863577554,0.));
#1453 = ORIENTED_EDGE('',*,*,#1454,.F.);
#1454 = EDGE_CURVE('',#404,#1447,#1455,.T.);
#1455 = LINE('',#1456,#1457);
#1456 = CARTESIAN_POINT('',(-12.81972253149,13.667214424371,74.0791));
#1457 = VECTOR('',#1458,1.);
#1458 = DIRECTION('',(-0.,-0.,-1.));
#1459 = ORIENTED_EDGE('',*,*,#411,.F.);
#1460 = PLANE('',#1461);
#1461 = AXIS2_PLACEMENT_3D('',#1462,#1463,#1464);
#1462 = CARTESIAN_POINT('',(-13.24623835303,13.849427474686,74.0791));
#1463 = DIRECTION('',(-0.392863577554,-0.919596764583,0.));
#1464 = DIRECTION('',(0.919596764583,-0.392863577554,0.));
#1465 = ADVANCED_FACE('',(#1466),#1484,.F.);
#1466 = FACE_BOUND('',#1467,.F.);
#1467 = EDGE_LOOP('',(#1468,#1469,#1477,#1483));
#1468 = ORIENTED_EDGE('',*,*,#1454,.T.);
#1469 = ORIENTED_EDGE('',*,*,#1470,.T.);
#1470 = EDGE_CURVE('',#1447,#1471,#1473,.T.);
#1471 = VERTEX_POINT('',#1472);
#1472 = CARTESIAN_POINT('',(-12.78618160185,13.710427622091,73.0791));
#1473 = LINE('',#1474,#1475);
#1474 = CARTESIAN_POINT('',(-12.81972253149,13.667214424371,73.0791));
#1475 = VECTOR('',#1476,1.);
#1476 = DIRECTION('',(0.613150559542,0.789966069735,0.));
#1477 = ORIENTED_EDGE('',*,*,#1478,.F.);
#1478 = EDGE_CURVE('',#395,#1471,#1479,.T.);
#1479 = LINE('',#1480,#1481);
#1480 = CARTESIAN_POINT('',(-12.78618160185,13.710427622091,74.0791));
#1481 = VECTOR('',#1482,1.);
#1482 = DIRECTION('',(-0.,-0.,-1.));
#1483 = ORIENTED_EDGE('',*,*,#403,.F.);
#1484 = PLANE('',#1485);
#1485 = AXIS2_PLACEMENT_3D('',#1486,#1487,#1488);
#1486 = CARTESIAN_POINT('',(-12.81972253149,13.667214424371,74.0791));
#1487 = DIRECTION('',(0.789966069735,-0.613150559542,0.));
#1488 = DIRECTION('',(0.613150559542,0.789966069735,0.));
#1489 = ADVANCED_FACE('',(#1490),#1509,.F.);
#1490 = FACE_BOUND('',#1491,.F.);
#1491 = EDGE_LOOP('',(#1492,#1493,#1502,#1508));
#1492 = ORIENTED_EDGE('',*,*,#1478,.T.);
#1493 = ORIENTED_EDGE('',*,*,#1494,.T.);
#1494 = EDGE_CURVE('',#1471,#1495,#1497,.T.);
#1495 = VERTEX_POINT('',#1496);
#1496 = CARTESIAN_POINT('',(-12.91067305233,13.930861731761,73.0791));
#1497 = B_SPLINE_CURVE_WITH_KNOTS('',3,(#1498,#1499,#1500,#1501),
  .UNSPECIFIED.,.F.,.F.,(4,4),(0.,1.),.PIECEWISE_BEZIER_KNOTS.);
#1498 = CARTESIAN_POINT('',(-12.78618160185,13.710427622091,73.0791));
#1499 = CARTESIAN_POINT('',(-12.88196825673,13.782345615409,73.0791));
#1500 = CARTESIAN_POINT('',(-12.91067305233,13.825402808805,73.0791));
#1501 = CARTESIAN_POINT('',(-12.91067305233,13.930861731761,73.0791));
#1502 = ORIENTED_EDGE('',*,*,#1503,.F.);
#1503 = EDGE_CURVE('',#387,#1495,#1504,.T.);
#1504 = LINE('',#1505,#1506);
#1505 = CARTESIAN_POINT('',(-12.91067305233,13.930861731761,74.0791));
#1506 = VECTOR('',#1507,1.);
#1507 = DIRECTION('',(-0.,-0.,-1.));
#1508 = ORIENTED_EDGE('',*,*,#394,.F.);
#1509 = SURFACE_OF_LINEAR_EXTRUSION('',#1510,#1515);
#1510 = B_SPLINE_CURVE_WITH_KNOTS('',3,(#1511,#1512,#1513,#1514),
  .UNSPECIFIED.,.F.,.F.,(4,4),(0.,1.),.PIECEWISE_BEZIER_KNOTS.);
#1511 = CARTESIAN_POINT('',(-12.78618160185,13.710427622091,74.0791));
#1512 = CARTESIAN_POINT('',(-12.88196825673,13.782345615409,74.0791));
#1513 = CARTESIAN_POINT('',(-12.91067305233,13.825402808805,74.0791));
#1514 = CARTESIAN_POINT('',(-12.91067305233,13.930861731761,74.0791));
#1515 = VECTOR('',#1516,1.);
#1516 = DIRECTION('',(0.,0.,1.));
#1517 = ADVANCED_FACE('',(#1518),#1536,.F.);
#1518 = FACE_BOUND('',#1519,.F.);
#1519 = EDGE_LOOP('',(#1520,#1521,#1529,#1535));
#1520 = ORIENTED_EDGE('',*,*,#1503,.T.);
#1521 = ORIENTED_EDGE('',*,*,#1522,.T.);
#1522 = EDGE_CURVE('',#1495,#1523,#1525,.T.);
#1523 = VERTEX_POINT('',#1524);
#1524 = CARTESIAN_POINT('',(-12.91067305233,14.932409491195,73.0791));
#1525 = LINE('',#1526,#1527);
#1526 = CARTESIAN_POINT('',(-12.91067305233,13.930861731761,73.0791));
#1527 = VECTOR('',#1528,1.);
#1528 = DIRECTION('',(2.22044604925E-16,1.,0.));
#1529 = ORIENTED_EDGE('',*,*,#1530,.F.);
#1530 = EDGE_CURVE('',#379,#1523,#1531,.T.);
#1531 = LINE('',#1532,#1533);
#1532 = CARTESIAN_POINT('',(-12.91067305233,14.932409491195,74.0791));
#1533 = VECTOR('',#1534,1.);
#1534 = DIRECTION('',(-0.,-0.,-1.));
#1535 = ORIENTED_EDGE('',*,*,#386,.F.);
#1536 = PLANE('',#1537);
#1537 = AXIS2_PLACEMENT_3D('',#1538,#1539,#1540);
#1538 = CARTESIAN_POINT('',(-12.91067305233,13.930861731761,74.0791));
#1539 = DIRECTION('',(1.,-2.22044604925E-16,0.));
#1540 = DIRECTION('',(2.22044604925E-16,1.,0.));
#1541 = ADVANCED_FACE('',(#1542),#1560,.F.);
#1542 = FACE_BOUND('',#1543,.F.);
#1543 = EDGE_LOOP('',(#1544,#1545,#1553,#1559));
#1544 = ORIENTED_EDGE('',*,*,#1530,.T.);
#1545 = ORIENTED_EDGE('',*,*,#1546,.T.);
#1546 = EDGE_CURVE('',#1523,#1547,#1549,.T.);
#1547 = VERTEX_POINT('',#1548);
#1548 = CARTESIAN_POINT('',(-14.04810057788,15.454867971934,73.0791));
#1549 = LINE('',#1550,#1551);
#1550 = CARTESIAN_POINT('',(-12.91067305233,14.932409491195,73.0791));
#1551 = VECTOR('',#1552,1.);
#1552 = DIRECTION('',(-0.908720288708,0.417405602371,0.));
#1553 = ORIENTED_EDGE('',*,*,#1554,.F.);
#1554 = EDGE_CURVE('',#370,#1547,#1555,.T.);
#1555 = LINE('',#1556,#1557);
#1556 = CARTESIAN_POINT('',(-14.04810057788,15.454867971934,74.0791));
#1557 = VECTOR('',#1558,1.);
#1558 = DIRECTION('',(-0.,-0.,-1.));
#1559 = ORIENTED_EDGE('',*,*,#378,.F.);
#1560 = PLANE('',#1561);
#1561 = AXIS2_PLACEMENT_3D('',#1562,#1563,#1564);
#1562 = CARTESIAN_POINT('',(-12.91067305233,14.932409491195,74.0791));
#1563 = DIRECTION('',(0.417405602371,0.908720288708,-0.));
#1564 = DIRECTION('',(-0.908720288708,0.417405602371,0.));
#1565 = ADVANCED_FACE('',(#1566),#1585,.F.);
#1566 = FACE_BOUND('',#1567,.F.);
#1567 = EDGE_LOOP('',(#1568,#1569,#1578,#1584));
#1568 = ORIENTED_EDGE('',*,*,#1554,.T.);
#1569 = ORIENTED_EDGE('',*,*,#1570,.T.);
#1570 = EDGE_CURVE('',#1547,#1571,#1573,.T.);
#1571 = VERTEX_POINT('',#1572);
#1572 = CARTESIAN_POINT('',(-14.07196923943,15.459548101651,73.0791));
#1573 = B_SPLINE_CURVE_WITH_KNOTS('',3,(#1574,#1575,#1576,#1577),
  .UNSPECIFIED.,.F.,.F.,(4,4),(0.,1.),.PIECEWISE_BEZIER_KNOTS.);
#1574 = CARTESIAN_POINT('',(-14.04810057788,15.454867971934,73.0791));
#1575 = CARTESIAN_POINT('',(-14.05761684163,15.459548101651,73.0791));
#1576 = CARTESIAN_POINT('',(-14.06245297568,15.459548101651,73.0791));
#1577 = CARTESIAN_POINT('',(-14.07196923943,15.459548101651,73.0791));
#1578 = ORIENTED_EDGE('',*,*,#1579,.F.);
#1579 = EDGE_CURVE('',#361,#1571,#1580,.T.);
#1580 = LINE('',#1581,#1582);
#1581 = CARTESIAN_POINT('',(-14.07196923943,15.459548101651,74.0791));
#1582 = VECTOR('',#1583,1.);
#1583 = DIRECTION('',(-0.,-0.,-1.));
#1584 = ORIENTED_EDGE('',*,*,#369,.F.);
#1585 = SURFACE_OF_LINEAR_EXTRUSION('',#1586,#1591);
#1586 = B_SPLINE_CURVE_WITH_KNOTS('',3,(#1587,#1588,#1589,#1590),
  .UNSPECIFIED.,.F.,.F.,(4,4),(0.,1.),.PIECEWISE_BEZIER_KNOTS.);
#1587 = CARTESIAN_POINT('',(-14.04810057788,15.454867971934,74.0791));
#1588 = CARTESIAN_POINT('',(-14.05761684163,15.459548101651,74.0791));
#1589 = CARTESIAN_POINT('',(-14.06245297568,15.459548101651,74.0791));
#1590 = CARTESIAN_POINT('',(-14.07196923943,15.459548101651,74.0791));
#1591 = VECTOR('',#1592,1.);
#1592 = DIRECTION('',(0.,0.,1.));
#1593 = ADVANCED_FACE('',(#1594),#1613,.F.);
#1594 = FACE_BOUND('',#1595,.F.);
#1595 = EDGE_LOOP('',(#1596,#1597,#1606,#1612));
#1596 = ORIENTED_EDGE('',*,*,#1579,.T.);
#1597 = ORIENTED_EDGE('',*,*,#1598,.T.);
#1598 = EDGE_CURVE('',#1571,#1599,#1601,.T.);
#1599 = VERTEX_POINT('',#1600);
#1600 = CARTESIAN_POINT('',(-14.11050230744,15.402138510456,73.0791));
#1601 = B_SPLINE_CURVE_WITH_KNOTS('',3,(#1602,#1603,#1604,#1605),
  .UNSPECIFIED.,.F.,.F.,(4,4),(0.,1.),.PIECEWISE_BEZIER_KNOTS.);
#1602 = CARTESIAN_POINT('',(-14.07196923943,15.459548101651,73.0791));
#1603 = CARTESIAN_POINT('',(-14.10083003935,15.459548101651,73.0791));
#1604 = CARTESIAN_POINT('',(-14.11050230744,15.440515574135,73.0791));
#1605 = CARTESIAN_POINT('',(-14.11050230744,15.402138510456,73.0791));
#1606 = ORIENTED_EDGE('',*,*,#1607,.F.);
#1607 = EDGE_CURVE('',#352,#1599,#1608,.T.);
#1608 = LINE('',#1609,#1610);
#1609 = CARTESIAN_POINT('',(-14.11050230744,15.402138510456,74.0791));
#1610 = VECTOR('',#1611,1.);
#1611 = DIRECTION('',(-0.,-0.,-1.));
#1612 = ORIENTED_EDGE('',*,*,#360,.F.);
#1613 = SURFACE_OF_LINEAR_EXTRUSION('',#1614,#1619);
#1614 = B_SPLINE_CURVE_WITH_KNOTS('',3,(#1615,#1616,#1617,#1618),
  .UNSPECIFIED.,.F.,.F.,(4,4),(0.,1.),.PIECEWISE_BEZIER_KNOTS.);
#1615 = CARTESIAN_POINT('',(-14.07196923943,15.459548101651,74.0791));
#1616 = CARTESIAN_POINT('',(-14.10083003935,15.459548101651,74.0791));
#1617 = CARTESIAN_POINT('',(-14.11050230744,15.440515574135,74.0791));
#1618 = CARTESIAN_POINT('',(-14.11050230744,15.402138510456,74.0791));
#1619 = VECTOR('',#1620,1.);
#1620 = DIRECTION('',(0.,0.,1.));
#1621 = ADVANCED_FACE('',(#1622),#1641,.F.);
#1622 = FACE_BOUND('',#1623,.F.);
#1623 = EDGE_LOOP('',(#1624,#1625,#1634,#1640));
#1624 = ORIENTED_EDGE('',*,*,#1607,.T.);
#1625 = ORIENTED_EDGE('',*,*,#1626,.T.);
#1626 = EDGE_CURVE('',#1599,#1627,#1629,.T.);
#1627 = VERTEX_POINT('',#1628);
#1628 = CARTESIAN_POINT('',(-14.20644496663,14.860491497877,73.0791));
#1629 = B_SPLINE_CURVE_WITH_KNOTS('',3,(#1630,#1631,#1632,#1633),
  .UNSPECIFIED.,.F.,.F.,(4,4),(0.,1.),.PIECEWISE_BEZIER_KNOTS.);
#1630 = CARTESIAN_POINT('',(-14.11050230744,15.402138510456,73.0791));
#1631 = CARTESIAN_POINT('',(-14.11050230744,15.248786260063,73.0791));
#1632 = CARTESIAN_POINT('',(-14.14404323707,15.061893080031,73.0791));
#1633 = CARTESIAN_POINT('',(-14.20644496663,14.860491497877,73.0791));
#1634 = ORIENTED_EDGE('',*,*,#1635,.F.);
#1635 = EDGE_CURVE('',#343,#1627,#1636,.T.);
#1636 = LINE('',#1637,#1638);
#1637 = CARTESIAN_POINT('',(-14.20644496663,14.860491497877,74.0791));
#1638 = VECTOR('',#1639,1.);
#1639 = DIRECTION('',(-0.,-0.,-1.));
#1640 = ORIENTED_EDGE('',*,*,#351,.F.);
#1641 = SURFACE_OF_LINEAR_EXTRUSION('',#1642,#1647);
#1642 = B_SPLINE_CURVE_WITH_KNOTS('',3,(#1643,#1644,#1645,#1646),
  .UNSPECIFIED.,.F.,.F.,(4,4),(0.,1.),.PIECEWISE_BEZIER_KNOTS.);
#1643 = CARTESIAN_POINT('',(-14.11050230744,15.402138510456,74.0791));
#1644 = CARTESIAN_POINT('',(-14.11050230744,15.248786260063,74.0791));
#1645 = CARTESIAN_POINT('',(-14.14404323707,15.061893080031,74.0791));
#1646 = CARTESIAN_POINT('',(-14.20644496663,14.860491497877,74.0791));
#1647 = VECTOR('',#1648,1.);
#1648 = DIRECTION('',(0.,0.,1.));
#1649 = ADVANCED_FACE('',(#1650),#1669,.F.);
#1650 = FACE_BOUND('',#1651,.F.);
#1651 = EDGE_LOOP('',(#1652,#1653,#1662,#1668));
#1652 = ORIENTED_EDGE('',*,*,#1635,.T.);
#1653 = ORIENTED_EDGE('',*,*,#1654,.T.);
#1654 = EDGE_CURVE('',#1627,#1655,#1657,.T.);
#1655 = VERTEX_POINT('',#1656);
#1656 = CARTESIAN_POINT('',(-15.1572913208,14.060189316274,73.0791));
#1657 = B_SPLINE_CURVE_WITH_KNOTS('',3,(#1658,#1659,#1660,#1661),
  .UNSPECIFIED.,.F.,.F.,(4,4),(0.,1.),.PIECEWISE_BEZIER_KNOTS.);
#1658 = CARTESIAN_POINT('',(-14.20644496663,14.860491497877,73.0791));
#1659 = CARTESIAN_POINT('',(-14.38413389156,14.309484225865,73.0791));
#1660 = CARTESIAN_POINT('',(-14.67711001184,14.060189316274,73.0791));
#1661 = CARTESIAN_POINT('',(-15.1572913208,14.060189316274,73.0791));
#1662 = ORIENTED_EDGE('',*,*,#1663,.F.);
#1663 = EDGE_CURVE('',#334,#1655,#1664,.T.);
#1664 = LINE('',#1665,#1666);
#1665 = CARTESIAN_POINT('',(-15.1572913208,14.060189316274,74.0791));
#1666 = VECTOR('',#1667,1.);
#1667 = DIRECTION('',(-0.,-0.,-1.));
#1668 = ORIENTED_EDGE('',*,*,#342,.F.);
#1669 = SURFACE_OF_LINEAR_EXTRUSION('',#1670,#1675);
#1670 = B_SPLINE_CURVE_WITH_KNOTS('',3,(#1671,#1672,#1673,#1674),
  .UNSPECIFIED.,.F.,.F.,(4,4),(0.,1.),.PIECEWISE_BEZIER_KNOTS.);
#1671 = CARTESIAN_POINT('',(-14.20644496663,14.860491497877,74.0791));
#1672 = CARTESIAN_POINT('',(-14.38413389156,14.309484225865,74.0791));
#1673 = CARTESIAN_POINT('',(-14.67711001184,14.060189316274,74.0791));
#1674 = CARTESIAN_POINT('',(-15.1572913208,14.060189316274,74.0791));
#1675 = VECTOR('',#1676,1.);
#1676 = DIRECTION('',(0.,0.,1.));
#1677 = ADVANCED_FACE('',(#1678),#1697,.F.);
#1678 = FACE_BOUND('',#1679,.F.);
#1679 = EDGE_LOOP('',(#1680,#1681,#1690,#1696));
#1680 = ORIENTED_EDGE('',*,*,#1663,.T.);
#1681 = ORIENTED_EDGE('',*,*,#1682,.T.);
#1682 = EDGE_CURVE('',#1655,#1683,#1685,.T.);
#1683 = VERTEX_POINT('',#1684);
#1684 = CARTESIAN_POINT('',(-15.97834207748,14.726327779324,73.0791));
#1685 = B_SPLINE_CURVE_WITH_KNOTS('',3,(#1686,#1687,#1688,#1689),
  .UNSPECIFIED.,.F.,.F.,(4,4),(0.,1.),.PIECEWISE_BEZIER_KNOTS.);
#1686 = CARTESIAN_POINT('',(-15.1572913208,14.060189316274,73.0791));
#1687 = CARTESIAN_POINT('',(-15.6181280936,14.060189316274,73.0791));
#1688 = CARTESIAN_POINT('',(-15.97834207748,14.34770528522,73.0791));
#1689 = CARTESIAN_POINT('',(-15.97834207748,14.726327779324,73.0791));
#1690 = ORIENTED_EDGE('',*,*,#1691,.F.);
#1691 = EDGE_CURVE('',#325,#1683,#1692,.T.);
#1692 = LINE('',#1693,#1694);
#1693 = CARTESIAN_POINT('',(-15.97834207748,14.726327779324,74.0791));
#1694 = VECTOR('',#1695,1.);
#1695 = DIRECTION('',(-0.,-0.,-1.));
#1696 = ORIENTED_EDGE('',*,*,#333,.F.);
#1697 = SURFACE_OF_LINEAR_EXTRUSION('',#1698,#1703);
#1698 = B_SPLINE_CURVE_WITH_KNOTS('',3,(#1699,#1700,#1701,#1702),
  .UNSPECIFIED.,.F.,.F.,(4,4),(0.,1.),.PIECEWISE_BEZIER_KNOTS.);
#1699 = CARTESIAN_POINT('',(-15.1572913208,14.060189316274,74.0791));
#1700 = CARTESIAN_POINT('',(-15.6181280936,14.060189316274,74.0791));
#1701 = CARTESIAN_POINT('',(-15.97834207748,14.34770528522,74.0791));
#1702 = CARTESIAN_POINT('',(-15.97834207748,14.726327779324,74.0791));
#1703 = VECTOR('',#1704,1.);
#1704 = DIRECTION('',(0.,0.,1.));
#1705 = ADVANCED_FACE('',(#1706),#1725,.F.);
#1706 = FACE_BOUND('',#1707,.F.);
#1707 = EDGE_LOOP('',(#1708,#1709,#1718,#1724));
#1708 = ORIENTED_EDGE('',*,*,#1691,.T.);
#1709 = ORIENTED_EDGE('',*,*,#1710,.T.);
#1710 = EDGE_CURVE('',#1683,#1711,#1713,.T.);
#1711 = VERTEX_POINT('',#1712);
#1712 = CARTESIAN_POINT('',(-15.83903021624,15.042704548192,73.0791));
#1713 = B_SPLINE_CURVE_WITH_KNOTS('',3,(#1714,#1715,#1716,#1717),
  .UNSPECIFIED.,.F.,.F.,(4,4),(0.,1.),.PIECEWISE_BEZIER_KNOTS.);
#1714 = CARTESIAN_POINT('',(-15.97834207748,14.726327779324,73.0791));
#1715 = CARTESIAN_POINT('',(-15.97834207748,14.822270438522,73.0791));
#1716 = CARTESIAN_POINT('',(-15.94464514352,14.898868561557,73.0791));
#1717 = CARTESIAN_POINT('',(-15.83903021624,15.042704548192,73.0791));
#1718 = ORIENTED_EDGE('',*,*,#1719,.F.);
#1719 = EDGE_CURVE('',#316,#1711,#1720,.T.);
#1720 = LINE('',#1721,#1722);
#1721 = CARTESIAN_POINT('',(-15.83903021624,15.042704548192,74.0791));
#1722 = VECTOR('',#1723,1.);
#1723 = DIRECTION('',(-0.,-0.,-1.));
#1724 = ORIENTED_EDGE('',*,*,#324,.F.);
#1725 = SURFACE_OF_LINEAR_EXTRUSION('',#1726,#1731);
#1726 = B_SPLINE_CURVE_WITH_KNOTS('',3,(#1727,#1728,#1729,#1730),
  .UNSPECIFIED.,.F.,.F.,(4,4),(0.,1.),.PIECEWISE_BEZIER_KNOTS.);
#1727 = CARTESIAN_POINT('',(-15.97834207748,14.726327779324,74.0791));
#1728 = CARTESIAN_POINT('',(-15.97834207748,14.822270438522,74.0791));
#1729 = CARTESIAN_POINT('',(-15.94464514352,14.898868561557,74.0791));
#1730 = CARTESIAN_POINT('',(-15.83903021624,15.042704548192,74.0791));
#1731 = VECTOR('',#1732,1.);
#1732 = DIRECTION('',(0.,0.,1.));
#1733 = ADVANCED_FACE('',(#1734),#1753,.F.);
#1734 = FACE_BOUND('',#1735,.F.);
#1735 = EDGE_LOOP('',(#1736,#1737,#1746,#1752));
#1736 = ORIENTED_EDGE('',*,*,#1719,.T.);
#1737 = ORIENTED_EDGE('',*,*,#1738,.T.);
#1738 = EDGE_CURVE('',#1711,#1739,#1741,.T.);
#1739 = VERTEX_POINT('',#1740);
#1740 = CARTESIAN_POINT('',(-15.68068582748,15.411654774214,73.0791));
#1741 = B_SPLINE_CURVE_WITH_KNOTS('',3,(#1742,#1743,#1744,#1745),
  .UNSPECIFIED.,.F.,.F.,(4,4),(0.,1.),.PIECEWISE_BEZIER_KNOTS.);
#1742 = CARTESIAN_POINT('',(-15.83903021624,15.042704548192,73.0791));
#1743 = CARTESIAN_POINT('',(-15.7238990252,15.196056798585,73.0791));
#1744 = CARTESIAN_POINT('',(-15.68068582748,15.301515721541,73.0791));
#1745 = CARTESIAN_POINT('',(-15.68068582748,15.411654774214,73.0791));
#1746 = ORIENTED_EDGE('',*,*,#1747,.F.);
#1747 = EDGE_CURVE('',#307,#1739,#1748,.T.);
#1748 = LINE('',#1749,#1750);
#1749 = CARTESIAN_POINT('',(-15.68068582748,15.411654774214,74.0791));
#1750 = VECTOR('',#1751,1.);
#1751 = DIRECTION('',(-0.,-0.,-1.));
#1752 = ORIENTED_EDGE('',*,*,#315,.F.);
#1753 = SURFACE_OF_LINEAR_EXTRUSION('',#1754,#1759);
#1754 = B_SPLINE_CURVE_WITH_KNOTS('',3,(#1755,#1756,#1757,#1758),
  .UNSPECIFIED.,.F.,.F.,(4,4),(0.,1.),.PIECEWISE_BEZIER_KNOTS.);
#1755 = CARTESIAN_POINT('',(-15.83903021624,15.042704548192,74.0791));
#1756 = CARTESIAN_POINT('',(-15.7238990252,15.196056798585,74.0791));
#1757 = CARTESIAN_POINT('',(-15.68068582748,15.301515721541,74.0791));
#1758 = CARTESIAN_POINT('',(-15.68068582748,15.411654774214,74.0791));
#1759 = VECTOR('',#1760,1.);
#1760 = DIRECTION('',(0.,0.,1.));
#1761 = ADVANCED_FACE('',(#1762),#1781,.F.);
#1762 = FACE_BOUND('',#1763,.F.);
#1763 = EDGE_LOOP('',(#1764,#1765,#1774,#1780));
#1764 = ORIENTED_EDGE('',*,*,#1747,.T.);
#1765 = ORIENTED_EDGE('',*,*,#1766,.T.);
#1766 = EDGE_CURVE('',#1739,#1767,#1769,.T.);
#1767 = VERTEX_POINT('',#1768);
#1768 = CARTESIAN_POINT('',(-15.85821874808,15.612900352044,73.0791));
#1769 = B_SPLINE_CURVE_WITH_KNOTS('',3,(#1770,#1771,#1772,#1773),
  .UNSPECIFIED.,.F.,.F.,(4,4),(0.,1.),.PIECEWISE_BEZIER_KNOTS.);
#1770 = CARTESIAN_POINT('',(-15.68068582748,15.411654774214,73.0791));
#1771 = CARTESIAN_POINT('',(-15.68068582748,15.545818492767,73.0791));
#1772 = CARTESIAN_POINT('',(-15.738251423,15.612900352044,73.0791));
#1773 = CARTESIAN_POINT('',(-15.85821874808,15.612900352044,73.0791));
#1774 = ORIENTED_EDGE('',*,*,#1775,.F.);
#1775 = EDGE_CURVE('',#298,#1767,#1776,.T.);
#1776 = LINE('',#1777,#1778);
#1777 = CARTESIAN_POINT('',(-15.85821874808,15.612900352044,74.0791));
#1778 = VECTOR('',#1779,1.);
#1779 = DIRECTION('',(-0.,-0.,-1.));
#1780 = ORIENTED_EDGE('',*,*,#306,.F.);
#1781 = SURFACE_OF_LINEAR_EXTRUSION('',#1782,#1787);
#1782 = B_SPLINE_CURVE_WITH_KNOTS('',3,(#1783,#1784,#1785,#1786),
  .UNSPECIFIED.,.F.,.F.,(4,4),(0.,1.),.PIECEWISE_BEZIER_KNOTS.);
#1783 = CARTESIAN_POINT('',(-15.68068582748,15.411654774214,74.0791));
#1784 = CARTESIAN_POINT('',(-15.68068582748,15.545818492767,74.0791));
#1785 = CARTESIAN_POINT('',(-15.738251423,15.612900352044,74.0791));
#1786 = CARTESIAN_POINT('',(-15.85821874808,15.612900352044,74.0791));
#1787 = VECTOR('',#1788,1.);
#1788 = DIRECTION('',(0.,0.,1.));
#1789 = ADVANCED_FACE('',(#1790),#1809,.F.);
#1790 = FACE_BOUND('',#1791,.F.);
#1791 = EDGE_LOOP('',(#1792,#1793,#1802,#1808));
#1792 = ORIENTED_EDGE('',*,*,#1775,.T.);
#1793 = ORIENTED_EDGE('',*,*,#1794,.T.);
#1794 = EDGE_CURVE('',#1767,#1795,#1797,.T.);
#1795 = VERTEX_POINT('',#1796);
#1796 = CARTESIAN_POINT('',(-16.15556298943,15.028352150393,73.0791));
#1797 = B_SPLINE_CURVE_WITH_KNOTS('',3,(#1798,#1799,#1800,#1801),
  .UNSPECIFIED.,.F.,.F.,(4,4),(0.,1.),.PIECEWISE_BEZIER_KNOTS.);
#1798 = CARTESIAN_POINT('',(-15.85821874808,15.612900352044,73.0791));
#1799 = CARTESIAN_POINT('',(-16.04058780272,15.612900352044,73.0791));
#1800 = CARTESIAN_POINT('',(-16.15556298943,15.392466242374,73.0791));
#1801 = CARTESIAN_POINT('',(-16.15556298943,15.028352150393,73.0791));
#1802 = ORIENTED_EDGE('',*,*,#1803,.F.);
#1803 = EDGE_CURVE('',#289,#1795,#1804,.T.);
#1804 = LINE('',#1805,#1806);
#1805 = CARTESIAN_POINT('',(-16.15556298943,15.028352150393,74.0791));
#1806 = VECTOR('',#1807,1.);
#1807 = DIRECTION('',(-0.,-0.,-1.));
#1808 = ORIENTED_EDGE('',*,*,#297,.F.);
#1809 = SURFACE_OF_LINEAR_EXTRUSION('',#1810,#1815);
#1810 = B_SPLINE_CURVE_WITH_KNOTS('',3,(#1811,#1812,#1813,#1814),
  .UNSPECIFIED.,.F.,.F.,(4,4),(0.,1.),.PIECEWISE_BEZIER_KNOTS.);
#1811 = CARTESIAN_POINT('',(-15.85821874808,15.612900352044,74.0791));
#1812 = CARTESIAN_POINT('',(-16.04058780272,15.612900352044,74.0791));
#1813 = CARTESIAN_POINT('',(-16.15556298943,15.392466242374,74.0791));
#1814 = CARTESIAN_POINT('',(-16.15556298943,15.028352150393,74.0791));
#1815 = VECTOR('',#1816,1.);
#1816 = DIRECTION('',(0.,0.,1.));
#1817 = ADVANCED_FACE('',(#1818),#1837,.F.);
#1818 = FACE_BOUND('',#1819,.F.);
#1819 = EDGE_LOOP('',(#1820,#1821,#1830,#1836));
#1820 = ORIENTED_EDGE('',*,*,#1803,.T.);
#1821 = ORIENTED_EDGE('',*,*,#1822,.T.);
#1822 = EDGE_CURVE('',#1795,#1823,#1825,.T.);
#1823 = VERTEX_POINT('',#1824);
#1824 = CARTESIAN_POINT('',(-15.78146462072,14.041000784434,73.0791));
#1825 = B_SPLINE_CURVE_WITH_KNOTS('',3,(#1826,#1827,#1828,#1829),
  .UNSPECIFIED.,.F.,.F.,(4,4),(0.,1.),.PIECEWISE_BEZIER_KNOTS.);
#1826 = CARTESIAN_POINT('',(-16.15556298943,15.028352150393,73.0791));
#1827 = CARTESIAN_POINT('',(-16.15556298943,14.63054112445,73.0791));
#1828 = CARTESIAN_POINT('',(-16.02623540492,14.285459559984,73.0791));
#1829 = CARTESIAN_POINT('',(-15.78146462072,14.041000784434,73.0791));
#1830 = ORIENTED_EDGE('',*,*,#1831,.F.);
#1831 = EDGE_CURVE('',#280,#1823,#1832,.T.);
#1832 = LINE('',#1833,#1834);
#1833 = CARTESIAN_POINT('',(-15.78146462072,14.041000784434,74.0791));
#1834 = VECTOR('',#1835,1.);
#1835 = DIRECTION('',(-0.,-0.,-1.));
#1836 = ORIENTED_EDGE('',*,*,#288,.F.);
#1837 = SURFACE_OF_LINEAR_EXTRUSION('',#1838,#1843);
#1838 = B_SPLINE_CURVE_WITH_KNOTS('',3,(#1839,#1840,#1841,#1842),
  .UNSPECIFIED.,.F.,.F.,(4,4),(0.,1.),.PIECEWISE_BEZIER_KNOTS.);
#1839 = CARTESIAN_POINT('',(-16.15556298943,15.028352150393,74.0791));
#1840 = CARTESIAN_POINT('',(-16.15556298943,14.63054112445,74.0791));
#1841 = CARTESIAN_POINT('',(-16.02623540492,14.285459559984,74.0791));
#1842 = CARTESIAN_POINT('',(-15.78146462072,14.041000784434,74.0791));
#1843 = VECTOR('',#1844,1.);
#1844 = DIRECTION('',(0.,0.,1.));
#1845 = ADVANCED_FACE('',(#1846),#1865,.F.);
#1846 = FACE_BOUND('',#1847,.F.);
#1847 = EDGE_LOOP('',(#1848,#1849,#1858,#1864));
#1848 = ORIENTED_EDGE('',*,*,#1831,.T.);
#1849 = ORIENTED_EDGE('',*,*,#1850,.T.);
#1850 = EDGE_CURVE('',#1823,#1851,#1853,.T.);
#1851 = VERTEX_POINT('',#1852);
#1852 = CARTESIAN_POINT('',(-14.92671693008,13.72478001989,73.0791));
#1853 = B_SPLINE_CURVE_WITH_KNOTS('',3,(#1854,#1855,#1856,#1857),
  .UNSPECIFIED.,.F.,.F.,(4,4),(0.,1.),.PIECEWISE_BEZIER_KNOTS.);
#1854 = CARTESIAN_POINT('',(-15.78146462072,14.041000784434,73.0791));
#1855 = CARTESIAN_POINT('',(-15.56539863212,13.825402808805,73.0791));
#1856 = CARTESIAN_POINT('',(-15.29161104368,13.72478001989,73.0791));
#1857 = CARTESIAN_POINT('',(-14.92671693008,13.72478001989,73.0791));
#1858 = ORIENTED_EDGE('',*,*,#1859,.F.);
#1859 = EDGE_CURVE('',#271,#1851,#1860,.T.);
#1860 = LINE('',#1861,#1862);
#1861 = CARTESIAN_POINT('',(-14.92671693008,13.72478001989,74.0791));
#1862 = VECTOR('',#1863,1.);
#1863 = DIRECTION('',(-0.,-0.,-1.));
#1864 = ORIENTED_EDGE('',*,*,#279,.F.);
#1865 = SURFACE_OF_LINEAR_EXTRUSION('',#1866,#1871);
#1866 = B_SPLINE_CURVE_WITH_KNOTS('',3,(#1867,#1868,#1869,#1870),
  .UNSPECIFIED.,.F.,.F.,(4,4),(0.,1.),.PIECEWISE_BEZIER_KNOTS.);
#1867 = CARTESIAN_POINT('',(-15.78146462072,14.041000784434,74.0791));
#1868 = CARTESIAN_POINT('',(-15.56539863212,13.825402808805,74.0791));
#1869 = CARTESIAN_POINT('',(-15.29161104368,13.72478001989,74.0791));
#1870 = CARTESIAN_POINT('',(-14.92671693008,13.72478001989,74.0791));
#1871 = VECTOR('',#1872,1.);
#1872 = DIRECTION('',(0.,0.,1.));
#1873 = ADVANCED_FACE('',(#1874),#1893,.F.);
#1874 = FACE_BOUND('',#1875,.F.);
#1875 = EDGE_LOOP('',(#1876,#1877,#1886,#1892));
#1876 = ORIENTED_EDGE('',*,*,#1859,.T.);
#1877 = ORIENTED_EDGE('',*,*,#1878,.T.);
#1878 = EDGE_CURVE('',#1851,#1879,#1881,.T.);
#1879 = VERTEX_POINT('',#1880);
#1880 = CARTESIAN_POINT('',(-14.12001857119,14.050673052516,73.0791));
#1881 = B_SPLINE_CURVE_WITH_KNOTS('',3,(#1882,#1883,#1884,#1885),
  .UNSPECIFIED.,.F.,.F.,(4,4),(0.,1.),.PIECEWISE_BEZIER_KNOTS.);
#1882 = CARTESIAN_POINT('',(-14.92671693008,13.72478001989,73.0791));
#1883 = CARTESIAN_POINT('',(-14.58101134832,13.72478001989,73.0791));
#1884 = CARTESIAN_POINT('',(-14.36010922568,13.815886545047,73.0791));
#1885 = CARTESIAN_POINT('',(-14.12001857119,14.050673052516,73.0791));
#1886 = ORIENTED_EDGE('',*,*,#1887,.F.);
#1887 = EDGE_CURVE('',#262,#1879,#1888,.T.);
#1888 = LINE('',#1889,#1890);
#1889 = CARTESIAN_POINT('',(-14.12001857119,14.050673052516,74.0791));
#1890 = VECTOR('',#1891,1.);
#1891 = DIRECTION('',(-0.,-0.,-1.));
#1892 = ORIENTED_EDGE('',*,*,#270,.F.);
#1893 = SURFACE_OF_LINEAR_EXTRUSION('',#1894,#1899);
#1894 = B_SPLINE_CURVE_WITH_KNOTS('',3,(#1895,#1896,#1897,#1898),
  .UNSPECIFIED.,.F.,.F.,(4,4),(0.,1.),.PIECEWISE_BEZIER_KNOTS.);
#1895 = CARTESIAN_POINT('',(-14.92671693008,13.72478001989,74.0791));
#1896 = CARTESIAN_POINT('',(-14.58101134832,13.72478001989,74.0791));
#1897 = CARTESIAN_POINT('',(-14.36010922568,13.815886545047,74.0791));
#1898 = CARTESIAN_POINT('',(-14.12001857119,14.050673052516,74.0791));
#1899 = VECTOR('',#1900,1.);
#1900 = DIRECTION('',(0.,0.,1.));
#1901 = ADVANCED_FACE('',(#1902),#1921,.F.);
#1902 = FACE_BOUND('',#1903,.F.);
#1903 = EDGE_LOOP('',(#1904,#1905,#1914,#1920));
#1904 = ORIENTED_EDGE('',*,*,#1887,.T.);
#1905 = ORIENTED_EDGE('',*,*,#1906,.T.);
#1906 = EDGE_CURVE('',#1879,#1907,#1909,.T.);
#1907 = VERTEX_POINT('',#1908);
#1908 = CARTESIAN_POINT('',(-13.69755886207,15.100114139387,73.0791));
#1909 = B_SPLINE_CURVE_WITH_KNOTS('',3,(#1910,#1911,#1912,#1913),
  .UNSPECIFIED.,.F.,.F.,(4,4),(0.,1.),.PIECEWISE_BEZIER_KNOTS.);
#1910 = CARTESIAN_POINT('',(-14.12001857119,14.050673052516,73.0791));
#1911 = CARTESIAN_POINT('',(-13.90878871663,14.261590898428,73.0791));
#1912 = CARTESIAN_POINT('',(-13.79833765531,14.534754469575,73.0791));
#1913 = CARTESIAN_POINT('',(-13.69755886207,15.100114139387,73.0791));
#1914 = ORIENTED_EDGE('',*,*,#1915,.F.);
#1915 = EDGE_CURVE('',#254,#1907,#1916,.T.);
#1916 = LINE('',#1917,#1918);
#1917 = CARTESIAN_POINT('',(-13.69755886207,15.100114139387,74.0791));
#1918 = VECTOR('',#1919,1.);
#1919 = DIRECTION('',(-0.,-0.,-1.));
#1920 = ORIENTED_EDGE('',*,*,#261,.F.);
#1921 = SURFACE_OF_LINEAR_EXTRUSION('',#1922,#1927);
#1922 = B_SPLINE_CURVE_WITH_KNOTS('',3,(#1923,#1924,#1925,#1926),
  .UNSPECIFIED.,.F.,.F.,(4,4),(0.,1.),.PIECEWISE_BEZIER_KNOTS.);
#1923 = CARTESIAN_POINT('',(-14.12001857119,14.050673052516,74.0791));
#1924 = CARTESIAN_POINT('',(-13.90878871663,14.261590898428,74.0791));
#1925 = CARTESIAN_POINT('',(-13.79833765531,14.534754469575,74.0791));
#1926 = CARTESIAN_POINT('',(-13.69755886207,15.100114139387,74.0791));
#1927 = VECTOR('',#1928,1.);
#1928 = DIRECTION('',(0.,0.,1.));
#1929 = ADVANCED_FACE('',(#1930),#1941,.F.);
#1930 = FACE_BOUND('',#1931,.F.);
#1931 = EDGE_LOOP('',(#1932,#1933,#1939,#1940));
#1932 = ORIENTED_EDGE('',*,*,#1915,.T.);
#1933 = ORIENTED_EDGE('',*,*,#1934,.T.);
#1934 = EDGE_CURVE('',#1907,#1387,#1935,.T.);
#1935 = LINE('',#1936,#1937);
#1936 = CARTESIAN_POINT('',(-13.69755886207,15.100114139387,73.0791));
#1937 = VECTOR('',#1938,1.);
#1938 = DIRECTION('',(0.896949078742,-0.442133859984,0.));
#1939 = ORIENTED_EDGE('',*,*,#1386,.F.);
#1940 = ORIENTED_EDGE('',*,*,#253,.F.);
#1941 = PLANE('',#1942);
#1942 = AXIS2_PLACEMENT_3D('',#1943,#1944,#1945);
#1943 = CARTESIAN_POINT('',(-13.69755886207,15.100114139387,74.0791));
#1944 = DIRECTION('',(-0.442133859984,-0.896949078742,0.));
#1945 = DIRECTION('',(0.896949078742,-0.442133859984,0.));
#1946 = ADVANCED_FACE('',(#1947),#1973,.F.);
#1947 = FACE_BOUND('',#1948,.F.);
#1948 = EDGE_LOOP('',(#1949,#1957,#1966,#1972));
#1949 = ORIENTED_EDGE('',*,*,#1950,.T.);
#1950 = EDGE_CURVE('',#429,#1951,#1953,.T.);
#1951 = VERTEX_POINT('',#1952);
#1952 = CARTESIAN_POINT('',(-15.6037756958,18.761691625629,73.0791));
#1953 = LINE('',#1954,#1955);
#1954 = CARTESIAN_POINT('',(-15.6037756958,18.761691625629,74.0791));
#1955 = VECTOR('',#1956,1.);
#1956 = DIRECTION('',(-0.,-0.,-1.));
#1957 = ORIENTED_EDGE('',*,*,#1958,.T.);
#1958 = EDGE_CURVE('',#1951,#1959,#1961,.T.);
#1959 = VERTEX_POINT('',#1960);
#1960 = CARTESIAN_POINT('',(-15.87693926695,19.025182928695,73.0791));
#1961 = B_SPLINE_CURVE_WITH_KNOTS('',3,(#1962,#1963,#1964,#1965),
  .UNSPECIFIED.,.F.,.F.,(4,4),(0.,1.),.PIECEWISE_BEZIER_KNOTS.);
#1962 = CARTESIAN_POINT('',(-15.6037756958,18.761691625629,73.0791));
#1963 = CARTESIAN_POINT('',(-15.6037756958,18.90537160794,73.0791));
#1964 = CARTESIAN_POINT('',(-15.72358701656,19.025182928695,73.0791));
#1965 = CARTESIAN_POINT('',(-15.87693926695,19.025182928695,73.0791));
#1966 = ORIENTED_EDGE('',*,*,#1967,.F.);
#1967 = EDGE_CURVE('',#431,#1959,#1968,.T.);
#1968 = LINE('',#1969,#1970);
#1969 = CARTESIAN_POINT('',(-15.87693926695,19.025182928695,74.0791));
#1970 = VECTOR('',#1971,1.);
#1971 = DIRECTION('',(-0.,-0.,-1.));
#1972 = ORIENTED_EDGE('',*,*,#428,.F.);
#1973 = SURFACE_OF_LINEAR_EXTRUSION('',#1974,#1979);
#1974 = B_SPLINE_CURVE_WITH_KNOTS('',3,(#1975,#1976,#1977,#1978),
  .UNSPECIFIED.,.F.,.F.,(4,4),(0.,1.),.PIECEWISE_BEZIER_KNOTS.);
#1975 = CARTESIAN_POINT('',(-15.6037756958,18.761691625629,74.0791));
#1976 = CARTESIAN_POINT('',(-15.6037756958,18.90537160794,74.0791));
#1977 = CARTESIAN_POINT('',(-15.72358701656,19.025182928695,74.0791));
#1978 = CARTESIAN_POINT('',(-15.87693926695,19.025182928695,74.0791));
#1979 = VECTOR('',#1980,1.);
#1980 = DIRECTION('',(0.,0.,1.));
#1981 = ADVANCED_FACE('',(#1982),#2001,.F.);
#1982 = FACE_BOUND('',#1983,.F.);
#1983 = EDGE_LOOP('',(#1984,#1985,#1994,#2000));
#1984 = ORIENTED_EDGE('',*,*,#1967,.T.);
#1985 = ORIENTED_EDGE('',*,*,#1986,.T.);
#1986 = EDGE_CURVE('',#1959,#1987,#1989,.T.);
#1987 = VERTEX_POINT('',#1988);
#1988 = CARTESIAN_POINT('',(-16.13559443597,18.766371755346,73.0791));
#1989 = B_SPLINE_CURVE_WITH_KNOTS('',3,(#1990,#1991,#1992,#1993),
  .UNSPECIFIED.,.F.,.F.,(4,4),(0.,1.),.PIECEWISE_BEZIER_KNOTS.);
#1990 = CARTESIAN_POINT('',(-15.87693926695,19.025182928695,73.0791));
#1991 = CARTESIAN_POINT('',(-16.01593911954,19.025182928695,73.0791));
#1992 = CARTESIAN_POINT('',(-16.13559443597,18.90537160794,73.0791));
#1993 = CARTESIAN_POINT('',(-16.13559443597,18.766371755346,73.0791));
#1994 = ORIENTED_EDGE('',*,*,#1995,.F.);
#1995 = EDGE_CURVE('',#449,#1987,#1996,.T.);
#1996 = LINE('',#1997,#1998);
#1997 = CARTESIAN_POINT('',(-16.13559443597,18.766371755346,74.0791));
#1998 = VECTOR('',#1999,1.);
#1999 = DIRECTION('',(-0.,-0.,-1.));
#2000 = ORIENTED_EDGE('',*,*,#457,.F.);
#2001 = SURFACE_OF_LINEAR_EXTRUSION('',#2002,#2007);
#2002 = B_SPLINE_CURVE_WITH_KNOTS('',3,(#2003,#2004,#2005,#2006),
  .UNSPECIFIED.,.F.,.F.,(4,4),(0.,1.),.PIECEWISE_BEZIER_KNOTS.);
#2003 = CARTESIAN_POINT('',(-15.87693926695,19.025182928695,74.0791));
#2004 = CARTESIAN_POINT('',(-16.01593911954,19.025182928695,74.0791));
#2005 = CARTESIAN_POINT('',(-16.13559443597,18.90537160794,74.0791));
#2006 = CARTESIAN_POINT('',(-16.13559443597,18.766371755346,74.0791));
#2007 = VECTOR('',#2008,1.);
#2008 = DIRECTION('',(0.,0.,1.));
#2009 = ADVANCED_FACE('',(#2010),#2029,.F.);
#2010 = FACE_BOUND('',#2011,.F.);
#2011 = EDGE_LOOP('',(#2012,#2013,#2022,#2028));
#2012 = ORIENTED_EDGE('',*,*,#1995,.T.);
#2013 = ORIENTED_EDGE('',*,*,#2014,.T.);
#2014 = EDGE_CURVE('',#1987,#2015,#2017,.T.);
#2015 = VERTEX_POINT('',#2016);
#2016 = CARTESIAN_POINT('',(-15.87693926695,18.493208184198,73.0791));
#2017 = B_SPLINE_CURVE_WITH_KNOTS('',3,(#2018,#2019,#2020,#2021),
  .UNSPECIFIED.,.F.,.F.,(4,4),(0.,1.),.PIECEWISE_BEZIER_KNOTS.);
#2018 = CARTESIAN_POINT('',(-16.13559443597,18.766371755346,73.0791));
#2019 = CARTESIAN_POINT('',(-16.13559443597,18.617855638994,73.0791));
#2020 = CARTESIAN_POINT('',(-16.02061924926,18.493208184198,73.0791));
#2021 = CARTESIAN_POINT('',(-15.87693926695,18.493208184198,73.0791));
#2022 = ORIENTED_EDGE('',*,*,#2023,.F.);
#2023 = EDGE_CURVE('',#440,#2015,#2024,.T.);
#2024 = LINE('',#2025,#2026);
#2025 = CARTESIAN_POINT('',(-15.87693926695,18.493208184198,74.0791));
#2026 = VECTOR('',#2027,1.);
#2027 = DIRECTION('',(-0.,-0.,-1.));
#2028 = ORIENTED_EDGE('',*,*,#448,.F.);
#2029 = SURFACE_OF_LINEAR_EXTRUSION('',#2030,#2035);
#2030 = B_SPLINE_CURVE_WITH_KNOTS('',3,(#2031,#2032,#2033,#2034),
  .UNSPECIFIED.,.F.,.F.,(4,4),(0.,1.),.PIECEWISE_BEZIER_KNOTS.);
#2031 = CARTESIAN_POINT('',(-16.13559443597,18.766371755346,74.0791));
#2032 = CARTESIAN_POINT('',(-16.13559443597,18.617855638994,74.0791));
#2033 = CARTESIAN_POINT('',(-16.02061924926,18.493208184198,74.0791));
#2034 = CARTESIAN_POINT('',(-15.87693926695,18.493208184198,74.0791));
#2035 = VECTOR('',#2036,1.);
#2036 = DIRECTION('',(0.,0.,1.));
#2037 = ADVANCED_FACE('',(#2038),#2050,.F.);
#2038 = FACE_BOUND('',#2039,.F.);
#2039 = EDGE_LOOP('',(#2040,#2041,#2048,#2049));
#2040 = ORIENTED_EDGE('',*,*,#2023,.T.);
#2041 = ORIENTED_EDGE('',*,*,#2042,.T.);
#2042 = EDGE_CURVE('',#2015,#1951,#2043,.T.);
#2043 = B_SPLINE_CURVE_WITH_KNOTS('',3,(#2044,#2045,#2046,#2047),
  .UNSPECIFIED.,.F.,.F.,(4,4),(0.,1.),.PIECEWISE_BEZIER_KNOTS.);
#2044 = CARTESIAN_POINT('',(-15.87693926695,18.493208184198,73.0791));
#2045 = CARTESIAN_POINT('',(-15.72826714627,18.493208184198,73.0791));
#2046 = CARTESIAN_POINT('',(-15.6037756958,18.617855638994,73.0791));
#2047 = CARTESIAN_POINT('',(-15.6037756958,18.761691625629,73.0791));
#2048 = ORIENTED_EDGE('',*,*,#1950,.F.);
#2049 = ORIENTED_EDGE('',*,*,#439,.F.);
#2050 = SURFACE_OF_LINEAR_EXTRUSION('',#2051,#2056);
#2051 = B_SPLINE_CURVE_WITH_KNOTS('',3,(#2052,#2053,#2054,#2055),
  .UNSPECIFIED.,.F.,.F.,(4,4),(0.,1.),.PIECEWISE_BEZIER_KNOTS.);
#2052 = CARTESIAN_POINT('',(-15.87693926695,18.493208184198,74.0791));
#2053 = CARTESIAN_POINT('',(-15.72826714627,18.493208184198,74.0791));
#2054 = CARTESIAN_POINT('',(-15.6037756958,18.617855638994,74.0791));
#2055 = CARTESIAN_POINT('',(-15.6037756958,18.761691625629,74.0791));
#2056 = VECTOR('',#2057,1.);
#2057 = DIRECTION('',(0.,0.,1.));
#2058 = ADVANCED_FACE('',(#2059),#2084,.F.);
#2059 = FACE_BOUND('',#2060,.F.);
#2060 = EDGE_LOOP('',(#2061,#2069,#2077,#2083));
#2061 = ORIENTED_EDGE('',*,*,#2062,.T.);
#2062 = EDGE_CURVE('',#467,#2063,#2065,.T.);
#2063 = VERTEX_POINT('',#2064);
#2064 = CARTESIAN_POINT('',(-15.42967487033,15.886219927516,73.0791));
#2065 = LINE('',#2066,#2067);
#2066 = CARTESIAN_POINT('',(-15.42967487033,15.886219927516,74.0791));
#2067 = VECTOR('',#2068,1.);
#2068 = DIRECTION('',(-0.,-0.,-1.));
#2069 = ORIENTED_EDGE('',*,*,#2070,.T.);
#2070 = EDGE_CURVE('',#2063,#2071,#2073,.T.);
#2071 = VERTEX_POINT('',#2072);
#2072 = CARTESIAN_POINT('',(-15.40580620877,15.948465652752,73.0791));
#2073 = LINE('',#2074,#2075);
#2074 = CARTESIAN_POINT('',(-15.42967487033,15.886219927516,73.0791));
#2075 = VECTOR('',#2076,1.);
#2076 = DIRECTION('',(0.358038024804,0.933707005861,0.));
#2077 = ORIENTED_EDGE('',*,*,#2078,.F.);
#2078 = EDGE_CURVE('',#469,#2071,#2079,.T.);
#2079 = LINE('',#2080,#2081);
#2080 = CARTESIAN_POINT('',(-15.40580620877,15.948465652752,74.0791));
#2081 = VECTOR('',#2082,1.);
#2082 = DIRECTION('',(-0.,-0.,-1.));
#2083 = ORIENTED_EDGE('',*,*,#466,.F.);
#2084 = PLANE('',#2085);
#2085 = AXIS2_PLACEMENT_3D('',#2086,#2087,#2088);
#2086 = CARTESIAN_POINT('',(-15.42967487033,15.886219927516,74.0791));
#2087 = DIRECTION('',(0.933707005861,-0.358038024804,0.));
#2088 = DIRECTION('',(0.358038024804,0.933707005861,0.));
#2089 = ADVANCED_FACE('',(#2090),#2109,.F.);
#2090 = FACE_BOUND('',#2091,.F.);
#2091 = EDGE_LOOP('',(#2092,#2093,#2102,#2108));
#2092 = ORIENTED_EDGE('',*,*,#2078,.T.);
#2093 = ORIENTED_EDGE('',*,*,#2094,.T.);
#2094 = EDGE_CURVE('',#2071,#2095,#2097,.T.);
#2095 = VERTEX_POINT('',#2096);
#2096 = CARTESIAN_POINT('',(-15.72155896034,16.40368626989,73.0791));
#2097 = B_SPLINE_CURVE_WITH_KNOTS('',3,(#2098,#2099,#2100,#2101),
  .UNSPECIFIED.,.F.,.F.,(4,4),(0.,1.),.PIECEWISE_BEZIER_KNOTS.);
#2098 = CARTESIAN_POINT('',(-15.40580620877,15.948465652752,73.0791));
#2099 = CARTESIAN_POINT('',(-15.68333790099,16.125842569025,73.0791));
#2100 = CARTESIAN_POINT('',(-15.7167228263,16.178572030503,73.0791));
#2101 = CARTESIAN_POINT('',(-15.72155896034,16.40368626989,73.0791));
#2102 = ORIENTED_EDGE('',*,*,#2103,.F.);
#2103 = EDGE_CURVE('',#588,#2095,#2104,.T.);
#2104 = LINE('',#2105,#2106);
#2105 = CARTESIAN_POINT('',(-15.72155896034,16.40368626989,74.0791));
#2106 = VECTOR('',#2107,1.);
#2107 = DIRECTION('',(-0.,-0.,-1.));
#2108 = ORIENTED_EDGE('',*,*,#595,.F.);
#2109 = SURFACE_OF_LINEAR_EXTRUSION('',#2110,#2115);
#2110 = B_SPLINE_CURVE_WITH_KNOTS('',3,(#2111,#2112,#2113,#2114),
  .UNSPECIFIED.,.F.,.F.,(4,4),(0.,1.),.PIECEWISE_BEZIER_KNOTS.);
#2111 = CARTESIAN_POINT('',(-15.40580620877,15.948465652752,74.0791));
#2112 = CARTESIAN_POINT('',(-15.68333790099,16.125842569025,74.0791));
#2113 = CARTESIAN_POINT('',(-15.7167228263,16.178572030503,74.0791));
#2114 = CARTESIAN_POINT('',(-15.72155896034,16.40368626989,74.0791));
#2115 = VECTOR('',#2116,1.);
#2116 = DIRECTION('',(0.,0.,1.));
#2117 = ADVANCED_FACE('',(#2118),#2136,.F.);
#2118 = FACE_BOUND('',#2119,.F.);
#2119 = EDGE_LOOP('',(#2120,#2121,#2129,#2135));
#2120 = ORIENTED_EDGE('',*,*,#2103,.T.);
#2121 = ORIENTED_EDGE('',*,*,#2122,.T.);
#2122 = EDGE_CURVE('',#2095,#2123,#2125,.T.);
#2123 = VERTEX_POINT('',#2124);
#2124 = CARTESIAN_POINT('',(-15.72155896034,17.549070015959,73.0791));
#2125 = LINE('',#2126,#2127);
#2126 = CARTESIAN_POINT('',(-15.72155896034,16.40368626989,73.0791));
#2127 = VECTOR('',#2128,1.);
#2128 = DIRECTION('',(2.22044604925E-16,1.,0.));
#2129 = ORIENTED_EDGE('',*,*,#2130,.F.);
#2130 = EDGE_CURVE('',#580,#2123,#2131,.T.);
#2131 = LINE('',#2132,#2133);
#2132 = CARTESIAN_POINT('',(-15.72155896034,17.549070015959,74.0791));
#2133 = VECTOR('',#2134,1.);
#2134 = DIRECTION('',(-0.,-0.,-1.));
#2135 = ORIENTED_EDGE('',*,*,#587,.F.);
#2136 = PLANE('',#2137);
#2137 = AXIS2_PLACEMENT_3D('',#2138,#2139,#2140);
#2138 = CARTESIAN_POINT('',(-15.72155896034,16.40368626989,74.0791));
#2139 = DIRECTION('',(1.,-2.22044604925E-16,0.));
#2140 = DIRECTION('',(2.22044604925E-16,1.,0.));
#2141 = ADVANCED_FACE('',(#2142),#2160,.F.);
#2142 = FACE_BOUND('',#2143,.F.);
#2143 = EDGE_LOOP('',(#2144,#2145,#2153,#2159));
#2144 = ORIENTED_EDGE('',*,*,#2130,.T.);
#2145 = ORIENTED_EDGE('',*,*,#2146,.T.);
#2146 = EDGE_CURVE('',#2123,#2147,#2149,.T.);
#2147 = VERTEX_POINT('',#2148);
#2148 = CARTESIAN_POINT('',(-14.87960362426,16.743931700314,73.0791));
#2149 = LINE('',#2150,#2151);
#2150 = CARTESIAN_POINT('',(-15.72155896034,17.549070015959,73.0791));
#2151 = VECTOR('',#2152,1.);
#2152 = DIRECTION('',(0.722732008073,-0.691128384967,0.));
#2153 = ORIENTED_EDGE('',*,*,#2154,.F.);
#2154 = EDGE_CURVE('',#571,#2147,#2155,.T.);
#2155 = LINE('',#2156,#2157);
#2156 = CARTESIAN_POINT('',(-14.87960362426,16.743931700314,74.0791));
#2157 = VECTOR('',#2158,1.);
#2158 = DIRECTION('',(-0.,-0.,-1.));
#2159 = ORIENTED_EDGE('',*,*,#579,.F.);
#2160 = PLANE('',#2161);
#2161 = AXIS2_PLACEMENT_3D('',#2162,#2163,#2164);
#2162 = CARTESIAN_POINT('',(-15.72155896034,17.549070015959,74.0791));
#2163 = DIRECTION('',(-0.691128384967,-0.722732008073,0.));
#2164 = DIRECTION('',(0.722732008073,-0.691128384967,0.));
#2165 = ADVANCED_FACE('',(#2166),#2185,.F.);
#2166 = FACE_BOUND('',#2167,.F.);
#2167 = EDGE_LOOP('',(#2168,#2169,#2178,#2184));
#2168 = ORIENTED_EDGE('',*,*,#2154,.T.);
#2169 = ORIENTED_EDGE('',*,*,#2170,.T.);
#2170 = EDGE_CURVE('',#2147,#2171,#2173,.T.);
#2171 = VERTEX_POINT('',#2172);
#2172 = CARTESIAN_POINT('',(-13.69818287937,16.130522698742,73.0791));
#2173 = B_SPLINE_CURVE_WITH_KNOTS('',3,(#2174,#2175,#2176,#2177),
  .UNSPECIFIED.,.F.,.F.,(4,4),(0.,1.),.PIECEWISE_BEZIER_KNOTS.);
#2174 = CARTESIAN_POINT('',(-14.87960362426,16.743931700314,73.0791));
#2175 = CARTESIAN_POINT('',(-14.43483529682,16.317415878774,73.0791));
#2176 = CARTESIAN_POINT('',(-14.07118921781,16.130522698742,73.0791));
#2177 = CARTESIAN_POINT('',(-13.69818287937,16.130522698742,73.0791));
#2178 = ORIENTED_EDGE('',*,*,#2179,.F.);
#2179 = EDGE_CURVE('',#562,#2171,#2180,.T.);
#2180 = LINE('',#2181,#2182);
#2181 = CARTESIAN_POINT('',(-13.69818287937,16.130522698742,74.0791));
#2182 = VECTOR('',#2183,1.);
#2183 = DIRECTION('',(-0.,-0.,-1.));
#2184 = ORIENTED_EDGE('',*,*,#570,.F.);
#2185 = SURFACE_OF_LINEAR_EXTRUSION('',#2186,#2191);
#2186 = B_SPLINE_CURVE_WITH_KNOTS('',3,(#2187,#2188,#2189,#2190),
  .UNSPECIFIED.,.F.,.F.,(4,4),(0.,1.),.PIECEWISE_BEZIER_KNOTS.);
#2187 = CARTESIAN_POINT('',(-14.87960362426,16.743931700314,74.0791));
#2188 = CARTESIAN_POINT('',(-14.43483529682,16.317415878774,74.0791));
#2189 = CARTESIAN_POINT('',(-14.07118921781,16.130522698742,74.0791));
#2190 = CARTESIAN_POINT('',(-13.69818287937,16.130522698742,74.0791));
#2191 = VECTOR('',#2192,1.);
#2192 = DIRECTION('',(0.,0.,1.));
#2193 = ADVANCED_FACE('',(#2194),#2213,.F.);
#2194 = FACE_BOUND('',#2195,.F.);
#2195 = EDGE_LOOP('',(#2196,#2197,#2206,#2212));
#2196 = ORIENTED_EDGE('',*,*,#2179,.T.);
#2197 = ORIENTED_EDGE('',*,*,#2198,.T.);
#2198 = EDGE_CURVE('',#2171,#2199,#2201,.T.);
#2199 = VERTEX_POINT('',#2200);
#2200 = CARTESIAN_POINT('',(-12.85076739195,17.017095271462,73.0791));
#2201 = B_SPLINE_CURVE_WITH_KNOTS('',3,(#2202,#2203,#2204,#2205),
  .UNSPECIFIED.,.F.,.F.,(4,4),(0.,1.),.PIECEWISE_BEZIER_KNOTS.);
#2202 = CARTESIAN_POINT('',(-13.69818287937,16.130522698742,73.0791));
#2203 = CARTESIAN_POINT('',(-13.21987362229,16.130522698742,73.0791));
#2204 = CARTESIAN_POINT('',(-12.85076739195,16.518817460928,73.0791));
#2205 = CARTESIAN_POINT('',(-12.85076739195,17.017095271462,73.0791));
#2206 = ORIENTED_EDGE('',*,*,#2207,.F.);
#2207 = EDGE_CURVE('',#553,#2199,#2208,.T.);
#2208 = LINE('',#2209,#2210);
#2209 = CARTESIAN_POINT('',(-12.85076739195,17.017095271462,74.0791));
#2210 = VECTOR('',#2211,1.);
#2211 = DIRECTION('',(-0.,-0.,-1.));
#2212 = ORIENTED_EDGE('',*,*,#561,.F.);
#2213 = SURFACE_OF_LINEAR_EXTRUSION('',#2214,#2219);
#2214 = B_SPLINE_CURVE_WITH_KNOTS('',3,(#2215,#2216,#2217,#2218),
  .UNSPECIFIED.,.F.,.F.,(4,4),(0.,1.),.PIECEWISE_BEZIER_KNOTS.);
#2215 = CARTESIAN_POINT('',(-13.69818287937,16.130522698742,74.0791));
#2216 = CARTESIAN_POINT('',(-13.21987362229,16.130522698742,74.0791));
#2217 = CARTESIAN_POINT('',(-12.85076739195,16.518817460928,74.0791));
#2218 = CARTESIAN_POINT('',(-12.85076739195,17.017095271462,74.0791));
#2219 = VECTOR('',#2220,1.);
#2220 = DIRECTION('',(0.,0.,1.));
#2221 = ADVANCED_FACE('',(#2222),#2241,.F.);
#2222 = FACE_BOUND('',#2223,.F.);
#2223 = EDGE_LOOP('',(#2224,#2225,#2234,#2240));
#2224 = ORIENTED_EDGE('',*,*,#2207,.T.);
#2225 = ORIENTED_EDGE('',*,*,#2226,.T.);
#2226 = EDGE_CURVE('',#2199,#2227,#2229,.T.);
#2227 = VERTEX_POINT('',#2228);
#2228 = CARTESIAN_POINT('',(-13.14795562898,17.707258400393,73.0791));
#2229 = B_SPLINE_CURVE_WITH_KNOTS('',3,(#2230,#2231,#2232,#2233),
  .UNSPECIFIED.,.F.,.F.,(4,4),(0.,1.),.PIECEWISE_BEZIER_KNOTS.);
#2230 = CARTESIAN_POINT('',(-12.85076739195,17.017095271462,73.0791));
#2231 = CARTESIAN_POINT('',(-12.85076739195,17.280742578852,73.0791));
#2232 = CARTESIAN_POINT('',(-12.9562263149,17.52988148412,73.0791));
#2233 = CARTESIAN_POINT('',(-13.14795562898,17.707258400393,73.0791));
#2234 = ORIENTED_EDGE('',*,*,#2235,.F.);
#2235 = EDGE_CURVE('',#544,#2227,#2236,.T.);
#2236 = LINE('',#2237,#2238);
#2237 = CARTESIAN_POINT('',(-13.14795562898,17.707258400393,74.0791));
#2238 = VECTOR('',#2239,1.);
#2239 = DIRECTION('',(-0.,-0.,-1.));
#2240 = ORIENTED_EDGE('',*,*,#552,.F.);
#2241 = SURFACE_OF_LINEAR_EXTRUSION('',#2242,#2247);
#2242 = B_SPLINE_CURVE_WITH_KNOTS('',3,(#2243,#2244,#2245,#2246),
  .UNSPECIFIED.,.F.,.F.,(4,4),(0.,1.),.PIECEWISE_BEZIER_KNOTS.);
#2243 = CARTESIAN_POINT('',(-12.85076739195,17.017095271462,74.0791));
#2244 = CARTESIAN_POINT('',(-12.85076739195,17.280742578852,74.0791));
#2245 = CARTESIAN_POINT('',(-12.9562263149,17.52988148412,74.0791));
#2246 = CARTESIAN_POINT('',(-13.14795562898,17.707258400393,74.0791));
#2247 = VECTOR('',#2248,1.);
#2248 = DIRECTION('',(0.,0.,1.));
#2249 = ADVANCED_FACE('',(#2250),#2269,.F.);
#2250 = FACE_BOUND('',#2251,.F.);
#2251 = EDGE_LOOP('',(#2252,#2253,#2262,#2268));
#2252 = ORIENTED_EDGE('',*,*,#2235,.T.);
#2253 = ORIENTED_EDGE('',*,*,#2254,.T.);
#2254 = EDGE_CURVE('',#2227,#2255,#2257,.T.);
#2255 = VERTEX_POINT('',#2256);
#2256 = CARTESIAN_POINT('',(-13.80332979368,18.013962901179,73.0791));
#2257 = B_SPLINE_CURVE_WITH_KNOTS('',3,(#2258,#2259,#2260,#2261),
  .UNSPECIFIED.,.F.,.F.,(4,4),(0.,1.),.PIECEWISE_BEZIER_KNOTS.);
#2258 = CARTESIAN_POINT('',(-13.14795562898,17.707258400393,73.0791));
#2259 = CARTESIAN_POINT('',(-13.3106681388,17.860610650786,73.0791));
#2260 = CARTESIAN_POINT('',(-13.46370838055,17.932528644104,73.0791));
#2261 = CARTESIAN_POINT('',(-13.80332979368,18.013962901179,73.0791));
#2262 = ORIENTED_EDGE('',*,*,#2263,.F.);
#2263 = EDGE_CURVE('',#536,#2255,#2264,.T.);
#2264 = LINE('',#2265,#2266);
#2265 = CARTESIAN_POINT('',(-13.80332979368,18.013962901179,74.0791));
#2266 = VECTOR('',#2267,1.);
#2267 = DIRECTION('',(-0.,-0.,-1.));
#2268 = ORIENTED_EDGE('',*,*,#543,.F.);
#2269 = SURFACE_OF_LINEAR_EXTRUSION('',#2270,#2275);
#2270 = B_SPLINE_CURVE_WITH_KNOTS('',3,(#2271,#2272,#2273,#2274),
  .UNSPECIFIED.,.F.,.F.,(4,4),(0.,1.),.PIECEWISE_BEZIER_KNOTS.);
#2271 = CARTESIAN_POINT('',(-13.14795562898,17.707258400393,74.0791));
#2272 = CARTESIAN_POINT('',(-13.3106681388,17.860610650786,74.0791));
#2273 = CARTESIAN_POINT('',(-13.46370838055,17.932528644104,74.0791));
#2274 = CARTESIAN_POINT('',(-13.80332979368,18.013962901179,74.0791));
#2275 = VECTOR('',#2276,1.);
#2276 = DIRECTION('',(0.,0.,1.));
#2277 = ADVANCED_FACE('',(#2278),#2296,.F.);
#2278 = FACE_BOUND('',#2279,.F.);
#2279 = EDGE_LOOP('',(#2280,#2281,#2289,#2295));
#2280 = ORIENTED_EDGE('',*,*,#2263,.T.);
#2281 = ORIENTED_EDGE('',*,*,#2282,.T.);
#2282 = EDGE_CURVE('',#2255,#2283,#2285,.T.);
#2283 = VERTEX_POINT('',#2284);
#2284 = CARTESIAN_POINT('',(-13.82735445956,17.913340112264,73.0791));
#2285 = LINE('',#2286,#2287);
#2286 = CARTESIAN_POINT('',(-13.80332979368,18.013962901179,73.0791));
#2287 = VECTOR('',#2288,1.);
#2288 = DIRECTION('',(-0.232232095514,-0.972660400044,0.));
#2289 = ORIENTED_EDGE('',*,*,#2290,.F.);
#2290 = EDGE_CURVE('',#527,#2283,#2291,.T.);
#2291 = LINE('',#2292,#2293);
#2292 = CARTESIAN_POINT('',(-13.82735445956,17.913340112264,74.0791));
#2293 = VECTOR('',#2294,1.);
#2294 = DIRECTION('',(-0.,-0.,-1.));
#2295 = ORIENTED_EDGE('',*,*,#535,.F.);
#2296 = PLANE('',#2297);
#2297 = AXIS2_PLACEMENT_3D('',#2298,#2299,#2300);
#2298 = CARTESIAN_POINT('',(-13.80332979368,18.013962901179,74.0791));
#2299 = DIRECTION('',(-0.972660400044,0.232232095514,0.));
#2300 = DIRECTION('',(-0.232232095514,-0.972660400044,0.));
#2301 = ADVANCED_FACE('',(#2302),#2321,.F.);
#2302 = FACE_BOUND('',#2303,.F.);
#2303 = EDGE_LOOP('',(#2304,#2305,#2314,#2320));
#2304 = ORIENTED_EDGE('',*,*,#2290,.T.);
#2305 = ORIENTED_EDGE('',*,*,#2306,.T.);
#2306 = EDGE_CURVE('',#2283,#2307,#2309,.T.);
#2307 = VERTEX_POINT('',#2308);
#2308 = CARTESIAN_POINT('',(-13.2055212245,17.218496853616,73.0791));
#2309 = B_SPLINE_CURVE_WITH_KNOTS('',3,(#2310,#2311,#2312,#2313),
  .UNSPECIFIED.,.F.,.F.,(4,4),(0.,1.),.PIECEWISE_BEZIER_KNOTS.);
#2310 = CARTESIAN_POINT('',(-13.82735445956,17.913340112264,73.0791));
#2311 = CARTESIAN_POINT('',(-13.35856146624,17.721610798192,73.0791));
#2312 = CARTESIAN_POINT('',(-13.2055212245,17.55390615,73.0791));
#2313 = CARTESIAN_POINT('',(-13.2055212245,17.218496853616,73.0791));
#2314 = ORIENTED_EDGE('',*,*,#2315,.F.);
#2315 = EDGE_CURVE('',#518,#2307,#2316,.T.);
#2316 = LINE('',#2317,#2318);
#2317 = CARTESIAN_POINT('',(-13.2055212245,17.218496853616,74.0791));
#2318 = VECTOR('',#2319,1.);
#2319 = DIRECTION('',(-0.,-0.,-1.));
#2320 = ORIENTED_EDGE('',*,*,#526,.F.);
#2321 = SURFACE_OF_LINEAR_EXTRUSION('',#2322,#2327);
#2322 = B_SPLINE_CURVE_WITH_KNOTS('',3,(#2323,#2324,#2325,#2326),
  .UNSPECIFIED.,.F.,.F.,(4,4),(0.,1.),.PIECEWISE_BEZIER_KNOTS.);
#2323 = CARTESIAN_POINT('',(-13.82735445956,17.913340112264,74.0791));
#2324 = CARTESIAN_POINT('',(-13.35856146624,17.721610798192,74.0791));
#2325 = CARTESIAN_POINT('',(-13.2055212245,17.55390615,74.0791));
#2326 = CARTESIAN_POINT('',(-13.2055212245,17.218496853616,74.0791));
#2327 = VECTOR('',#2328,1.);
#2328 = DIRECTION('',(0.,0.,1.));
#2329 = ADVANCED_FACE('',(#2330),#2349,.F.);
#2330 = FACE_BOUND('',#2331,.F.);
#2331 = EDGE_LOOP('',(#2332,#2333,#2342,#2348));
#2332 = ORIENTED_EDGE('',*,*,#2315,.T.);
#2333 = ORIENTED_EDGE('',*,*,#2334,.T.);
#2334 = EDGE_CURVE('',#2307,#2335,#2337,.T.);
#2335 = VERTEX_POINT('',#2336);
#2336 = CARTESIAN_POINT('',(-13.87992791671,16.542686122484,73.0791));
#2337 = B_SPLINE_CURVE_WITH_KNOTS('',3,(#2338,#2339,#2340,#2341),
  .UNSPECIFIED.,.F.,.F.,(4,4),(0.,1.),.PIECEWISE_BEZIER_KNOTS.);
#2338 = CARTESIAN_POINT('',(-13.2055212245,17.218496853616,73.0791));
#2339 = CARTESIAN_POINT('',(-13.2055212245,16.811169563915,73.0791));
#2340 = CARTESIAN_POINT('',(-13.47806077835,16.542686122484,73.0791));
#2341 = CARTESIAN_POINT('',(-13.87992791671,16.542686122484,73.0791));
#2342 = ORIENTED_EDGE('',*,*,#2343,.F.);
#2343 = EDGE_CURVE('',#509,#2335,#2344,.T.);
#2344 = LINE('',#2345,#2346);
#2345 = CARTESIAN_POINT('',(-13.87992791671,16.542686122484,74.0791));
#2346 = VECTOR('',#2347,1.);
#2347 = DIRECTION('',(-0.,-0.,-1.));
#2348 = ORIENTED_EDGE('',*,*,#517,.F.);
#2349 = SURFACE_OF_LINEAR_EXTRUSION('',#2350,#2355);
#2350 = B_SPLINE_CURVE_WITH_KNOTS('',3,(#2351,#2352,#2353,#2354),
  .UNSPECIFIED.,.F.,.F.,(4,4),(0.,1.),.PIECEWISE_BEZIER_KNOTS.);
#2351 = CARTESIAN_POINT('',(-13.2055212245,17.218496853616,74.0791));
#2352 = CARTESIAN_POINT('',(-13.2055212245,16.811169563915,74.0791));
#2353 = CARTESIAN_POINT('',(-13.47806077835,16.542686122484,74.0791));
#2354 = CARTESIAN_POINT('',(-13.87992791671,16.542686122484,74.0791));
#2355 = VECTOR('',#2356,1.);
#2356 = DIRECTION('',(0.,0.,1.));
#2357 = ADVANCED_FACE('',(#2358),#2377,.F.);
#2358 = FACE_BOUND('',#2359,.F.);
#2359 = EDGE_LOOP('',(#2360,#2361,#2370,#2376));
#2360 = ORIENTED_EDGE('',*,*,#2343,.T.);
#2361 = ORIENTED_EDGE('',*,*,#2362,.T.);
#2362 = EDGE_CURVE('',#2335,#2363,#2365,.T.);
#2363 = VERTEX_POINT('',#2364);
#2364 = CARTESIAN_POINT('',(-15.12359438684,17.165767392138,73.0791));
#2365 = B_SPLINE_CURVE_WITH_KNOTS('',3,(#2366,#2367,#2368,#2369),
  .UNSPECIFIED.,.F.,.F.,(4,4),(0.,1.),.PIECEWISE_BEZIER_KNOTS.);
#2366 = CARTESIAN_POINT('',(-13.87992791671,16.542686122484,73.0791));
#2367 = CARTESIAN_POINT('',(-14.2577703892,16.542686122484,73.0791));
#2368 = CARTESIAN_POINT('',(-14.69785858692,16.763120232154,73.0791));
#2369 = CARTESIAN_POINT('',(-15.12359438684,17.165767392138,73.0791));
#2370 = ORIENTED_EDGE('',*,*,#2371,.F.);
#2371 = EDGE_CURVE('',#501,#2363,#2372,.T.);
#2372 = LINE('',#2373,#2374);
#2373 = CARTESIAN_POINT('',(-15.12359438684,17.165767392138,74.0791));
#2374 = VECTOR('',#2375,1.);
#2375 = DIRECTION('',(-0.,-0.,-1.));
#2376 = ORIENTED_EDGE('',*,*,#508,.F.);
#2377 = SURFACE_OF_LINEAR_EXTRUSION('',#2378,#2383);
#2378 = B_SPLINE_CURVE_WITH_KNOTS('',3,(#2379,#2380,#2381,#2382),
  .UNSPECIFIED.,.F.,.F.,(4,4),(0.,1.),.PIECEWISE_BEZIER_KNOTS.);
#2379 = CARTESIAN_POINT('',(-13.87992791671,16.542686122484,74.0791));
#2380 = CARTESIAN_POINT('',(-14.2577703892,16.542686122484,74.0791));
#2381 = CARTESIAN_POINT('',(-14.69785858692,16.763120232154,74.0791));
#2382 = CARTESIAN_POINT('',(-15.12359438684,17.165767392138,74.0791));
#2383 = VECTOR('',#2384,1.);
#2384 = DIRECTION('',(0.,0.,1.));
#2385 = ADVANCED_FACE('',(#2386),#2404,.F.);
#2386 = FACE_BOUND('',#2387,.F.);
#2387 = EDGE_LOOP('',(#2388,#2389,#2397,#2403));
#2388 = ORIENTED_EDGE('',*,*,#2371,.T.);
#2389 = ORIENTED_EDGE('',*,*,#2390,.T.);
#2390 = EDGE_CURVE('',#2363,#2391,#2393,.T.);
#2391 = VERTEX_POINT('',#2392);
#2392 = CARTESIAN_POINT('',(-16.02826346113,18.01879903522,73.0791));
#2393 = LINE('',#2394,#2395);
#2394 = CARTESIAN_POINT('',(-15.12359438684,17.165767392138,73.0791));
#2395 = VECTOR('',#2396,1.);
#2396 = DIRECTION('',(-0.727566145574,0.686037538196,0.));
#2397 = ORIENTED_EDGE('',*,*,#2398,.F.);
#2398 = EDGE_CURVE('',#493,#2391,#2399,.T.);
#2399 = LINE('',#2400,#2401);
#2400 = CARTESIAN_POINT('',(-16.02826346113,18.01879903522,74.0791));
#2401 = VECTOR('',#2402,1.);
#2402 = DIRECTION('',(-0.,-0.,-1.));
#2403 = ORIENTED_EDGE('',*,*,#500,.F.);
#2404 = PLANE('',#2405);
#2405 = AXIS2_PLACEMENT_3D('',#2406,#2407,#2408);
#2406 = CARTESIAN_POINT('',(-15.12359438684,17.165767392138,74.0791));
#2407 = DIRECTION('',(0.686037538196,0.727566145574,-0.));
#2408 = DIRECTION('',(-0.727566145574,0.686037538196,0.));
#2409 = ADVANCED_FACE('',(#2410),#2428,.F.);
#2410 = FACE_BOUND('',#2411,.F.);
#2411 = EDGE_LOOP('',(#2412,#2413,#2421,#2427));
#2412 = ORIENTED_EDGE('',*,*,#2398,.T.);
#2413 = ORIENTED_EDGE('',*,*,#2414,.T.);
#2414 = EDGE_CURVE('',#2391,#2415,#2417,.T.);
#2415 = VERTEX_POINT('',#2416);
#2416 = CARTESIAN_POINT('',(-16.08567305233,18.01879903522,73.0791));
#2417 = LINE('',#2418,#2419);
#2418 = CARTESIAN_POINT('',(-16.02826346113,18.01879903522,73.0791));
#2419 = VECTOR('',#2420,1.);
#2420 = DIRECTION('',(-1.,2.22044604925E-16,0.));
#2421 = ORIENTED_EDGE('',*,*,#2422,.F.);
#2422 = EDGE_CURVE('',#485,#2415,#2423,.T.);
#2423 = LINE('',#2424,#2425);
#2424 = CARTESIAN_POINT('',(-16.08567305233,18.01879903522,74.0791));
#2425 = VECTOR('',#2426,1.);
#2426 = DIRECTION('',(-0.,-0.,-1.));
#2427 = ORIENTED_EDGE('',*,*,#492,.F.);
#2428 = PLANE('',#2429);
#2429 = AXIS2_PLACEMENT_3D('',#2430,#2431,#2432);
#2430 = CARTESIAN_POINT('',(-16.02826346113,18.01879903522,74.0791));
#2431 = DIRECTION('',(2.22044604925E-16,1.,-0.));
#2432 = DIRECTION('',(-1.,2.22044604925E-16,0.));
#2433 = ADVANCED_FACE('',(#2434),#2452,.F.);
#2434 = FACE_BOUND('',#2435,.F.);
#2435 = EDGE_LOOP('',(#2436,#2437,#2445,#2451));
#2436 = ORIENTED_EDGE('',*,*,#2422,.T.);
#2437 = ORIENTED_EDGE('',*,*,#2438,.T.);
#2438 = EDGE_CURVE('',#2415,#2439,#2441,.T.);
#2439 = VERTEX_POINT('',#2440);
#2440 = CARTESIAN_POINT('',(-16.08567305233,16.149711230582,73.0791));
#2441 = LINE('',#2442,#2443);
#2442 = CARTESIAN_POINT('',(-16.08567305233,18.01879903522,73.0791));
#2443 = VECTOR('',#2444,1.);
#2444 = DIRECTION('',(-2.22044604925E-16,-1.,0.));
#2445 = ORIENTED_EDGE('',*,*,#2446,.F.);
#2446 = EDGE_CURVE('',#477,#2439,#2447,.T.);
#2447 = LINE('',#2448,#2449);
#2448 = CARTESIAN_POINT('',(-16.08567305233,16.149711230582,74.0791));
#2449 = VECTOR('',#2450,1.);
#2450 = DIRECTION('',(-0.,-0.,-1.));
#2451 = ORIENTED_EDGE('',*,*,#484,.F.);
#2452 = PLANE('',#2453);
#2453 = AXIS2_PLACEMENT_3D('',#2454,#2455,#2456);
#2454 = CARTESIAN_POINT('',(-16.08567305233,18.01879903522,74.0791));
#2455 = DIRECTION('',(-1.,2.22044604925E-16,0.));
#2456 = DIRECTION('',(-2.22044604925E-16,-1.,0.));
#2457 = ADVANCED_FACE('',(#2458),#2469,.F.);
#2458 = FACE_BOUND('',#2459,.F.);
#2459 = EDGE_LOOP('',(#2460,#2461,#2467,#2468));
#2460 = ORIENTED_EDGE('',*,*,#2446,.T.);
#2461 = ORIENTED_EDGE('',*,*,#2462,.T.);
#2462 = EDGE_CURVE('',#2439,#2063,#2463,.T.);
#2463 = LINE('',#2464,#2465);
#2464 = CARTESIAN_POINT('',(-16.08567305233,16.149711230582,73.0791));
#2465 = VECTOR('',#2466,1.);
#2466 = DIRECTION('',(0.927943069427,-0.372721960585,0.));
#2467 = ORIENTED_EDGE('',*,*,#2062,.F.);
#2468 = ORIENTED_EDGE('',*,*,#476,.F.);
#2469 = PLANE('',#2470);
#2470 = AXIS2_PLACEMENT_3D('',#2471,#2472,#2473);
#2471 = CARTESIAN_POINT('',(-16.08567305233,16.149711230582,74.0791));
#2472 = DIRECTION('',(-0.372721960585,-0.927943069427,0.));
#2473 = DIRECTION('',(0.927943069427,-0.372721960585,0.));
#2474 = ADVANCED_FACE('',(#2475),#2500,.F.);
#2475 = FACE_BOUND('',#2476,.F.);
#2476 = EDGE_LOOP('',(#2477,#2485,#2493,#2499));
#2477 = ORIENTED_EDGE('',*,*,#2478,.T.);
#2478 = EDGE_CURVE('',#605,#2479,#2481,.T.);
#2479 = VERTEX_POINT('',#2480);
#2480 = CARTESIAN_POINT('',(-16.08567305233,21.191458970362,73.0791));
#2481 = LINE('',#2482,#2483);
#2482 = CARTESIAN_POINT('',(-16.08567305233,21.191458970362,74.0791));
#2483 = VECTOR('',#2484,1.);
#2484 = DIRECTION('',(-0.,-0.,-1.));
#2485 = ORIENTED_EDGE('',*,*,#2486,.T.);
#2486 = EDGE_CURVE('',#2479,#2487,#2489,.T.);
#2487 = VERTEX_POINT('',#2488);
#2488 = CARTESIAN_POINT('',(-16.08567305233,19.868698308019,73.0791));
#2489 = LINE('',#2490,#2491);
#2490 = CARTESIAN_POINT('',(-16.08567305233,21.191458970362,73.0791));
#2491 = VECTOR('',#2492,1.);
#2492 = DIRECTION('',(-2.22044604925E-16,-1.,0.));
#2493 = ORIENTED_EDGE('',*,*,#2494,.F.);
#2494 = EDGE_CURVE('',#607,#2487,#2495,.T.);
#2495 = LINE('',#2496,#2497);
#2496 = CARTESIAN_POINT('',(-16.08567305233,19.868698308019,74.0791));
#2497 = VECTOR('',#2498,1.);
#2498 = DIRECTION('',(-0.,-0.,-1.));
#2499 = ORIENTED_EDGE('',*,*,#604,.F.);
#2500 = PLANE('',#2501);
#2501 = AXIS2_PLACEMENT_3D('',#2502,#2503,#2504);
#2502 = CARTESIAN_POINT('',(-16.08567305233,21.191458970362,74.0791));
#2503 = DIRECTION('',(-1.,2.22044604925E-16,0.));
#2504 = DIRECTION('',(-2.22044604925E-16,-1.,0.));
#2505 = ADVANCED_FACE('',(#2506),#2524,.F.);
#2506 = FACE_BOUND('',#2507,.F.);
#2507 = EDGE_LOOP('',(#2508,#2509,#2517,#2523));
#2508 = ORIENTED_EDGE('',*,*,#2494,.T.);
#2509 = ORIENTED_EDGE('',*,*,#2510,.T.);
#2510 = EDGE_CURVE('',#2487,#2511,#2513,.T.);
#2511 = VERTEX_POINT('',#2512);
#2512 = CARTESIAN_POINT('',(-16.01391106333,19.868698308019,73.0791));
#2513 = LINE('',#2514,#2515);
#2514 = CARTESIAN_POINT('',(-16.08567305233,19.868698308019,73.0791));
#2515 = VECTOR('',#2516,1.);
#2516 = DIRECTION('',(1.,-2.22044604925E-16,0.));
#2517 = ORIENTED_EDGE('',*,*,#2518,.F.);
#2518 = EDGE_CURVE('',#690,#2511,#2519,.T.);
#2519 = LINE('',#2520,#2521);
#2520 = CARTESIAN_POINT('',(-16.01391106333,19.868698308019,74.0791));
#2521 = VECTOR('',#2522,1.);
#2522 = DIRECTION('',(-0.,-0.,-1.));
#2523 = ORIENTED_EDGE('',*,*,#698,.F.);
#2524 = PLANE('',#2525);
#2525 = AXIS2_PLACEMENT_3D('',#2526,#2527,#2528);
#2526 = CARTESIAN_POINT('',(-16.08567305233,19.868698308019,74.0791));
#2527 = DIRECTION('',(-2.22044604925E-16,-1.,0.));
#2528 = DIRECTION('',(1.,-2.22044604925E-16,0.));
#2529 = ADVANCED_FACE('',(#2530),#2549,.F.);
#2530 = FACE_BOUND('',#2531,.F.);
#2531 = EDGE_LOOP('',(#2532,#2533,#2542,#2548));
#2532 = ORIENTED_EDGE('',*,*,#2518,.T.);
#2533 = ORIENTED_EDGE('',*,*,#2534,.T.);
#2534 = EDGE_CURVE('',#2511,#2535,#2537,.T.);
#2535 = VERTEX_POINT('',#2536);
#2536 = CARTESIAN_POINT('',(-15.73154323707,20.323918925157,73.0791));
#2537 = B_SPLINE_CURVE_WITH_KNOTS('',3,(#2538,#2539,#2540,#2541),
  .UNSPECIFIED.,.F.,.F.,(4,4),(0.,1.),.PIECEWISE_BEZIER_KNOTS.);
#2538 = CARTESIAN_POINT('',(-16.01391106333,19.868698308019,73.0791));
#2539 = CARTESIAN_POINT('',(-16.01391106333,20.237648534041,73.0791));
#2540 = CARTESIAN_POINT('',(-15.96118160185,20.31923879544,73.0791));
#2541 = CARTESIAN_POINT('',(-15.73154323707,20.323918925157,73.0791));
#2542 = ORIENTED_EDGE('',*,*,#2543,.F.);
#2543 = EDGE_CURVE('',#682,#2535,#2544,.T.);
#2544 = LINE('',#2545,#2546);
#2545 = CARTESIAN_POINT('',(-15.73154323707,20.323918925157,74.0791));
#2546 = VECTOR('',#2547,1.);
#2547 = DIRECTION('',(-0.,-0.,-1.));
#2548 = ORIENTED_EDGE('',*,*,#689,.F.);
#2549 = SURFACE_OF_LINEAR_EXTRUSION('',#2550,#2555);
#2550 = B_SPLINE_CURVE_WITH_KNOTS('',3,(#2551,#2552,#2553,#2554),
  .UNSPECIFIED.,.F.,.F.,(4,4),(0.,1.),.PIECEWISE_BEZIER_KNOTS.);
#2551 = CARTESIAN_POINT('',(-16.01391106333,19.868698308019,74.0791));
#2552 = CARTESIAN_POINT('',(-16.01391106333,20.237648534041,74.0791));
#2553 = CARTESIAN_POINT('',(-15.96118160185,20.31923879544,74.0791));
#2554 = CARTESIAN_POINT('',(-15.73154323707,20.323918925157,74.0791));
#2555 = VECTOR('',#2556,1.);
#2556 = DIRECTION('',(0.,0.,1.));
#2557 = ADVANCED_FACE('',(#2558),#2576,.F.);
#2558 = FACE_BOUND('',#2559,.F.);
#2559 = EDGE_LOOP('',(#2560,#2561,#2569,#2575));
#2560 = ORIENTED_EDGE('',*,*,#2543,.T.);
#2561 = ORIENTED_EDGE('',*,*,#2562,.T.);
#2562 = EDGE_CURVE('',#2535,#2563,#2565,.T.);
#2563 = VERTEX_POINT('',#2564);
#2564 = CARTESIAN_POINT('',(-12.86043966003,20.323918925157,73.0791));
#2565 = LINE('',#2566,#2567);
#2566 = CARTESIAN_POINT('',(-15.73154323707,20.323918925157,73.0791));
#2567 = VECTOR('',#2568,1.);
#2568 = DIRECTION('',(1.,-2.22044604925E-16,0.));
#2569 = ORIENTED_EDGE('',*,*,#2570,.F.);
#2570 = EDGE_CURVE('',#674,#2563,#2571,.T.);
#2571 = LINE('',#2572,#2573);
#2572 = CARTESIAN_POINT('',(-12.86043966003,20.323918925157,74.0791));
#2573 = VECTOR('',#2574,1.);
#2574 = DIRECTION('',(-0.,-0.,-1.));
#2575 = ORIENTED_EDGE('',*,*,#681,.F.);
#2576 = PLANE('',#2577);
#2577 = AXIS2_PLACEMENT_3D('',#2578,#2579,#2580);
#2578 = CARTESIAN_POINT('',(-15.73154323707,20.323918925157,74.0791));
#2579 = DIRECTION('',(-2.22044604925E-16,-1.,0.));
#2580 = DIRECTION('',(1.,-2.22044604925E-16,0.));
#2581 = ADVANCED_FACE('',(#2582),#2600,.F.);
#2582 = FACE_BOUND('',#2583,.F.);
#2583 = EDGE_LOOP('',(#2584,#2585,#2593,#2599));
#2584 = ORIENTED_EDGE('',*,*,#2570,.T.);
#2585 = ORIENTED_EDGE('',*,*,#2586,.T.);
#2586 = EDGE_CURVE('',#2563,#2587,#2589,.T.);
#2587 = VERTEX_POINT('',#2588);
#2588 = CARTESIAN_POINT('',(-12.85076739195,20.362295988836,73.0791));
#2589 = LINE('',#2590,#2591);
#2590 = CARTESIAN_POINT('',(-12.86043966003,20.323918925157,73.0791));
#2591 = VECTOR('',#2592,1.);
#2592 = DIRECTION('',(0.244390135281,0.969676988372,0.));
#2593 = ORIENTED_EDGE('',*,*,#2594,.F.);
#2594 = EDGE_CURVE('',#666,#2587,#2595,.T.);
#2595 = LINE('',#2596,#2597);
#2596 = CARTESIAN_POINT('',(-12.85076739195,20.362295988836,74.0791));
#2597 = VECTOR('',#2598,1.);
#2598 = DIRECTION('',(-0.,-0.,-1.));
#2599 = ORIENTED_EDGE('',*,*,#673,.F.);
#2600 = PLANE('',#2601);
#2601 = AXIS2_PLACEMENT_3D('',#2602,#2603,#2604);
#2602 = CARTESIAN_POINT('',(-12.86043966003,20.323918925157,74.0791));
#2603 = DIRECTION('',(0.969676988372,-0.244390135281,0.));
#2604 = DIRECTION('',(0.244390135281,0.969676988372,0.));
#2605 = ADVANCED_FACE('',(#2606),#2624,.F.);
#2606 = FACE_BOUND('',#2607,.F.);
#2607 = EDGE_LOOP('',(#2608,#2609,#2617,#2623));
#2608 = ORIENTED_EDGE('',*,*,#2594,.T.);
#2609 = ORIENTED_EDGE('',*,*,#2610,.T.);
#2610 = EDGE_CURVE('',#2587,#2611,#2613,.T.);
#2611 = VERTEX_POINT('',#2612);
#2612 = CARTESIAN_POINT('',(-13.28633146428,21.2249999,73.0791));
#2613 = LINE('',#2614,#2615);
#2614 = CARTESIAN_POINT('',(-12.85076739195,20.362295988836,73.0791));
#2615 = VECTOR('',#2616,1.);
#2616 = DIRECTION('',(-0.450696964698,0.892677011025,0.));
#2617 = ORIENTED_EDGE('',*,*,#2618,.F.);
#2618 = EDGE_CURVE('',#658,#2611,#2619,.T.);
#2619 = LINE('',#2620,#2621);
#2620 = CARTESIAN_POINT('',(-13.28633146428,21.2249999,74.0791));
#2621 = VECTOR('',#2622,1.);
#2622 = DIRECTION('',(-0.,-0.,-1.));
#2623 = ORIENTED_EDGE('',*,*,#665,.F.);
#2624 = PLANE('',#2625);
#2625 = AXIS2_PLACEMENT_3D('',#2626,#2627,#2628);
#2626 = CARTESIAN_POINT('',(-12.85076739195,20.362295988836,74.0791));
#2627 = DIRECTION('',(0.892677011025,0.450696964698,-0.));
#2628 = DIRECTION('',(-0.450696964698,0.892677011025,0.));
#2629 = ADVANCED_FACE('',(#2630),#2648,.F.);
#2630 = FACE_BOUND('',#2631,.F.);
#2631 = EDGE_LOOP('',(#2632,#2633,#2641,#2647));
#2632 = ORIENTED_EDGE('',*,*,#2618,.T.);
#2633 = ORIENTED_EDGE('',*,*,#2634,.T.);
#2634 = EDGE_CURVE('',#2611,#2635,#2637,.T.);
#2635 = VERTEX_POINT('',#2636);
#2636 = CARTESIAN_POINT('',(-13.35341332355,21.2249999,73.0791));
#2637 = LINE('',#2638,#2639);
#2638 = CARTESIAN_POINT('',(-13.28633146428,21.2249999,73.0791));
#2639 = VECTOR('',#2640,1.);
#2640 = DIRECTION('',(-1.,2.22044604925E-16,0.));
#2641 = ORIENTED_EDGE('',*,*,#2642,.F.);
#2642 = EDGE_CURVE('',#649,#2635,#2643,.T.);
#2643 = LINE('',#2644,#2645);
#2644 = CARTESIAN_POINT('',(-13.35341332355,21.2249999,74.0791));
#2645 = VECTOR('',#2646,1.);
#2646 = DIRECTION('',(-0.,-0.,-1.));
#2647 = ORIENTED_EDGE('',*,*,#657,.F.);
#2648 = PLANE('',#2649);
#2649 = AXIS2_PLACEMENT_3D('',#2650,#2651,#2652);
#2650 = CARTESIAN_POINT('',(-13.28633146428,21.2249999,74.0791));
#2651 = DIRECTION('',(2.22044604925E-16,1.,-0.));
#2652 = DIRECTION('',(-1.,2.22044604925E-16,0.));
#2653 = ADVANCED_FACE('',(#2654),#2673,.F.);
#2654 = FACE_BOUND('',#2655,.F.);
#2655 = EDGE_LOOP('',(#2656,#2657,#2666,#2672));
#2656 = ORIENTED_EDGE('',*,*,#2642,.T.);
#2657 = ORIENTED_EDGE('',*,*,#2658,.T.);
#2658 = EDGE_CURVE('',#2635,#2659,#2661,.T.);
#2659 = VERTEX_POINT('',#2660);
#2660 = CARTESIAN_POINT('',(-13.24811040492,20.879918335535,73.0791));
#2661 = B_SPLINE_CURVE_WITH_KNOTS('',3,(#2662,#2663,#2664,#2665),
  .UNSPECIFIED.,.F.,.F.,(4,4),(0.,1.),.PIECEWISE_BEZIER_KNOTS.);
#2662 = CARTESIAN_POINT('',(-13.35341332355,21.2249999,73.0791));
#2663 = CARTESIAN_POINT('',(-13.28165133456,21.038106719969,73.0791));
#2664 = CARTESIAN_POINT('',(-13.24811040492,20.922975528931,73.0791));
#2665 = CARTESIAN_POINT('',(-13.24811040492,20.879918335535,73.0791));
#2666 = ORIENTED_EDGE('',*,*,#2667,.F.);
#2667 = EDGE_CURVE('',#640,#2659,#2668,.T.);
#2668 = LINE('',#2669,#2670);
#2669 = CARTESIAN_POINT('',(-13.24811040492,20.879918335535,74.0791));
#2670 = VECTOR('',#2671,1.);
#2671 = DIRECTION('',(-0.,-0.,-1.));
#2672 = ORIENTED_EDGE('',*,*,#648,.F.);
#2673 = SURFACE_OF_LINEAR_EXTRUSION('',#2674,#2679);
#2674 = B_SPLINE_CURVE_WITH_KNOTS('',3,(#2675,#2676,#2677,#2678),
  .UNSPECIFIED.,.F.,.F.,(4,4),(0.,1.),.PIECEWISE_BEZIER_KNOTS.);
#2675 = CARTESIAN_POINT('',(-13.35341332355,21.2249999,74.0791));
#2676 = CARTESIAN_POINT('',(-13.28165133456,21.038106719969,74.0791));
#2677 = CARTESIAN_POINT('',(-13.24811040492,20.922975528931,74.0791));
#2678 = CARTESIAN_POINT('',(-13.24811040492,20.879918335535,74.0791));
#2679 = VECTOR('',#2680,1.);
#2680 = DIRECTION('',(0.,0.,1.));
#2681 = ADVANCED_FACE('',(#2682),#2701,.F.);
#2682 = FACE_BOUND('',#2683,.F.);
#2683 = EDGE_LOOP('',(#2684,#2685,#2694,#2700));
#2684 = ORIENTED_EDGE('',*,*,#2667,.T.);
#2685 = ORIENTED_EDGE('',*,*,#2686,.T.);
#2686 = EDGE_CURVE('',#2659,#2687,#2689,.T.);
#2687 = VERTEX_POINT('',#2688);
#2688 = CARTESIAN_POINT('',(-13.47306863998,20.736082348899,73.0791));
#2689 = B_SPLINE_CURVE_WITH_KNOTS('',3,(#2690,#2691,#2692,#2693),
  .UNSPECIFIED.,.F.,.F.,(4,4),(0.,1.),.PIECEWISE_BEZIER_KNOTS.);
#2690 = CARTESIAN_POINT('',(-13.24811040492,20.879918335535,73.0791));
#2691 = CARTESIAN_POINT('',(-13.24811040492,20.77929554662,73.0791));
#2692 = CARTESIAN_POINT('',(-13.31987239391,20.736082348899,73.0791));
#2693 = CARTESIAN_POINT('',(-13.47306863998,20.736082348899,73.0791));
#2694 = ORIENTED_EDGE('',*,*,#2695,.F.);
#2695 = EDGE_CURVE('',#632,#2687,#2696,.T.);
#2696 = LINE('',#2697,#2698);
#2697 = CARTESIAN_POINT('',(-13.47306863998,20.736082348899,74.0791));
#2698 = VECTOR('',#2699,1.);
#2699 = DIRECTION('',(-0.,-0.,-1.));
#2700 = ORIENTED_EDGE('',*,*,#639,.F.);
#2701 = SURFACE_OF_LINEAR_EXTRUSION('',#2702,#2707);
#2702 = B_SPLINE_CURVE_WITH_KNOTS('',3,(#2703,#2704,#2705,#2706),
  .UNSPECIFIED.,.F.,.F.,(4,4),(0.,1.),.PIECEWISE_BEZIER_KNOTS.);
#2703 = CARTESIAN_POINT('',(-13.24811040492,20.879918335535,74.0791));
#2704 = CARTESIAN_POINT('',(-13.24811040492,20.77929554662,74.0791));
#2705 = CARTESIAN_POINT('',(-13.31987239391,20.736082348899,74.0791));
#2706 = CARTESIAN_POINT('',(-13.47306863998,20.736082348899,74.0791));
#2707 = VECTOR('',#2708,1.);
#2708 = DIRECTION('',(0.,0.,1.));
#2709 = ADVANCED_FACE('',(#2710),#2728,.F.);
#2710 = FACE_BOUND('',#2711,.F.);
#2711 = EDGE_LOOP('',(#2712,#2713,#2721,#2727));
#2712 = ORIENTED_EDGE('',*,*,#2695,.T.);
#2713 = ORIENTED_EDGE('',*,*,#2714,.T.);
#2714 = EDGE_CURVE('',#2687,#2715,#2717,.T.);
#2715 = VERTEX_POINT('',#2716);
#2716 = CARTESIAN_POINT('',(-15.64059271624,20.736082348899,73.0791));
#2717 = LINE('',#2718,#2719);
#2718 = CARTESIAN_POINT('',(-13.47306863998,20.736082348899,73.0791));
#2719 = VECTOR('',#2720,1.);
#2720 = DIRECTION('',(-1.,2.22044604925E-16,0.));
#2721 = ORIENTED_EDGE('',*,*,#2722,.F.);
#2722 = EDGE_CURVE('',#623,#2715,#2723,.T.);
#2723 = LINE('',#2724,#2725);
#2724 = CARTESIAN_POINT('',(-15.64059271624,20.736082348899,74.0791));
#2725 = VECTOR('',#2726,1.);
#2726 = DIRECTION('',(-0.,-0.,-1.));
#2727 = ORIENTED_EDGE('',*,*,#631,.F.);
#2728 = PLANE('',#2729);
#2729 = AXIS2_PLACEMENT_3D('',#2730,#2731,#2732);
#2730 = CARTESIAN_POINT('',(-13.47306863998,20.736082348899,74.0791));
#2731 = DIRECTION('',(2.22044604925E-16,1.,-0.));
#2732 = DIRECTION('',(-1.,2.22044604925E-16,0.));
#2733 = ADVANCED_FACE('',(#2734),#2753,.F.);
#2734 = FACE_BOUND('',#2735,.F.);
#2735 = EDGE_LOOP('',(#2736,#2737,#2746,#2752));
#2736 = ORIENTED_EDGE('',*,*,#2722,.T.);
#2737 = ORIENTED_EDGE('',*,*,#2738,.T.);
#2738 = EDGE_CURVE('',#2715,#2739,#2741,.T.);
#2739 = VERTEX_POINT('',#2740);
#2740 = CARTESIAN_POINT('',(-16.01391106333,21.191458970362,73.0791));
#2741 = B_SPLINE_CURVE_WITH_KNOTS('',3,(#2742,#2743,#2744,#2745),
  .UNSPECIFIED.,.F.,.F.,(4,4),(0.,1.),.PIECEWISE_BEZIER_KNOTS.);
#2742 = CARTESIAN_POINT('',(-15.64059271624,20.736082348899,73.0791));
#2743 = CARTESIAN_POINT('',(-15.94199307001,20.745754616981,73.0791));
#2744 = CARTESIAN_POINT('',(-16.00907492929,20.827188874057,73.0791));
#2745 = CARTESIAN_POINT('',(-16.01391106333,21.191458970362,73.0791));
#2746 = ORIENTED_EDGE('',*,*,#2747,.F.);
#2747 = EDGE_CURVE('',#615,#2739,#2748,.T.);
#2748 = LINE('',#2749,#2750);
#2749 = CARTESIAN_POINT('',(-16.01391106333,21.191458970362,74.0791));
#2750 = VECTOR('',#2751,1.);
#2751 = DIRECTION('',(-0.,-0.,-1.));
#2752 = ORIENTED_EDGE('',*,*,#622,.F.);
#2753 = SURFACE_OF_LINEAR_EXTRUSION('',#2754,#2759);
#2754 = B_SPLINE_CURVE_WITH_KNOTS('',3,(#2755,#2756,#2757,#2758),
  .UNSPECIFIED.,.F.,.F.,(4,4),(0.,1.),.PIECEWISE_BEZIER_KNOTS.);
#2755 = CARTESIAN_POINT('',(-15.64059271624,20.736082348899,74.0791));
#2756 = CARTESIAN_POINT('',(-15.94199307001,20.745754616981,74.0791));
#2757 = CARTESIAN_POINT('',(-16.00907492929,20.827188874057,74.0791));
#2758 = CARTESIAN_POINT('',(-16.01391106333,21.191458970362,74.0791));
#2759 = VECTOR('',#2760,1.);
#2760 = DIRECTION('',(0.,0.,1.));
#2761 = ADVANCED_FACE('',(#2762),#2773,.F.);
#2762 = FACE_BOUND('',#2763,.F.);
#2763 = EDGE_LOOP('',(#2764,#2765,#2771,#2772));
#2764 = ORIENTED_EDGE('',*,*,#2747,.T.);
#2765 = ORIENTED_EDGE('',*,*,#2766,.T.);
#2766 = EDGE_CURVE('',#2739,#2479,#2767,.T.);
#2767 = LINE('',#2768,#2769);
#2768 = CARTESIAN_POINT('',(-16.01391106333,21.191458970362,73.0791));
#2769 = VECTOR('',#2770,1.);
#2770 = DIRECTION('',(-1.,2.22044604925E-16,0.));
#2771 = ORIENTED_EDGE('',*,*,#2478,.F.);
#2772 = ORIENTED_EDGE('',*,*,#614,.F.);
#2773 = PLANE('',#2774);
#2774 = AXIS2_PLACEMENT_3D('',#2775,#2776,#2777);
#2775 = CARTESIAN_POINT('',(-16.01391106333,21.191458970362,74.0791));
#2776 = DIRECTION('',(2.22044604925E-16,1.,-0.));
#2777 = DIRECTION('',(-1.,2.22044604925E-16,0.));
#2778 = ADVANCED_FACE('',(#2779),#2830,.T.);
#2779 = FACE_BOUND('',#2780,.F.);
#2780 = EDGE_LOOP('',(#2781,#2791,#2798,#2799,#2808,#2821,#2822,#2823));
#2781 = ORIENTED_EDGE('',*,*,#2782,.T.);
#2782 = EDGE_CURVE('',#2783,#2785,#2787,.T.);
#2783 = VERTEX_POINT('',#2784);
#2784 = CARTESIAN_POINT('',(-20.26067305233,7.9375,67.437));
#2785 = VERTEX_POINT('',#2786);
#2786 = CARTESIAN_POINT('',(-22.16567305233,7.9375,67.437));
#2787 = LINE('',#2788,#2789);
#2788 = CARTESIAN_POINT('',(-17.08567305233,7.9375,67.437));
#2789 = VECTOR('',#2790,1.);
#2790 = DIRECTION('',(-1.,0.,0.));
#2791 = ORIENTED_EDGE('',*,*,#2792,.T.);
#2792 = EDGE_CURVE('',#2785,#2785,#2793,.T.);
#2793 = CIRCLE('',#2794,4.7625);
#2794 = AXIS2_PLACEMENT_3D('',#2795,#2796,#2797);
#2795 = CARTESIAN_POINT('',(-22.16567305233,12.7,67.437));
#2796 = DIRECTION('',(-1.,0.,0.));
#2797 = DIRECTION('',(0.,-1.,0.));
#2798 = ORIENTED_EDGE('',*,*,#2782,.F.);
#2799 = ORIENTED_EDGE('',*,*,#2800,.F.);
#2800 = EDGE_CURVE('',#2801,#2783,#2803,.T.);
#2801 = VERTEX_POINT('',#2802);
#2802 = CARTESIAN_POINT('',(-20.26067305233,10.092489888342,63.45174));
#2803 = CIRCLE('',#2804,4.7625);
#2804 = AXIS2_PLACEMENT_3D('',#2805,#2806,#2807);
#2805 = CARTESIAN_POINT('',(-20.26067305233,12.7,67.437));
#2806 = DIRECTION('',(-1.,0.,0.));
#2807 = DIRECTION('',(0.,-1.,0.));
#2808 = ORIENTED_EDGE('',*,*,#2809,.F.);
#2809 = EDGE_CURVE('',#722,#2801,#2810,.T.);
#2810 = ( BOUNDED_CURVE() B_SPLINE_CURVE(9,(#2811,#2812,#2813,#2814,
    #2815,#2816,#2817,#2818,#2819,#2820),.UNSPECIFIED.,.F.,.F.) 
B_SPLINE_CURVE_WITH_KNOTS((10,10),(19.683435575928,25.202069462236),
.PIECEWISE_BEZIER_KNOTS.) CURVE() GEOMETRIC_REPRESENTATION_ITEM() 
RATIONAL_B_SPLINE_CURVE((1.,1.,1.,1.,1.,1.,1.,1.,1.,1.)) 
REPRESENTATION_ITEM('') );
#2811 = CARTESIAN_POINT('',(-20.26067305233,15.307510111658,63.45174));
#2812 = CARTESIAN_POINT('',(-20.26067305233,14.79440017807,
    63.116018029483));
#2813 = CARTESIAN_POINT('',(-20.10342566467,14.232661241337,
    62.854617252418));
#2814 = CARTESIAN_POINT('',(-20.00098135567,13.63459808314,
    62.675589351136));
#2815 = CARTESIAN_POINT('',(-19.91735718271,13.014068212724,
    62.584606120539));
#2816 = CARTESIAN_POINT('',(-19.91735718271,12.385931787276,
    62.584606120538));
#2817 = CARTESIAN_POINT('',(-20.00098135567,11.76540191686,
    62.675589351137));
#2818 = CARTESIAN_POINT('',(-20.10342566467,11.167338758662,
    62.854617252418));
#2819 = CARTESIAN_POINT('',(-20.26067305233,10.60559982193,
    63.116018029483));
#2820 = CARTESIAN_POINT('',(-20.26067305233,10.092489888342,63.45174));
#2821 = ORIENTED_EDGE('',*,*,#730,.F.);
#2822 = ORIENTED_EDGE('',*,*,#851,.F.);
#2823 = ORIENTED_EDGE('',*,*,#2824,.F.);
#2824 = EDGE_CURVE('',#2783,#841,#2825,.T.);
#2825 = CIRCLE('',#2826,4.7625);
#2826 = AXIS2_PLACEMENT_3D('',#2827,#2828,#2829);
#2827 = CARTESIAN_POINT('',(-20.26067305233,12.7,67.437));
#2828 = DIRECTION('',(-1.,0.,0.));
#2829 = DIRECTION('',(0.,-1.,0.));
#2830 = CYLINDRICAL_SURFACE('',#2831,4.7625);
#2831 = AXIS2_PLACEMENT_3D('',#2832,#2833,#2834);
#2832 = CARTESIAN_POINT('',(-17.08567305233,12.7,67.437));
#2833 = DIRECTION('',(1.,0.,0.));
#2834 = DIRECTION('',(0.,-1.,0.));
#2835 = ADVANCED_FACE('',(#2836),#2847,.T.);
#2836 = FACE_BOUND('',#2837,.T.);
#2837 = EDGE_LOOP('',(#2838,#2839,#2840,#2846));
#2838 = ORIENTED_EDGE('',*,*,#721,.F.);
#2839 = ORIENTED_EDGE('',*,*,#771,.T.);
#2840 = ORIENTED_EDGE('',*,*,#2841,.T.);
#2841 = EDGE_CURVE('',#772,#2801,#2842,.T.);
#2842 = ( BOUNDED_CURVE() B_SPLINE_CURVE(2,(#2843,#2844,#2845),
.UNSPECIFIED.,.F.,.F.) B_SPLINE_CURVE_WITH_KNOTS((3,3),(0.,
5.518633886307),.PIECEWISE_BEZIER_KNOTS.) CURVE() 
GEOMETRIC_REPRESENTATION_ITEM() RATIONAL_B_SPLINE_CURVE((1.,
0.707106781187,1.)) REPRESENTATION_ITEM('') );
#2843 = CARTESIAN_POINT('',(-17.08567305233,8.354149813903,60.7949));
#2844 = CARTESIAN_POINT('',(-17.08567305233,10.092489888342,63.45174));
#2845 = CARTESIAN_POINT('',(-20.26067305233,10.092489888342,63.45174));
#2846 = ORIENTED_EDGE('',*,*,#2809,.F.);
#2847 = ( BOUNDED_SURFACE() B_SPLINE_SURFACE(2,9,(
    (#2848,#2849,#2850,#2851,#2852,#2853,#2854,#2855,#2856,#2857)
    ,(#2858,#2859,#2860,#2861,#2862,#2863,#2864,#2865,#2866,#2867)
    ,(#2868,#2869,#2870,#2871,#2872,#2873,#2874,#2875,#2876,#2877
)),.UNSPECIFIED.,.F.,.F.,.F.) B_SPLINE_SURFACE_WITH_KNOTS((3,3),(10,10),
  (0.,5.518633886307),(19.683435575928,25.202069462236),
.PIECEWISE_BEZIER_KNOTS.) GEOMETRIC_REPRESENTATION_ITEM() 
RATIONAL_B_SPLINE_SURFACE((
    (1.,1.,1.,1.,1.,1.,1.,1.,1.,1.)
    ,(0.707106781187,0.78156593879,0.816769243619,0.840716920674
      ,0.849446816312,0.849446816312,0.840716920674,0.816769243619
      ,0.78156593879,0.707106781187)
,(1.,1.,1.,1.,1.,1.,1.,1.,1.,1.))) REPRESENTATION_ITEM('') SURFACE() );
#2848 = CARTESIAN_POINT('',(-20.26067305233,15.307510111658,63.45174));
#2849 = CARTESIAN_POINT('',(-20.26067305233,14.79440017807,
    63.116018029483));
#2850 = CARTESIAN_POINT('',(-20.10342566467,14.232661241337,
    62.854617252418));
#2851 = CARTESIAN_POINT('',(-20.00098135567,13.63459808314,
    62.675589351136));
#2852 = CARTESIAN_POINT('',(-19.91735718271,13.014068212724,
    62.584606120539));
#2853 = CARTESIAN_POINT('',(-19.91735718271,12.385931787276,
    62.584606120538));
#2854 = CARTESIAN_POINT('',(-20.00098135567,11.76540191686,
    62.675589351137));
#2855 = CARTESIAN_POINT('',(-20.10342566467,11.167338758662,
    62.854617252418));
#2856 = CARTESIAN_POINT('',(-20.26067305233,10.60559982193,
    63.116018029483));
#2857 = CARTESIAN_POINT('',(-20.26067305233,10.092489888342,63.45174));
#2858 = CARTESIAN_POINT('',(-17.08567305233,15.307510111658,63.45174));
#2859 = CARTESIAN_POINT('',(-17.69063243875,14.843283748243,
    63.148001991262));
#2860 = CARTESIAN_POINT('',(-17.8687182464,14.271551703434,
    62.866270536892));
#2861 = CARTESIAN_POINT('',(-17.94075665901,13.670351397549,
    62.682219904855));
#2862 = CARTESIAN_POINT('',(-17.95229754574,13.017011790132,
    62.580453532568));
#2863 = CARTESIAN_POINT('',(-17.95229754574,12.382988209868,
    62.580453532569));
#2864 = CARTESIAN_POINT('',(-17.94075665901,11.729648602451,
    62.682219904855));
#2865 = CARTESIAN_POINT('',(-17.8687182464,11.128448296566,
    62.866270536892));
#2866 = CARTESIAN_POINT('',(-17.69063243875,10.556716251757,
    63.148001991262));
#2867 = CARTESIAN_POINT('',(-17.08567305233,10.092489888342,63.45174));
#2868 = CARTESIAN_POINT('',(-17.08567305233,17.045850186097,60.7949));
#2869 = CARTESIAN_POINT('',(-17.08567305233,15.824568543762,60.7949));
#2870 = CARTESIAN_POINT('',(-17.08567305233,14.834740454397,60.7949));
#2871 = CARTESIAN_POINT('',(-17.08567305233,13.942893625486,60.7949));
#2872 = CARTESIAN_POINT('',(-17.08567305233,13.110712466579,60.7949));
#2873 = CARTESIAN_POINT('',(-17.08567305233,12.289287533421,60.7949));
#2874 = CARTESIAN_POINT('',(-17.08567305233,11.457106374514,60.7949));
#2875 = CARTESIAN_POINT('',(-17.08567305233,10.565259545603,60.7949));
#2876 = CARTESIAN_POINT('',(-17.08567305233,9.575431456238,60.7949));
#2877 = CARTESIAN_POINT('',(-17.08567305233,8.354149813903,60.7949));
#2878 = ADVANCED_FACE('',(#2879),#2912,.T.);
#2879 = FACE_BOUND('',#2880,.T.);
#2880 = EDGE_LOOP('',(#2881,#2890,#2891,#2899));
#2881 = ORIENTED_EDGE('',*,*,#2882,.F.);
#2882 = EDGE_CURVE('',#787,#2883,#2885,.T.);
#2883 = VERTEX_POINT('',#2884);
#2884 = CARTESIAN_POINT('',(-20.26067305233,-10.09248988834,63.45174));
#2885 = CIRCLE('',#2886,3.175);
#2886 = AXIS2_PLACEMENT_3D('',#2887,#2888,#2889);
#2887 = CARTESIAN_POINT('',(-20.26067305233,-8.354149813903,60.7949));
#2888 = DIRECTION('',(0.,-0.8368,-0.547508684863));
#2889 = DIRECTION('',(0.,0.547508684863,-0.8368));
#2890 = ORIENTED_EDGE('',*,*,#794,.T.);
#2891 = ORIENTED_EDGE('',*,*,#2892,.T.);
#2892 = EDGE_CURVE('',#795,#2893,#2895,.T.);
#2893 = VERTEX_POINT('',#2894);
#2894 = CARTESIAN_POINT('',(-20.26067305233,-15.30751011165,63.45174));
#2895 = ( BOUNDED_CURVE() B_SPLINE_CURVE(2,(#2896,#2897,#2898),
.UNSPECIFIED.,.F.,.F.) B_SPLINE_CURVE_WITH_KNOTS((3,3),(0.,
5.518633886307),.PIECEWISE_BEZIER_KNOTS.) CURVE() 
GEOMETRIC_REPRESENTATION_ITEM() RATIONAL_B_SPLINE_CURVE((1.,
0.707106781187,1.)) REPRESENTATION_ITEM('') );
#2896 = CARTESIAN_POINT('',(-17.08567305233,-17.04585018609,60.7949));
#2897 = CARTESIAN_POINT('',(-17.08567305233,-15.30751011165,63.45174));
#2898 = CARTESIAN_POINT('',(-20.26067305233,-15.30751011165,63.45174));
#2899 = ORIENTED_EDGE('',*,*,#2900,.F.);
#2900 = EDGE_CURVE('',#2883,#2893,#2901,.T.);
#2901 = ( BOUNDED_CURVE() B_SPLINE_CURVE(9,(#2902,#2903,#2904,#2905,
    #2906,#2907,#2908,#2909,#2910,#2911),.UNSPECIFIED.,.F.,.F.) 
B_SPLINE_CURVE_WITH_KNOTS((10,10),(19.683435575928,25.202069462236),
.PIECEWISE_BEZIER_KNOTS.) CURVE() GEOMETRIC_REPRESENTATION_ITEM() 
RATIONAL_B_SPLINE_CURVE((1.,1.,1.,1.,1.,1.,1.,1.,1.,1.)) 
REPRESENTATION_ITEM('') );
#2902 = CARTESIAN_POINT('',(-20.26067305233,-10.09248988834,63.45174));
#2903 = CARTESIAN_POINT('',(-20.26067305233,-10.60559982193,
    63.116018029483));
#2904 = CARTESIAN_POINT('',(-20.10342566467,-11.16733875866,
    62.854617252418));
#2905 = CARTESIAN_POINT('',(-20.00098135567,-11.76540191686,
    62.675589351136));
#2906 = CARTESIAN_POINT('',(-19.91735718271,-12.38593178727,
    62.584606120538));
#2907 = CARTESIAN_POINT('',(-19.91735718271,-13.01406821272,
    62.584606120538));
#2908 = CARTESIAN_POINT('',(-20.00098135567,-13.63459808314,
    62.675589351136));
#2909 = CARTESIAN_POINT('',(-20.10342566467,-14.23266124133,
    62.854617252418));
#2910 = CARTESIAN_POINT('',(-20.26067305233,-14.79440017807,
    63.116018029483));
#2911 = CARTESIAN_POINT('',(-20.26067305233,-15.30751011165,63.45174));
#2912 = ( BOUNDED_SURFACE() B_SPLINE_SURFACE(2,9,(
    (#2913,#2914,#2915,#2916,#2917,#2918,#2919,#2920,#2921,#2922)
    ,(#2923,#2924,#2925,#2926,#2927,#2928,#2929,#2930,#2931,#2932)
    ,(#2933,#2934,#2935,#2936,#2937,#2938,#2939,#2940,#2941,#2942
)),.UNSPECIFIED.,.F.,.F.,.F.) B_SPLINE_SURFACE_WITH_KNOTS((3,3),(10,10),
  (0.,5.518633886307),(19.683435575928,25.202069462236),
.PIECEWISE_BEZIER_KNOTS.) GEOMETRIC_REPRESENTATION_ITEM() 
RATIONAL_B_SPLINE_SURFACE((
    (1.,1.,1.,1.,1.,1.,1.,1.,1.,1.)
    ,(0.707106781187,0.78156593879,0.816769243619,0.840716920674
      ,0.849446816312,0.849446816312,0.840716920674,0.816769243619
      ,0.78156593879,0.707106781187)
,(1.,1.,1.,1.,1.,1.,1.,1.,1.,1.))) REPRESENTATION_ITEM('') SURFACE() );
#2913 = CARTESIAN_POINT('',(-20.26067305233,-10.09248988834,63.45174));
#2914 = CARTESIAN_POINT('',(-20.26067305233,-10.60559982193,
    63.116018029483));
#2915 = CARTESIAN_POINT('',(-20.10342566467,-11.16733875866,
    62.854617252418));
#2916 = CARTESIAN_POINT('',(-20.00098135567,-11.76540191686,
    62.675589351136));
#2917 = CARTESIAN_POINT('',(-19.91735718271,-12.38593178727,
    62.584606120538));
#2918 = CARTESIAN_POINT('',(-19.91735718271,-13.01406821272,
    62.584606120538));
#2919 = CARTESIAN_POINT('',(-20.00098135567,-13.63459808314,
    62.675589351136));
#2920 = CARTESIAN_POINT('',(-20.10342566467,-14.23266124133,
    62.854617252418));
#2921 = CARTESIAN_POINT('',(-20.26067305233,-14.79440017807,
    63.116018029483));
#2922 = CARTESIAN_POINT('',(-20.26067305233,-15.30751011165,63.45174));
#2923 = CARTESIAN_POINT('',(-17.08567305233,-10.09248988834,63.45174));
#2924 = CARTESIAN_POINT('',(-17.69063243875,-10.55671625175,
    63.148001991262));
#2925 = CARTESIAN_POINT('',(-17.8687182464,-11.12844829656,
    62.866270536892));
#2926 = CARTESIAN_POINT('',(-17.94075665901,-11.72964860245,
    62.682219904855));
#2927 = CARTESIAN_POINT('',(-17.95229754574,-12.38298820986,
    62.580453532569));
#2928 = CARTESIAN_POINT('',(-17.95229754574,-13.01701179013,
    62.580453532568));
#2929 = CARTESIAN_POINT('',(-17.94075665901,-13.67035139754,
    62.682219904855));
#2930 = CARTESIAN_POINT('',(-17.8687182464,-14.27155170343,
    62.866270536892));
#2931 = CARTESIAN_POINT('',(-17.69063243875,-14.84328374824,
    63.148001991262));
#2932 = CARTESIAN_POINT('',(-17.08567305233,-15.30751011165,63.45174));
#2933 = CARTESIAN_POINT('',(-17.08567305233,-8.354149813903,60.7949));
#2934 = CARTESIAN_POINT('',(-17.08567305233,-9.575431456238,60.7949));
#2935 = CARTESIAN_POINT('',(-17.08567305233,-10.5652595456,60.7949));
#2936 = CARTESIAN_POINT('',(-17.08567305233,-11.45710637451,60.7949));
#2937 = CARTESIAN_POINT('',(-17.08567305233,-12.28928753342,60.7949));
#2938 = CARTESIAN_POINT('',(-17.08567305233,-13.11071246658,60.7949));
#2939 = CARTESIAN_POINT('',(-17.08567305233,-13.94289362548,60.7949));
#2940 = CARTESIAN_POINT('',(-17.08567305233,-14.83474045439,60.7949));
#2941 = CARTESIAN_POINT('',(-17.08567305233,-15.82456854376,60.7949));
#2942 = CARTESIAN_POINT('',(-17.08567305233,-17.04585018609,60.7949));
#2943 = ADVANCED_FACE('',(#2944),#2956,.F.);
#2944 = FACE_BOUND('',#2945,.T.);
#2945 = EDGE_LOOP('',(#2946,#2953,#2954,#2955));
#2946 = ORIENTED_EDGE('',*,*,#2947,.F.);
#2947 = EDGE_CURVE('',#908,#2783,#2948,.T.);
#2948 = CIRCLE('',#2949,3.175);
#2949 = AXIS2_PLACEMENT_3D('',#2950,#2951,#2952);
#2950 = CARTESIAN_POINT('',(-20.26067305233,4.7625,67.437));
#2951 = DIRECTION('',(-0.,0.,1.));
#2952 = DIRECTION('',(0.,-1.,0.));
#2953 = ORIENTED_EDGE('',*,*,#916,.T.);
#2954 = ORIENTED_EDGE('',*,*,#840,.T.);
#2955 = ORIENTED_EDGE('',*,*,#2824,.F.);
#2956 = TOROIDAL_SURFACE('',#2957,7.9375,3.175);
#2957 = AXIS2_PLACEMENT_3D('',#2958,#2959,#2960);
#2958 = CARTESIAN_POINT('',(-20.26067305233,12.7,67.437));
#2959 = DIRECTION('',(1.,0.,0.));
#2960 = DIRECTION('',(0.,-1.,0.));
#2961 = ADVANCED_FACE('',(#2962),#2974,.F.);
#2962 = FACE_BOUND('',#2963,.T.);
#2963 = EDGE_LOOP('',(#2964,#2965,#2966,#2967));
#2964 = ORIENTED_EDGE('',*,*,#959,.F.);
#2965 = ORIENTED_EDGE('',*,*,#899,.T.);
#2966 = ORIENTED_EDGE('',*,*,#2882,.T.);
#2967 = ORIENTED_EDGE('',*,*,#2968,.F.);
#2968 = EDGE_CURVE('',#960,#2883,#2969,.T.);
#2969 = CIRCLE('',#2970,4.7625);
#2970 = AXIS2_PLACEMENT_3D('',#2971,#2972,#2973);
#2971 = CARTESIAN_POINT('',(-20.26067305233,-12.7,67.437));
#2972 = DIRECTION('',(-1.,-0.,0.));
#2973 = DIRECTION('',(0.,-1.,-2.98390650188E-15));
#2974 = TOROIDAL_SURFACE('',#2975,7.9375,3.175);
#2975 = AXIS2_PLACEMENT_3D('',#2976,#2977,#2978);
#2976 = CARTESIAN_POINT('',(-20.26067305233,-12.7,67.437));
#2977 = DIRECTION('',(1.,0.,0.));
#2978 = DIRECTION('',(0.,-1.,-2.98390650188E-15));
#2979 = ADVANCED_FACE('',(#2980),#2986,.F.);
#2980 = FACE_BOUND('',#2981,.T.);
#2981 = EDGE_LOOP('',(#2982,#2983,#2984,#2985));
#2982 = ORIENTED_EDGE('',*,*,#2841,.F.);
#2983 = ORIENTED_EDGE('',*,*,#907,.T.);
#2984 = ORIENTED_EDGE('',*,*,#2947,.T.);
#2985 = ORIENTED_EDGE('',*,*,#2800,.F.);
#2986 = TOROIDAL_SURFACE('',#2987,7.9375,3.175);
#2987 = AXIS2_PLACEMENT_3D('',#2988,#2989,#2990);
#2988 = CARTESIAN_POINT('',(-20.26067305233,12.7,67.437));
#2989 = DIRECTION('',(1.,0.,0.));
#2990 = DIRECTION('',(0.,-1.,0.));
#2991 = ADVANCED_FACE('',(#2992),#3012,.F.);
#2992 = FACE_BOUND('',#2993,.T.);
#2993 = EDGE_LOOP('',(#2994,#3003,#3004,#3005));
#2994 = ORIENTED_EDGE('',*,*,#2995,.F.);
#2995 = EDGE_CURVE('',#1035,#2996,#2998,.T.);
#2996 = VERTEX_POINT('',#2997);
#2997 = CARTESIAN_POINT('',(-20.26067305233,-17.4625,67.437));
#2998 = CIRCLE('',#2999,3.175);
#2999 = AXIS2_PLACEMENT_3D('',#3000,#3001,#3002);
#3000 = CARTESIAN_POINT('',(-20.26067305233,-20.6375,67.437));
#3001 = DIRECTION('',(0.,-2.98390650188E-15,1.));
#3002 = DIRECTION('',(0.,-1.,-2.98390650188E-15));
#3003 = ORIENTED_EDGE('',*,*,#1043,.T.);
#3004 = ORIENTED_EDGE('',*,*,#949,.T.);
#3005 = ORIENTED_EDGE('',*,*,#3006,.F.);
#3006 = EDGE_CURVE('',#2996,#950,#3007,.T.);
#3007 = CIRCLE('',#3008,4.7625);
#3008 = AXIS2_PLACEMENT_3D('',#3009,#3010,#3011);
#3009 = CARTESIAN_POINT('',(-20.26067305233,-12.7,67.437));
#3010 = DIRECTION('',(-1.,-0.,0.));
#3011 = DIRECTION('',(0.,-1.,-2.98390650188E-15));
#3012 = TOROIDAL_SURFACE('',#3013,7.9375,3.175);
#3013 = AXIS2_PLACEMENT_3D('',#3014,#3015,#3016);
#3014 = CARTESIAN_POINT('',(-20.26067305233,-12.7,67.437));
#3015 = DIRECTION('',(1.,0.,0.));
#3016 = DIRECTION('',(0.,-1.,-2.98390650188E-15));
#3017 = ADVANCED_FACE('',(#3018),#3047,.T.);
#3018 = FACE_BOUND('',#3019,.F.);
#3019 = EDGE_LOOP('',(#3020,#3028,#3035,#3036,#3043,#3044,#3045,#3046));
#3020 = ORIENTED_EDGE('',*,*,#3021,.T.);
#3021 = EDGE_CURVE('',#2996,#3022,#3024,.T.);
#3022 = VERTEX_POINT('',#3023);
#3023 = CARTESIAN_POINT('',(-22.16567305233,-17.4625,67.437));
#3024 = LINE('',#3025,#3026);
#3025 = CARTESIAN_POINT('',(-17.08567305233,-17.4625,67.437));
#3026 = VECTOR('',#3027,1.);
#3027 = DIRECTION('',(-1.,0.,0.));
#3028 = ORIENTED_EDGE('',*,*,#3029,.T.);
#3029 = EDGE_CURVE('',#3022,#3022,#3030,.T.);
#3030 = CIRCLE('',#3031,4.7625);
#3031 = AXIS2_PLACEMENT_3D('',#3032,#3033,#3034);
#3032 = CARTESIAN_POINT('',(-22.16567305233,-12.7,67.437));
#3033 = DIRECTION('',(-1.,0.,0.));
#3034 = DIRECTION('',(0.,-1.,0.));
#3035 = ORIENTED_EDGE('',*,*,#3021,.F.);
#3036 = ORIENTED_EDGE('',*,*,#3037,.F.);
#3037 = EDGE_CURVE('',#2893,#2996,#3038,.T.);
#3038 = CIRCLE('',#3039,4.7625);
#3039 = AXIS2_PLACEMENT_3D('',#3040,#3041,#3042);
#3040 = CARTESIAN_POINT('',(-20.26067305233,-12.7,67.437));
#3041 = DIRECTION('',(-1.,-0.,0.));
#3042 = DIRECTION('',(0.,-1.,-2.98390650188E-15));
#3043 = ORIENTED_EDGE('',*,*,#2900,.F.);
#3044 = ORIENTED_EDGE('',*,*,#2968,.F.);
#3045 = ORIENTED_EDGE('',*,*,#967,.F.);
#3046 = ORIENTED_EDGE('',*,*,#3006,.F.);
#3047 = CYLINDRICAL_SURFACE('',#3048,4.7625);
#3048 = AXIS2_PLACEMENT_3D('',#3049,#3050,#3051);
#3049 = CARTESIAN_POINT('',(-17.08567305233,-12.7,67.437));
#3050 = DIRECTION('',(1.,0.,0.));
#3051 = DIRECTION('',(0.,-1.,0.));
#3052 = ADVANCED_FACE('',(#3053),#3059,.F.);
#3053 = FACE_BOUND('',#3054,.T.);
#3054 = EDGE_LOOP('',(#3055,#3056,#3057,#3058));
#3055 = ORIENTED_EDGE('',*,*,#2892,.F.);
#3056 = ORIENTED_EDGE('',*,*,#1034,.T.);
#3057 = ORIENTED_EDGE('',*,*,#2995,.T.);
#3058 = ORIENTED_EDGE('',*,*,#3037,.F.);
#3059 = TOROIDAL_SURFACE('',#3060,7.9375,3.175);
#3060 = AXIS2_PLACEMENT_3D('',#3061,#3062,#3063);
#3061 = CARTESIAN_POINT('',(-20.26067305233,-12.7,67.437));
#3062 = DIRECTION('',(1.,0.,0.));
#3063 = DIRECTION('',(0.,-1.,-2.98390650188E-15));
#3064 = ADVANCED_FACE('',(#3065),#3073,.T.);
#3065 = FACE_BOUND('',#3066,.F.);
#3066 = EDGE_LOOP('',(#3067,#3068,#3069,#3070,#3071,#3072));
#3067 = ORIENTED_EDGE('',*,*,#1066,.F.);
#3068 = ORIENTED_EDGE('',*,*,#1206,.F.);
#3069 = ORIENTED_EDGE('',*,*,#1178,.F.);
#3070 = ORIENTED_EDGE('',*,*,#1150,.F.);
#3071 = ORIENTED_EDGE('',*,*,#1122,.F.);
#3072 = ORIENTED_EDGE('',*,*,#1094,.F.);
#3073 = PLANE('',#3074);
#3074 = AXIS2_PLACEMENT_3D('',#3075,#3076,#3077);
#3075 = CARTESIAN_POINT('',(-13.41407679558,12.391154503163,73.0791));
#3076 = DIRECTION('',(0.,0.,1.));
#3077 = DIRECTION('',(-2.22044604925E-16,-1.,0.));
#3078 = ADVANCED_FACE('',(#3079),#3087,.T.);
#3079 = FACE_BOUND('',#3080,.F.);
#3080 = EDGE_LOOP('',(#3081,#3082,#3083,#3084,#3085,#3086));
#3081 = ORIENTED_EDGE('',*,*,#1230,.F.);
#3082 = ORIENTED_EDGE('',*,*,#1370,.F.);
#3083 = ORIENTED_EDGE('',*,*,#1342,.F.);
#3084 = ORIENTED_EDGE('',*,*,#1314,.F.);
#3085 = ORIENTED_EDGE('',*,*,#1286,.F.);
#3086 = ORIENTED_EDGE('',*,*,#1258,.F.);
#3087 = PLANE('',#3088);
#3088 = AXIS2_PLACEMENT_3D('',#3089,#3090,#3091);
#3089 = CARTESIAN_POINT('',(-13.41407679558,12.391154503163,73.0791));
#3090 = DIRECTION('',(0.,0.,1.));
#3091 = DIRECTION('',(-2.22044604925E-16,-1.,0.));
#3092 = ADVANCED_FACE('',(#3093),#3116,.T.);
#3093 = FACE_BOUND('',#3094,.F.);
#3094 = EDGE_LOOP('',(#3095,#3096,#3097,#3098,#3099,#3100,#3101,#3102,
    #3103,#3104,#3105,#3106,#3107,#3108,#3109,#3110,#3111,#3112,#3113,
    #3114,#3115));
#3095 = ORIENTED_EDGE('',*,*,#1394,.F.);
#3096 = ORIENTED_EDGE('',*,*,#1934,.F.);
#3097 = ORIENTED_EDGE('',*,*,#1906,.F.);
#3098 = ORIENTED_EDGE('',*,*,#1878,.F.);
#3099 = ORIENTED_EDGE('',*,*,#1850,.F.);
#3100 = ORIENTED_EDGE('',*,*,#1822,.F.);
#3101 = ORIENTED_EDGE('',*,*,#1794,.F.);
#3102 = ORIENTED_EDGE('',*,*,#1766,.F.);
#3103 = ORIENTED_EDGE('',*,*,#1738,.F.);
#3104 = ORIENTED_EDGE('',*,*,#1710,.F.);
#3105 = ORIENTED_EDGE('',*,*,#1682,.F.);
#3106 = ORIENTED_EDGE('',*,*,#1654,.F.);
#3107 = ORIENTED_EDGE('',*,*,#1626,.F.);
#3108 = ORIENTED_EDGE('',*,*,#1598,.F.);
#3109 = ORIENTED_EDGE('',*,*,#1570,.F.);
#3110 = ORIENTED_EDGE('',*,*,#1546,.F.);
#3111 = ORIENTED_EDGE('',*,*,#1522,.F.);
#3112 = ORIENTED_EDGE('',*,*,#1494,.F.);
#3113 = ORIENTED_EDGE('',*,*,#1470,.F.);
#3114 = ORIENTED_EDGE('',*,*,#1446,.F.);
#3115 = ORIENTED_EDGE('',*,*,#1418,.F.);
#3116 = PLANE('',#3117);
#3117 = AXIS2_PLACEMENT_3D('',#3118,#3119,#3120);
#3118 = CARTESIAN_POINT('',(-14.4740179758,14.540120107883,73.0791));
#3119 = DIRECTION('',(0.,0.,1.));
#3120 = DIRECTION('',(-2.22044604925E-16,-1.,0.));
#3121 = ADVANCED_FACE('',(#3122),#3128,.T.);
#3122 = FACE_BOUND('',#3123,.F.);
#3123 = EDGE_LOOP('',(#3124,#3125,#3126,#3127));
#3124 = ORIENTED_EDGE('',*,*,#1958,.F.);
#3125 = ORIENTED_EDGE('',*,*,#2042,.F.);
#3126 = ORIENTED_EDGE('',*,*,#2014,.F.);
#3127 = ORIENTED_EDGE('',*,*,#1986,.F.);
#3128 = PLANE('',#3129);
#3129 = AXIS2_PLACEMENT_3D('',#3130,#3131,#3132);
#3130 = CARTESIAN_POINT('',(-15.87074739625,18.760032315429,73.0791));
#3131 = DIRECTION('',(0.,0.,1.));
#3132 = DIRECTION('',(-2.22044604925E-16,-1.,0.));
#3133 = ADVANCED_FACE('',(#3134),#3152,.T.);
#3134 = FACE_BOUND('',#3135,.F.);
#3135 = EDGE_LOOP('',(#3136,#3137,#3138,#3139,#3140,#3141,#3142,#3143,
    #3144,#3145,#3146,#3147,#3148,#3149,#3150,#3151));
#3136 = ORIENTED_EDGE('',*,*,#2070,.F.);
#3137 = ORIENTED_EDGE('',*,*,#2462,.F.);
#3138 = ORIENTED_EDGE('',*,*,#2438,.F.);
#3139 = ORIENTED_EDGE('',*,*,#2414,.F.);
#3140 = ORIENTED_EDGE('',*,*,#2390,.F.);
#3141 = ORIENTED_EDGE('',*,*,#2362,.F.);
#3142 = ORIENTED_EDGE('',*,*,#2334,.F.);
#3143 = ORIENTED_EDGE('',*,*,#2306,.F.);
#3144 = ORIENTED_EDGE('',*,*,#2282,.F.);
#3145 = ORIENTED_EDGE('',*,*,#2254,.F.);
#3146 = ORIENTED_EDGE('',*,*,#2226,.F.);
#3147 = ORIENTED_EDGE('',*,*,#2198,.F.);
#3148 = ORIENTED_EDGE('',*,*,#2170,.F.);
#3149 = ORIENTED_EDGE('',*,*,#2146,.F.);
#3150 = ORIENTED_EDGE('',*,*,#2122,.F.);
#3151 = ORIENTED_EDGE('',*,*,#2094,.F.);
#3152 = PLANE('',#3153);
#3153 = AXIS2_PLACEMENT_3D('',#3154,#3155,#3156);
#3154 = CARTESIAN_POINT('',(-14.64589002935,16.958591585901,73.0791));
#3155 = DIRECTION('',(0.,0.,1.));
#3156 = DIRECTION('',(-2.22044604925E-16,-1.,0.));
#3157 = ADVANCED_FACE('',(#3158),#3172,.T.);
#3158 = FACE_BOUND('',#3159,.F.);
#3159 = EDGE_LOOP('',(#3160,#3161,#3162,#3163,#3164,#3165,#3166,#3167,
    #3168,#3169,#3170,#3171));
#3160 = ORIENTED_EDGE('',*,*,#2486,.F.);
#3161 = ORIENTED_EDGE('',*,*,#2766,.F.);
#3162 = ORIENTED_EDGE('',*,*,#2738,.F.);
#3163 = ORIENTED_EDGE('',*,*,#2714,.F.);
#3164 = ORIENTED_EDGE('',*,*,#2686,.F.);
#3165 = ORIENTED_EDGE('',*,*,#2658,.F.);
#3166 = ORIENTED_EDGE('',*,*,#2634,.F.);
#3167 = ORIENTED_EDGE('',*,*,#2610,.F.);
#3168 = ORIENTED_EDGE('',*,*,#2586,.F.);
#3169 = ORIENTED_EDGE('',*,*,#2562,.F.);
#3170 = ORIENTED_EDGE('',*,*,#2534,.F.);
#3171 = ORIENTED_EDGE('',*,*,#2510,.F.);
#3172 = PLANE('',#3173);
#3173 = AXIS2_PLACEMENT_3D('',#3174,#3175,#3176);
#3174 = CARTESIAN_POINT('',(-14.646620708,20.575132259535,73.0791));
#3175 = DIRECTION('',(0.,0.,1.));
#3176 = DIRECTION('',(-2.22044604925E-16,-1.,0.));
#3177 = ADVANCED_FACE('',(#3178,#3181),#3192,.F.);
#3178 = FACE_BOUND('',#3179,.T.);
#3179 = EDGE_LOOP('',(#3180));
#3180 = ORIENTED_EDGE('',*,*,#2792,.T.);
#3181 = FACE_BOUND('',#3182,.F.);
#3182 = EDGE_LOOP('',(#3183));
#3183 = ORIENTED_EDGE('',*,*,#3184,.T.);
#3184 = EDGE_CURVE('',#3185,#3185,#3187,.T.);
#3185 = VERTEX_POINT('',#3186);
#3186 = CARTESIAN_POINT('',(-22.16567305233,9.70026,67.437));
#3187 = CIRCLE('',#3188,2.99974);
#3188 = AXIS2_PLACEMENT_3D('',#3189,#3190,#3191);
#3189 = CARTESIAN_POINT('',(-22.16567305233,12.7,67.437));
#3190 = DIRECTION('',(-1.,0.,0.));
#3191 = DIRECTION('',(0.,-1.,0.));
#3192 = PLANE('',#3193);
#3193 = AXIS2_PLACEMENT_3D('',#3194,#3195,#3196);
#3194 = CARTESIAN_POINT('',(-22.16567305233,5.196886969472E-15,67.437));
#3195 = DIRECTION('',(1.,0.,0.));
#3196 = DIRECTION('',(0.,0.,1.));
#3197 = ADVANCED_FACE('',(#3198,#3201),#3212,.F.);
#3198 = FACE_BOUND('',#3199,.T.);
#3199 = EDGE_LOOP('',(#3200));
#3200 = ORIENTED_EDGE('',*,*,#3029,.T.);
#3201 = FACE_BOUND('',#3202,.F.);
#3202 = EDGE_LOOP('',(#3203));
#3203 = ORIENTED_EDGE('',*,*,#3204,.T.);
#3204 = EDGE_CURVE('',#3205,#3205,#3207,.T.);
#3205 = VERTEX_POINT('',#3206);
#3206 = CARTESIAN_POINT('',(-22.16567305233,-15.69974,67.437));
#3207 = CIRCLE('',#3208,2.99974);
#3208 = AXIS2_PLACEMENT_3D('',#3209,#3210,#3211);
#3209 = CARTESIAN_POINT('',(-22.16567305233,-12.7,67.437));
#3210 = DIRECTION('',(-1.,0.,0.));
#3211 = DIRECTION('',(0.,-1.,0.));
#3212 = PLANE('',#3213);
#3213 = AXIS2_PLACEMENT_3D('',#3214,#3215,#3216);
#3214 = CARTESIAN_POINT('',(-22.16567305233,5.196886969472E-15,67.437));
#3215 = DIRECTION('',(1.,0.,0.));
#3216 = DIRECTION('',(0.,0.,1.));
#3217 = ADVANCED_FACE('',(#3218),#3237,.F.);
#3218 = FACE_BOUND('',#3219,.T.);
#3219 = EDGE_LOOP('',(#3220,#3228,#3229,#3230));
#3220 = ORIENTED_EDGE('',*,*,#3221,.T.);
#3221 = EDGE_CURVE('',#3222,#3185,#3224,.T.);
#3222 = VERTEX_POINT('',#3223);
#3223 = CARTESIAN_POINT('',(-17.08567305233,9.70026,67.437));
#3224 = LINE('',#3225,#3226);
#3225 = CARTESIAN_POINT('',(-17.08567305233,9.70026,67.437));
#3226 = VECTOR('',#3227,1.);
#3227 = DIRECTION('',(-1.,0.,0.));
#3228 = ORIENTED_EDGE('',*,*,#3184,.T.);
#3229 = ORIENTED_EDGE('',*,*,#3221,.F.);
#3230 = ORIENTED_EDGE('',*,*,#3231,.F.);
#3231 = EDGE_CURVE('',#3222,#3222,#3232,.T.);
#3232 = CIRCLE('',#3233,2.99974);
#3233 = AXIS2_PLACEMENT_3D('',#3234,#3235,#3236);
#3234 = CARTESIAN_POINT('',(-17.08567305233,12.7,67.437));
#3235 = DIRECTION('',(-1.,0.,0.));
#3236 = DIRECTION('',(0.,-1.,0.));
#3237 = CYLINDRICAL_SURFACE('',#3238,2.99974);
#3238 = AXIS2_PLACEMENT_3D('',#3239,#3240,#3241);
#3239 = CARTESIAN_POINT('',(-17.08567305233,12.7,67.437));
#3240 = DIRECTION('',(1.,0.,0.));
#3241 = DIRECTION('',(0.,-1.,0.));
#3242 = ADVANCED_FACE('',(#3243),#3262,.F.);
#3243 = FACE_BOUND('',#3244,.T.);
#3244 = EDGE_LOOP('',(#3245,#3253,#3254,#3255));
#3245 = ORIENTED_EDGE('',*,*,#3246,.T.);
#3246 = EDGE_CURVE('',#3247,#3205,#3249,.T.);
#3247 = VERTEX_POINT('',#3248);
#3248 = CARTESIAN_POINT('',(-17.08567305233,-15.69974,67.437));
#3249 = LINE('',#3250,#3251);
#3250 = CARTESIAN_POINT('',(-17.08567305233,-15.69974,67.437));
#3251 = VECTOR('',#3252,1.);
#3252 = DIRECTION('',(-1.,0.,0.));
#3253 = ORIENTED_EDGE('',*,*,#3204,.T.);
#3254 = ORIENTED_EDGE('',*,*,#3246,.F.);
#3255 = ORIENTED_EDGE('',*,*,#3256,.F.);
#3256 = EDGE_CURVE('',#3247,#3247,#3257,.T.);
#3257 = CIRCLE('',#3258,2.99974);
#3258 = AXIS2_PLACEMENT_3D('',#3259,#3260,#3261);
#3259 = CARTESIAN_POINT('',(-17.08567305233,-12.7,67.437));
#3260 = DIRECTION('',(-1.,0.,0.));
#3261 = DIRECTION('',(0.,-1.,0.));
#3262 = CYLINDRICAL_SURFACE('',#3263,2.99974);
#3263 = AXIS2_PLACEMENT_3D('',#3264,#3265,#3266);
#3264 = CARTESIAN_POINT('',(-17.08567305233,-12.7,67.437));
#3265 = DIRECTION('',(1.,0.,0.));
#3266 = DIRECTION('',(0.,-1.,0.));
#3267 = ADVANCED_FACE('',(#3268),#3271,.F.);
#3268 = FACE_BOUND('',#3269,.F.);
#3269 = EDGE_LOOP('',(#3270));
#3270 = ORIENTED_EDGE('',*,*,#3231,.F.);
#3271 = PLANE('',#3272);
#3272 = AXIS2_PLACEMENT_3D('',#3273,#3274,#3275);
#3273 = CARTESIAN_POINT('',(-17.08567305233,22.225,74.0791));
#3274 = DIRECTION('',(1.,0.,0.));
#3275 = DIRECTION('',(0.,-2.22044604925E-16,-1.));
#3276 = ADVANCED_FACE('',(#3277),#3280,.F.);
#3277 = FACE_BOUND('',#3278,.F.);
#3278 = EDGE_LOOP('',(#3279));
#3279 = ORIENTED_EDGE('',*,*,#3256,.F.);
#3280 = PLANE('',#3281);
#3281 = AXIS2_PLACEMENT_3D('',#3282,#3283,#3284);
#3282 = CARTESIAN_POINT('',(-17.08567305233,22.225,74.0791));
#3283 = DIRECTION('',(1.,0.,0.));
#3284 = DIRECTION('',(0.,-2.22044604925E-16,-1.));
#3285 = ( GEOMETRIC_REPRESENTATION_CONTEXT(3) 
GLOBAL_UNCERTAINTY_ASSIGNED_CONTEXT((#3289)) 
GLOBAL_UNIT_ASSIGNED_CONTEXT((#3286,#3287,#3288)) REPRESENTATION_CONTEXT
('Context #1','3D Context with UNIT and UNCERTAINTY') );
#3286 = ( LENGTH_UNIT() NAMED_UNIT(*) SI_UNIT(.MILLI.,.METRE.) );
#3287 = ( NAMED_UNIT(*) PLANE_ANGLE_UNIT() SI_UNIT($,.RADIAN.) );
#3288 = ( NAMED_UNIT(*) SI_UNIT($,.STERADIAN.) SOLID_ANGLE_UNIT() );
#3289 = UNCERTAINTY_MEASURE_WITH_UNIT(LENGTH_MEASURE(1.E-05),#3286,
  'distance_accuracy_value','confusion accuracy');
#3290 = PRODUCT_RELATED_PRODUCT_CATEGORY('part',$,(#7));
#3291 = MECHANICAL_DESIGN_GEOMETRIC_PRESENTATION_REPRESENTATION('',(
    #3292),#3285);
#3292 = STYLED_ITEM('color',(#3293),#15);
#3293 = PRESENTATION_STYLE_ASSIGNMENT((#3294,#3300));
#3294 = SURFACE_STYLE_USAGE(.BOTH.,#3295);
#3295 = SURFACE_SIDE_STYLE('',(#3296));
#3296 = SURFACE_STYLE_FILL_AREA(#3297);
#3297 = FILL_AREA_STYLE('',(#3298));
#3298 = FILL_AREA_STYLE_COLOUR('',#3299);
#3299 = COLOUR_RGB('',0.678431390124,0.709803936702,0.741176476869);
#3300 = CURVE_STYLE('',#3301,POSITIVE_LENGTH_MEASURE(0.1),#3302);
#3301 = DRAUGHTING_PRE_DEFINED_CURVE_FONT('continuous');
#3302 = COLOUR_RGB('',9.803921802644E-02,9.803921802644E-02,
  9.803921802644E-02);
ENDSEC;
END-ISO-10303-21;
