ISO-10303-21;
HEADER;
FILE_DESCRIPTION(('FreeCAD Model'),'2;1');
FILE_NAME('Open CASCADE Shape Model','2026-06-11T06:40:17',(''),(''),
  'Open CASCADE STEP processor 7.8','FreeCAD','Unknown');
FILE_SCHEMA(('AUTOMOTIVE_DESIGN { 1 0 10303 214 1 1 1 1 }'));
ENDSEC;
DATA;
#1 = APPLICATION_PROTOCOL_DEFINITION('international standard',
  'automotive_design',2000,#2);
#2 = APPLICATION_CONTEXT(
  'core data for automotive mechanical design processes');
#3 = SHAPE_DEFINITION_REPRESENTATION(#4,#10);
#4 = PRODUCT_DEFINITION_SHAPE('','',#5);
#5 = PRODUCT_DEFINITION('design','',#6,#9);
#6 = PRODUCT_DEFINITION_FORMATION('','',#7);
#7 = PRODUCT('Pad005','Pad005','',(#8));
#8 = PRODUCT_CONTEXT('',#2,'mechanical');
#9 = PRODUCT_DEFINITION_CONTEXT('part definition',#2,'design');
#10 = ADVANCED_BREP_SHAPE_REPRESENTATION('',(#11,#15),#2923);
#11 = AXIS2_PLACEMENT_3D('',#12,#13,#14);
#12 = CARTESIAN_POINT('',(0.,0.,0.));
#13 = DIRECTION('',(0.,0.,1.));
#14 = DIRECTION('',(1.,0.,-0.));
#15 = MANIFOLD_SOLID_BREP('',#16);
#16 = CLOSED_SHELL('',(#17,#58,#533,#566,#643,#701,#734,#767,#832,#864,
    #895,#923,#947,#971,#999,#1023,#1047,#1075,#1103,#1131,#1159,#1187,
    #1215,#1243,#1271,#1299,#1327,#1355,#1383,#1411,#1428,#1463,#1491,
    #1519,#1547,#1575,#1592,#1627,#1655,#1683,#1711,#1739,#1756,#1791,
    #1819,#1847,#1868,#1903,#1931,#1959,#1987,#2015,#2043,#2064,#2121,
    #2164,#2197,#2262,#2280,#2298,#2310,#2341,#2367,#2402,#2414,#2443,
    #2457,#2471,#2483,#2536,#2556,#2589,#2620,#2653,#2675,#2695,#2730,
    #2758,#2786,#2807,#2832,#2857,#2869,#2878,#2887,#2905));
#17 = ADVANCED_FACE('',(#18),#53,.F.);
#18 = FACE_BOUND('',#19,.F.);
#19 = EDGE_LOOP('',(#20,#30,#39,#47));
#20 = ORIENTED_EDGE('',*,*,#21,.T.);
#21 = EDGE_CURVE('',#22,#24,#26,.T.);
#22 = VERTEX_POINT('',#23);
#23 = CARTESIAN_POINT('',(-7.589014910633,22.225,74.0791));
#24 = VERTEX_POINT('',#25);
#25 = CARTESIAN_POINT('',(-7.589014910633,17.045850186097,74.0791));
#26 = LINE('',#27,#28);
#27 = CARTESIAN_POINT('',(-7.589014910633,22.225,74.0791));
#28 = VECTOR('',#29,1.);
#29 = DIRECTION('',(0.,-1.,2.22044604925E-16));
#30 = ORIENTED_EDGE('',*,*,#31,.T.);
#31 = EDGE_CURVE('',#24,#32,#34,.T.);
#32 = VERTEX_POINT('',#33);
#33 = CARTESIAN_POINT('',(-7.589014910633,17.045850186097,60.7949));
#34 = CIRCLE('',#35,7.9375);
#35 = AXIS2_PLACEMENT_3D('',#36,#37,#38);
#36 = CARTESIAN_POINT('',(-7.589014910633,12.7,67.437));
#37 = DIRECTION('',(-1.,0.,0.));
#38 = DIRECTION('',(0.,-1.,0.));
#39 = ORIENTED_EDGE('',*,*,#40,.F.);
#40 = EDGE_CURVE('',#41,#32,#43,.T.);
#41 = VERTEX_POINT('',#42);
#42 = CARTESIAN_POINT('',(-7.589014910633,22.225,60.7949));
#43 = LINE('',#44,#45);
#44 = CARTESIAN_POINT('',(-7.589014910633,22.225,60.7949));
#45 = VECTOR('',#46,1.);
#46 = DIRECTION('',(0.,-1.,2.22044604925E-16));
#47 = ORIENTED_EDGE('',*,*,#48,.F.);
#48 = EDGE_CURVE('',#22,#41,#49,.T.);
#49 = LINE('',#50,#51);
#50 = CARTESIAN_POINT('',(-7.589014910633,22.225,74.0791));
#51 = VECTOR('',#52,1.);
#52 = DIRECTION('',(0.,-2.22044604925E-16,-1.));
#53 = PLANE('',#54);
#54 = AXIS2_PLACEMENT_3D('',#55,#56,#57);
#55 = CARTESIAN_POINT('',(-7.589014910633,22.225,74.0791));
#56 = DIRECTION('',(1.,0.,0.));
#57 = DIRECTION('',(0.,-2.22044604925E-16,-1.));
#58 = ADVANCED_FACE('',(#59,#130,#315,#370,#425,#463),#528,.T.);
#59 = FACE_BOUND('',#60,.T.);
#60 = EDGE_LOOP('',(#61,#62,#77,#85,#100,#108,#116,#124));
#61 = ORIENTED_EDGE('',*,*,#21,.T.);
#62 = ORIENTED_EDGE('',*,*,#63,.F.);
#63 = EDGE_CURVE('',#64,#24,#66,.T.);
#64 = VERTEX_POINT('',#65);
#65 = CARTESIAN_POINT('',(-7.589014910633,8.354149813903,74.0791));
#66 = ( BOUNDED_CURVE() B_SPLINE_CURVE(9,(#67,#68,#69,#70,#71,#72,#73,
#74,#75,#76),.UNSPECIFIED.,.F.,.F.) B_SPLINE_CURVE_WITH_KNOTS((10,10),(
4.721600563207,10.240234449514),.PIECEWISE_BEZIER_KNOTS.) CURVE() 
GEOMETRIC_REPRESENTATION_ITEM() RATIONAL_B_SPLINE_CURVE((1.,1.,1.,1.,1.,
1.,1.,1.,1.,1.)) REPRESENTATION_ITEM('') );
#67 = CARTESIAN_POINT('',(-7.589014910633,8.354149813903,74.0791));
#68 = CARTESIAN_POINT('',(-7.589014910633,9.575431456238,74.0791));
#69 = CARTESIAN_POINT('',(-7.589014910633,10.565259545603,74.0791));
#70 = CARTESIAN_POINT('',(-7.589014910633,11.457106374514,74.0791));
#71 = CARTESIAN_POINT('',(-7.589014910633,12.289287533421,74.0791));
#72 = CARTESIAN_POINT('',(-7.589014910633,13.110712466579,74.0791));
#73 = CARTESIAN_POINT('',(-7.589014910633,13.942893625486,74.0791));
#74 = CARTESIAN_POINT('',(-7.589014910633,14.834740454397,74.0791));
#75 = CARTESIAN_POINT('',(-7.589014910633,15.824568543762,74.0791));
#76 = CARTESIAN_POINT('',(-7.589014910633,17.045850186097,74.0791));
#77 = ORIENTED_EDGE('',*,*,#78,.T.);
#78 = EDGE_CURVE('',#64,#79,#81,.T.);
#79 = VERTEX_POINT('',#80);
#80 = CARTESIAN_POINT('',(-7.589014910633,-8.354149813903,74.0791));
#81 = LINE('',#82,#83);
#82 = CARTESIAN_POINT('',(-7.589014910633,22.225,74.0791));
#83 = VECTOR('',#84,1.);
#84 = DIRECTION('',(0.,-1.,2.22044604925E-16));
#85 = ORIENTED_EDGE('',*,*,#86,.F.);
#86 = EDGE_CURVE('',#87,#79,#89,.T.);
#87 = VERTEX_POINT('',#88);
#88 = CARTESIAN_POINT('',(-7.589014910633,-17.04585018609,74.0791));
#89 = ( BOUNDED_CURVE() B_SPLINE_CURVE(9,(#90,#91,#92,#93,#94,#95,#96,
#97,#98,#99),.UNSPECIFIED.,.F.,.F.) B_SPLINE_CURVE_WITH_KNOTS((10,10),(
4.721600563207,10.240234449514),.PIECEWISE_BEZIER_KNOTS.) CURVE() 
GEOMETRIC_REPRESENTATION_ITEM() RATIONAL_B_SPLINE_CURVE((1.,1.,1.,1.,1.,
1.,1.,1.,1.,1.)) REPRESENTATION_ITEM('') );
#90 = CARTESIAN_POINT('',(-7.589014910633,-17.04585018609,74.0791));
#91 = CARTESIAN_POINT('',(-7.589014910633,-15.82456854376,74.0791));
#92 = CARTESIAN_POINT('',(-7.589014910633,-14.83474045439,74.0791));
#93 = CARTESIAN_POINT('',(-7.589014910633,-13.94289362548,74.0791));
#94 = CARTESIAN_POINT('',(-7.589014910633,-13.11071246657,74.0791));
#95 = CARTESIAN_POINT('',(-7.589014910633,-12.28928753342,74.0791));
#96 = CARTESIAN_POINT('',(-7.589014910633,-11.45710637451,74.0791));
#97 = CARTESIAN_POINT('',(-7.589014910633,-10.5652595456,74.0791));
#98 = CARTESIAN_POINT('',(-7.589014910633,-9.575431456238,74.0791));
#99 = CARTESIAN_POINT('',(-7.589014910633,-8.354149813903,74.0791));
#100 = ORIENTED_EDGE('',*,*,#101,.T.);
#101 = EDGE_CURVE('',#87,#102,#104,.T.);
#102 = VERTEX_POINT('',#103);
#103 = CARTESIAN_POINT('',(-7.589014910633,-22.225,74.0791));
#104 = LINE('',#105,#106);
#105 = CARTESIAN_POINT('',(-7.589014910633,22.225,74.0791));
#106 = VECTOR('',#107,1.);
#107 = DIRECTION('',(0.,-1.,2.22044604925E-16));
#108 = ORIENTED_EDGE('',*,*,#109,.T.);
#109 = EDGE_CURVE('',#102,#110,#112,.T.);
#110 = VERTEX_POINT('',#111);
#111 = CARTESIAN_POINT('',(1.935985089367,-22.225,74.0791));
#112 = LINE('',#113,#114);
#113 = CARTESIAN_POINT('',(-7.589014910633,-22.225,74.0791));
#114 = VECTOR('',#115,1.);
#115 = DIRECTION('',(1.,0.,0.));
#116 = ORIENTED_EDGE('',*,*,#117,.F.);
#117 = EDGE_CURVE('',#118,#110,#120,.T.);
#118 = VERTEX_POINT('',#119);
#119 = CARTESIAN_POINT('',(1.935985089367,22.225,74.0791));
#120 = LINE('',#121,#122);
#121 = CARTESIAN_POINT('',(1.935985089367,22.225,74.0791));
#122 = VECTOR('',#123,1.);
#123 = DIRECTION('',(0.,-1.,2.22044604925E-16));
#124 = ORIENTED_EDGE('',*,*,#125,.F.);
#125 = EDGE_CURVE('',#22,#118,#126,.T.);
#126 = LINE('',#127,#128);
#127 = CARTESIAN_POINT('',(-7.589014910633,22.225,74.0791));
#128 = VECTOR('',#129,1.);
#129 = DIRECTION('',(1.,0.,0.));
#130 = FACE_BOUND('',#131,.T.);
#131 = EDGE_LOOP('',(#132,#142,#150,#159,#168,#177,#186,#195,#204,#213,
    #222,#231,#240,#249,#258,#267,#275,#283,#292,#300,#308));
#132 = ORIENTED_EDGE('',*,*,#133,.F.);
#133 = EDGE_CURVE('',#134,#136,#138,.T.);
#134 = VERTEX_POINT('',#135);
#135 = CARTESIAN_POINT('',(-3.792637404736,16.878251423192,74.0791));
#136 = VERTEX_POINT('',#137);
#137 = CARTESIAN_POINT('',(-3.792637404736,15.938949388994,74.0791));
#138 = LINE('',#139,#140);
#139 = CARTESIAN_POINT('',(-3.792637404736,16.878251423192,74.0791));
#140 = VECTOR('',#141,1.);
#141 = DIRECTION('',(-2.22044604925E-16,-1.,0.));
#142 = ORIENTED_EDGE('',*,*,#143,.F.);
#143 = EDGE_CURVE('',#144,#134,#146,.T.);
#144 = VERTEX_POINT('',#145);
#145 = CARTESIAN_POINT('',(-4.200900720381,17.079497001022,74.0791));
#146 = LINE('',#147,#148);
#147 = CARTESIAN_POINT('',(-4.200900720381,17.079497001022,74.0791));
#148 = VECTOR('',#149,1.);
#149 = DIRECTION('',(0.896949078742,-0.442133859984,0.));
#150 = ORIENTED_EDGE('',*,*,#151,.F.);
#151 = EDGE_CURVE('',#152,#144,#154,.T.);
#152 = VERTEX_POINT('',#153);
#153 = CARTESIAN_POINT('',(-4.623360429501,16.030055914151,74.0791));
#154 = B_SPLINE_CURVE_WITH_KNOTS('',3,(#155,#156,#157,#158),
  .UNSPECIFIED.,.F.,.F.,(4,4),(0.,1.),.PIECEWISE_BEZIER_KNOTS.);
#155 = CARTESIAN_POINT('',(-4.623360429501,16.030055914151,74.0791));
#156 = CARTESIAN_POINT('',(-4.412130574941,16.240973760063,74.0791));
#157 = CARTESIAN_POINT('',(-4.30167951362,16.514137331211,74.0791));
#158 = CARTESIAN_POINT('',(-4.200900720381,17.079497001022,74.0791));
#159 = ORIENTED_EDGE('',*,*,#160,.F.);
#160 = EDGE_CURVE('',#161,#152,#163,.T.);
#161 = VERTEX_POINT('',#162);
#162 = CARTESIAN_POINT('',(-5.430058788384,15.704162881525,74.0791));
#163 = B_SPLINE_CURVE_WITH_KNOTS('',3,(#164,#165,#166,#167),
  .UNSPECIFIED.,.F.,.F.,(4,4),(0.,1.),.PIECEWISE_BEZIER_KNOTS.);
#164 = CARTESIAN_POINT('',(-5.430058788384,15.704162881525,74.0791));
#165 = CARTESIAN_POINT('',(-5.084353206623,15.704162881525,74.0791));
#166 = CARTESIAN_POINT('',(-4.863451083982,15.795269406682,74.0791));
#167 = CARTESIAN_POINT('',(-4.623360429501,16.030055914151,74.0791));
#168 = ORIENTED_EDGE('',*,*,#169,.F.);
#169 = EDGE_CURVE('',#170,#161,#172,.T.);
#170 = VERTEX_POINT('',#171);
#171 = CARTESIAN_POINT('',(-6.284806479029,16.020383646069,74.0791));
#172 = B_SPLINE_CURVE_WITH_KNOTS('',3,(#173,#174,#175,#176),
  .UNSPECIFIED.,.F.,.F.,(4,4),(0.,1.),.PIECEWISE_BEZIER_KNOTS.);
#173 = CARTESIAN_POINT('',(-6.284806479029,16.020383646069,74.0791));
#174 = CARTESIAN_POINT('',(-6.068740490428,15.80478567044,74.0791));
#175 = CARTESIAN_POINT('',(-5.794952901985,15.704162881525,74.0791));
#176 = CARTESIAN_POINT('',(-5.430058788384,15.704162881525,74.0791));
#177 = ORIENTED_EDGE('',*,*,#178,.F.);
#178 = EDGE_CURVE('',#179,#170,#181,.T.);
#179 = VERTEX_POINT('',#180);
#180 = CARTESIAN_POINT('',(-6.65890484774,17.007735012028,74.0791));
#181 = B_SPLINE_CURVE_WITH_KNOTS('',3,(#182,#183,#184,#185),
  .UNSPECIFIED.,.F.,.F.,(4,4),(0.,1.),.PIECEWISE_BEZIER_KNOTS.);
#182 = CARTESIAN_POINT('',(-6.65890484774,17.007735012028,74.0791));
#183 = CARTESIAN_POINT('',(-6.65890484774,16.609923986085,74.0791));
#184 = CARTESIAN_POINT('',(-6.529577263227,16.26484242162,74.0791));
#185 = CARTESIAN_POINT('',(-6.284806479029,16.020383646069,74.0791));
#186 = ORIENTED_EDGE('',*,*,#187,.F.);
#187 = EDGE_CURVE('',#188,#179,#190,.T.);
#188 = VERTEX_POINT('',#189);
#189 = CARTESIAN_POINT('',(-6.361560606387,17.592283213679,74.0791));
#190 = B_SPLINE_CURVE_WITH_KNOTS('',3,(#191,#192,#193,#194),
  .UNSPECIFIED.,.F.,.F.,(4,4),(0.,1.),.PIECEWISE_BEZIER_KNOTS.);
#191 = CARTESIAN_POINT('',(-6.361560606387,17.592283213679,74.0791));
#192 = CARTESIAN_POINT('',(-6.543929661026,17.592283213679,74.0791));
#193 = CARTESIAN_POINT('',(-6.65890484774,17.371849104009,74.0791));
#194 = CARTESIAN_POINT('',(-6.65890484774,17.007735012028,74.0791));
#195 = ORIENTED_EDGE('',*,*,#196,.F.);
#196 = EDGE_CURVE('',#197,#188,#199,.T.);
#197 = VERTEX_POINT('',#198);
#198 = CARTESIAN_POINT('',(-6.18402768579,17.391037635849,74.0791));
#199 = B_SPLINE_CURVE_WITH_KNOTS('',3,(#200,#201,#202,#203),
  .UNSPECIFIED.,.F.,.F.,(4,4),(0.,1.),.PIECEWISE_BEZIER_KNOTS.);
#200 = CARTESIAN_POINT('',(-6.18402768579,17.391037635849,74.0791));
#201 = CARTESIAN_POINT('',(-6.18402768579,17.525201354403,74.0791));
#202 = CARTESIAN_POINT('',(-6.241593281309,17.592283213679,74.0791));
#203 = CARTESIAN_POINT('',(-6.361560606387,17.592283213679,74.0791));
#204 = ORIENTED_EDGE('',*,*,#205,.F.);
#205 = EDGE_CURVE('',#206,#197,#208,.T.);
#206 = VERTEX_POINT('',#207);
#207 = CARTESIAN_POINT('',(-6.342372074548,17.022087409827,74.0791));
#208 = B_SPLINE_CURVE_WITH_KNOTS('',3,(#209,#210,#211,#212),
  .UNSPECIFIED.,.F.,.F.,(4,4),(0.,1.),.PIECEWISE_BEZIER_KNOTS.);
#209 = CARTESIAN_POINT('',(-6.342372074548,17.022087409827,74.0791));
#210 = CARTESIAN_POINT('',(-6.22724088351,17.17543966022,74.0791));
#211 = CARTESIAN_POINT('',(-6.18402768579,17.280898583176,74.0791));
#212 = CARTESIAN_POINT('',(-6.18402768579,17.391037635849,74.0791));
#213 = ORIENTED_EDGE('',*,*,#214,.F.);
#214 = EDGE_CURVE('',#215,#206,#217,.T.);
#215 = VERTEX_POINT('',#216);
#216 = CARTESIAN_POINT('',(-6.48168393579,16.705710640959,74.0791));
#217 = B_SPLINE_CURVE_WITH_KNOTS('',3,(#218,#219,#220,#221),
  .UNSPECIFIED.,.F.,.F.,(4,4),(0.,1.),.PIECEWISE_BEZIER_KNOTS.);
#218 = CARTESIAN_POINT('',(-6.48168393579,16.705710640959,74.0791));
#219 = CARTESIAN_POINT('',(-6.48168393579,16.801653300157,74.0791));
#220 = CARTESIAN_POINT('',(-6.447987001828,16.878251423192,74.0791));
#221 = CARTESIAN_POINT('',(-6.342372074548,17.022087409827,74.0791));
#222 = ORIENTED_EDGE('',*,*,#223,.F.);
#223 = EDGE_CURVE('',#224,#215,#226,.T.);
#224 = VERTEX_POINT('',#225);
#225 = CARTESIAN_POINT('',(-5.660633179107,16.039572177909,74.0791));
#226 = B_SPLINE_CURVE_WITH_KNOTS('',3,(#227,#228,#229,#230),
  .UNSPECIFIED.,.F.,.F.,(4,4),(0.,1.),.PIECEWISE_BEZIER_KNOTS.);
#227 = CARTESIAN_POINT('',(-5.660633179107,16.039572177909,74.0791));
#228 = CARTESIAN_POINT('',(-6.121469951906,16.039572177909,74.0791));
#229 = CARTESIAN_POINT('',(-6.48168393579,16.327088146855,74.0791));
#230 = CARTESIAN_POINT('',(-6.48168393579,16.705710640959,74.0791));
#231 = ORIENTED_EDGE('',*,*,#232,.F.);
#232 = EDGE_CURVE('',#233,#224,#235,.T.);
#233 = VERTEX_POINT('',#234);
#234 = CARTESIAN_POINT('',(-4.709786824941,16.839874359513,74.0791));
#235 = B_SPLINE_CURVE_WITH_KNOTS('',3,(#236,#237,#238,#239),
  .UNSPECIFIED.,.F.,.F.,(4,4),(0.,1.),.PIECEWISE_BEZIER_KNOTS.);
#236 = CARTESIAN_POINT('',(-4.709786824941,16.839874359513,74.0791));
#237 = CARTESIAN_POINT('',(-4.887475749862,16.2888670875,74.0791));
#238 = CARTESIAN_POINT('',(-5.180451870145,16.039572177909,74.0791));
#239 = CARTESIAN_POINT('',(-5.660633179107,16.039572177909,74.0791));
#240 = ORIENTED_EDGE('',*,*,#241,.F.);
#241 = EDGE_CURVE('',#242,#233,#244,.T.);
#242 = VERTEX_POINT('',#243);
#243 = CARTESIAN_POINT('',(-4.613844165743,17.381521372091,74.0791));
#244 = B_SPLINE_CURVE_WITH_KNOTS('',3,(#245,#246,#247,#248),
  .UNSPECIFIED.,.F.,.F.,(4,4),(0.,1.),.PIECEWISE_BEZIER_KNOTS.);
#245 = CARTESIAN_POINT('',(-4.613844165743,17.381521372091,74.0791));
#246 = CARTESIAN_POINT('',(-4.613844165743,17.228169121698,74.0791));
#247 = CARTESIAN_POINT('',(-4.647385095381,17.041275941667,74.0791));
#248 = CARTESIAN_POINT('',(-4.709786824941,16.839874359513,74.0791));
#249 = ORIENTED_EDGE('',*,*,#250,.F.);
#250 = EDGE_CURVE('',#251,#242,#253,.T.);
#251 = VERTEX_POINT('',#252);
#252 = CARTESIAN_POINT('',(-4.57531109774,17.438930963286,74.0791));
#253 = B_SPLINE_CURVE_WITH_KNOTS('',3,(#254,#255,#256,#257),
  .UNSPECIFIED.,.F.,.F.,(4,4),(0.,1.),.PIECEWISE_BEZIER_KNOTS.);
#254 = CARTESIAN_POINT('',(-4.57531109774,17.438930963286,74.0791));
#255 = CARTESIAN_POINT('',(-4.604171897661,17.438930963286,74.0791));
#256 = CARTESIAN_POINT('',(-4.613844165743,17.41989843577,74.0791));
#257 = CARTESIAN_POINT('',(-4.613844165743,17.381521372091,74.0791));
#258 = ORIENTED_EDGE('',*,*,#259,.F.);
#259 = EDGE_CURVE('',#260,#251,#262,.T.);
#260 = VERTEX_POINT('',#261);
#261 = CARTESIAN_POINT('',(-4.551442436183,17.434250833569,74.0791));
#262 = B_SPLINE_CURVE_WITH_KNOTS('',3,(#263,#264,#265,#266),
  .UNSPECIFIED.,.F.,.F.,(4,4),(0.,1.),.PIECEWISE_BEZIER_KNOTS.);
#263 = CARTESIAN_POINT('',(-4.551442436183,17.434250833569,74.0791));
#264 = CARTESIAN_POINT('',(-4.560958699941,17.438930963286,74.0791));
#265 = CARTESIAN_POINT('',(-4.565794833982,17.438930963286,74.0791));
#266 = CARTESIAN_POINT('',(-4.57531109774,17.438930963286,74.0791));
#267 = ORIENTED_EDGE('',*,*,#268,.F.);
#268 = EDGE_CURVE('',#269,#260,#271,.T.);
#269 = VERTEX_POINT('',#270);
#270 = CARTESIAN_POINT('',(-3.414014910633,16.91179235283,74.0791));
#271 = LINE('',#272,#273);
#272 = CARTESIAN_POINT('',(-3.414014910633,16.91179235283,74.0791));
#273 = VECTOR('',#274,1.);
#274 = DIRECTION('',(-0.908720288708,0.417405602371,0.));
#275 = ORIENTED_EDGE('',*,*,#276,.F.);
#276 = EDGE_CURVE('',#277,#269,#279,.T.);
#277 = VERTEX_POINT('',#278);
#278 = CARTESIAN_POINT('',(-3.414014910633,15.910244593396,74.0791));
#279 = LINE('',#280,#281);
#280 = CARTESIAN_POINT('',(-3.414014910633,15.910244593396,74.0791));
#281 = VECTOR('',#282,1.);
#282 = DIRECTION('',(2.22044604925E-16,1.,0.));
#283 = ORIENTED_EDGE('',*,*,#284,.F.);
#284 = EDGE_CURVE('',#285,#277,#287,.T.);
#285 = VERTEX_POINT('',#286);
#286 = CARTESIAN_POINT('',(-3.289523460161,15.689810483726,74.0791));
#287 = B_SPLINE_CURVE_WITH_KNOTS('',3,(#288,#289,#290,#291),
  .UNSPECIFIED.,.F.,.F.,(4,4),(0.,1.),.PIECEWISE_BEZIER_KNOTS.);
#288 = CARTESIAN_POINT('',(-3.289523460161,15.689810483726,74.0791));
#289 = CARTESIAN_POINT('',(-3.385310115035,15.761728477044,74.0791));
#290 = CARTESIAN_POINT('',(-3.414014910633,15.80478567044,74.0791));
#291 = CARTESIAN_POINT('',(-3.414014910633,15.910244593396,74.0791));
#292 = ORIENTED_EDGE('',*,*,#293,.F.);
#293 = EDGE_CURVE('',#294,#285,#296,.T.);
#294 = VERTEX_POINT('',#295);
#295 = CARTESIAN_POINT('',(-3.323064389799,15.646597286006,74.0791));
#296 = LINE('',#297,#298);
#297 = CARTESIAN_POINT('',(-3.323064389799,15.646597286006,74.0791));
#298 = VECTOR('',#299,1.);
#299 = DIRECTION('',(0.613150559542,0.789966069735,0.));
#300 = ORIENTED_EDGE('',*,*,#301,.F.);
#301 = EDGE_CURVE('',#302,#294,#304,.T.);
#302 = VERTEX_POINT('',#303);
#303 = CARTESIAN_POINT('',(-3.74958021134,15.828810336321,74.0791));
#304 = LINE('',#305,#306);
#305 = CARTESIAN_POINT('',(-3.74958021134,15.828810336321,74.0791));
#306 = VECTOR('',#307,1.);
#307 = DIRECTION('',(0.919596764583,-0.392863577554,0.));
#308 = ORIENTED_EDGE('',*,*,#309,.F.);
#309 = EDGE_CURVE('',#136,#302,#310,.T.);
#310 = B_SPLINE_CURVE_WITH_KNOTS('',3,(#311,#312,#313,#314),
  .UNSPECIFIED.,.F.,.F.,(4,4),(0.,1.),.PIECEWISE_BEZIER_KNOTS.);
#311 = CARTESIAN_POINT('',(-3.792637404736,15.938949388994,74.0791));
#312 = CARTESIAN_POINT('',(-3.792637404736,15.857515131918,74.0791));
#313 = CARTESIAN_POINT('',(-3.787957275019,15.84316273412,74.0791));
#314 = CARTESIAN_POINT('',(-3.74958021134,15.828810336321,74.0791));
#315 = FACE_BOUND('',#316,.T.);
#316 = EDGE_LOOP('',(#317,#328,#336,#345,#354,#363));
#317 = ORIENTED_EDGE('',*,*,#318,.F.);
#318 = EDGE_CURVE('',#319,#321,#323,.T.);
#319 = VERTEX_POINT('',#320);
#320 = CARTESIAN_POINT('',(-4.528353796246,13.916509333962,74.0791));
#321 = VERTEX_POINT('',#322);
#322 = CARTESIAN_POINT('',(-4.336624482173,13.882968404324,74.0791));
#323 = B_SPLINE_CURVE_WITH_KNOTS('',3,(#324,#325,#326,#327),
  .UNSPECIFIED.,.F.,.F.,(4,4),(0.,1.),.PIECEWISE_BEZIER_KNOTS.);
#324 = CARTESIAN_POINT('',(-4.528353796246,13.916509333962,74.0791));
#325 = CARTESIAN_POINT('',(-4.442083405129,13.902156936164,74.0791));
#326 = CARTESIAN_POINT('',(-4.379837679894,13.892640672406,74.0791));
#327 = CARTESIAN_POINT('',(-4.336624482173,13.882968404324,74.0791));
#328 = ORIENTED_EDGE('',*,*,#329,.F.);
#329 = EDGE_CURVE('',#330,#319,#332,.T.);
#330 = VERTEX_POINT('',#331);
#331 = CARTESIAN_POINT('',(-4.528353796246,14.017132122877,74.0791));
#332 = LINE('',#333,#334);
#333 = CARTESIAN_POINT('',(-4.528353796246,14.017132122877,74.0791));
#334 = VECTOR('',#335,1.);
#335 = DIRECTION('',(-2.22044604925E-16,-1.,0.));
#336 = ORIENTED_EDGE('',*,*,#337,.F.);
#337 = EDGE_CURVE('',#338,#330,#340,.T.);
#338 = VERTEX_POINT('',#339);
#339 = CARTESIAN_POINT('',(-3.550674698368,14.17048437327,74.0791));
#340 = B_SPLINE_CURVE_WITH_KNOTS('',3,(#341,#342,#343,#344),
  .UNSPECIFIED.,.F.,.F.,(4,4),(0.,1.),.PIECEWISE_BEZIER_KNOTS.);
#341 = CARTESIAN_POINT('',(-3.550674698368,14.17048437327,74.0791));
#342 = CARTESIAN_POINT('',(-3.632108955444,14.17048437327,74.0791));
#343 = CARTESIAN_POINT('',(-4.063460911026,14.103402513994,74.0791));
#344 = CARTESIAN_POINT('',(-4.528353796246,14.017132122877,74.0791));
#345 = ORIENTED_EDGE('',*,*,#346,.F.);
#346 = EDGE_CURVE('',#347,#338,#349,.T.);
#347 = VERTEX_POINT('',#348);
#348 = CARTESIAN_POINT('',(-3.354109250255,13.964402661399,74.0791));
#349 = B_SPLINE_CURVE_WITH_KNOTS('',3,(#350,#351,#352,#353),
  .UNSPECIFIED.,.F.,.F.,(4,4),(0.,1.),.PIECEWISE_BEZIER_KNOTS.);
#350 = CARTESIAN_POINT('',(-3.354109250255,13.964402661399,74.0791));
#351 = CARTESIAN_POINT('',(-3.354109250255,14.079533852437,74.0791));
#352 = CARTESIAN_POINT('',(-3.440379641372,14.17048437327,74.0791));
#353 = CARTESIAN_POINT('',(-3.550674698368,14.17048437327,74.0791));
#354 = ORIENTED_EDGE('',*,*,#355,.F.);
#355 = EDGE_CURVE('',#356,#347,#358,.T.);
#356 = VERTEX_POINT('',#357);
#357 = CARTESIAN_POINT('',(-3.545838564328,13.763157083569,74.0791));
#358 = B_SPLINE_CURVE_WITH_KNOTS('',3,(#359,#360,#361,#362),
  .UNSPECIFIED.,.F.,.F.,(4,4),(0.,1.),.PIECEWISE_BEZIER_KNOTS.);
#359 = CARTESIAN_POINT('',(-3.545838564328,13.763157083569,74.0791));
#360 = CARTESIAN_POINT('',(-3.440379641372,13.763157083569,74.0791));
#361 = CARTESIAN_POINT('',(-3.354109250255,13.854263608726,74.0791));
#362 = CARTESIAN_POINT('',(-3.354109250255,13.964402661399,74.0791));
#363 = ORIENTED_EDGE('',*,*,#364,.F.);
#364 = EDGE_CURVE('',#321,#356,#365,.T.);
#365 = B_SPLINE_CURVE_WITH_KNOTS('',3,(#366,#367,#368,#369),
  .UNSPECIFIED.,.F.,.F.,(4,4),(0.,1.),.PIECEWISE_BEZIER_KNOTS.);
#366 = CARTESIAN_POINT('',(-4.336624482173,13.882968404324,74.0791));
#367 = CARTESIAN_POINT('',(-3.972354385868,13.806370281289,74.0791));
#368 = CARTESIAN_POINT('',(-3.684838416922,13.763157083569,74.0791));
#369 = CARTESIAN_POINT('',(-3.545838564328,13.763157083569,74.0791));
#370 = FACE_BOUND('',#371,.T.);
#371 = EDGE_LOOP('',(#372,#383,#391,#400,#409,#418));
#372 = ORIENTED_EDGE('',*,*,#373,.F.);
#373 = EDGE_CURVE('',#374,#376,#378,.T.);
#374 = VERTEX_POINT('',#375);
#375 = CARTESIAN_POINT('',(-4.528353796246,14.726483783648,74.0791));
#376 = VERTEX_POINT('',#377);
#377 = CARTESIAN_POINT('',(-4.336624482173,14.692942854009,74.0791));
#378 = B_SPLINE_CURVE_WITH_KNOTS('',3,(#379,#380,#381,#382),
  .UNSPECIFIED.,.F.,.F.,(4,4),(0.,1.),.PIECEWISE_BEZIER_KNOTS.);
#379 = CARTESIAN_POINT('',(-4.528353796246,14.726483783648,74.0791));
#380 = CARTESIAN_POINT('',(-4.442083405129,14.712131385849,74.0791));
#381 = CARTESIAN_POINT('',(-4.379837679894,14.702459117767,74.0791));
#382 = CARTESIAN_POINT('',(-4.336624482173,14.692942854009,74.0791));
#383 = ORIENTED_EDGE('',*,*,#384,.F.);
#384 = EDGE_CURVE('',#385,#374,#387,.T.);
#385 = VERTEX_POINT('',#386);
#386 = CARTESIAN_POINT('',(-4.528353796246,14.827106572563,74.0791));
#387 = LINE('',#388,#389);
#388 = CARTESIAN_POINT('',(-4.528353796246,14.827106572563,74.0791));
#389 = VECTOR('',#390,1.);
#390 = DIRECTION('',(-2.22044604925E-16,-1.,0.));
#391 = ORIENTED_EDGE('',*,*,#392,.F.);
#392 = EDGE_CURVE('',#393,#385,#395,.T.);
#393 = VERTEX_POINT('',#394);
#394 = CARTESIAN_POINT('',(-3.550674698368,14.980458822956,74.0791));
#395 = B_SPLINE_CURVE_WITH_KNOTS('',3,(#396,#397,#398,#399),
  .UNSPECIFIED.,.F.,.F.,(4,4),(0.,1.),.PIECEWISE_BEZIER_KNOTS.);
#396 = CARTESIAN_POINT('',(-3.550674698368,14.980458822956,74.0791));
#397 = CARTESIAN_POINT('',(-3.632108955444,14.980458822956,74.0791));
#398 = CARTESIAN_POINT('',(-4.063460911026,14.913376963679,74.0791));
#399 = CARTESIAN_POINT('',(-4.528353796246,14.827106572563,74.0791));
#400 = ORIENTED_EDGE('',*,*,#401,.F.);
#401 = EDGE_CURVE('',#402,#393,#404,.T.);
#402 = VERTEX_POINT('',#403);
#403 = CARTESIAN_POINT('',(-3.354109250255,14.774377111085,74.0791));
#404 = B_SPLINE_CURVE_WITH_KNOTS('',3,(#405,#406,#407,#408),
  .UNSPECIFIED.,.F.,.F.,(4,4),(0.,1.),.PIECEWISE_BEZIER_KNOTS.);
#405 = CARTESIAN_POINT('',(-3.354109250255,14.774377111085,74.0791));
#406 = CARTESIAN_POINT('',(-3.354109250255,14.889352297799,74.0791));
#407 = CARTESIAN_POINT('',(-3.440379641372,14.980458822956,74.0791));
#408 = CARTESIAN_POINT('',(-3.550674698368,14.980458822956,74.0791));
#409 = ORIENTED_EDGE('',*,*,#410,.F.);
#410 = EDGE_CURVE('',#411,#402,#413,.T.);
#411 = VERTEX_POINT('',#412);
#412 = CARTESIAN_POINT('',(-3.545838564328,14.573131533255,74.0791));
#413 = B_SPLINE_CURVE_WITH_KNOTS('',3,(#414,#415,#416,#417),
  .UNSPECIFIED.,.F.,.F.,(4,4),(0.,1.),.PIECEWISE_BEZIER_KNOTS.);
#414 = CARTESIAN_POINT('',(-3.545838564328,14.573131533255,74.0791));
#415 = CARTESIAN_POINT('',(-3.440379641372,14.573131533255,74.0791));
#416 = CARTESIAN_POINT('',(-3.354109250255,14.664238058412,74.0791));
#417 = CARTESIAN_POINT('',(-3.354109250255,14.774377111085,74.0791));
#418 = ORIENTED_EDGE('',*,*,#419,.F.);
#419 = EDGE_CURVE('',#376,#411,#420,.T.);
#420 = B_SPLINE_CURVE_WITH_KNOTS('',3,(#421,#422,#423,#424),
  .UNSPECIFIED.,.F.,.F.,(4,4),(0.,1.),.PIECEWISE_BEZIER_KNOTS.);
#421 = CARTESIAN_POINT('',(-4.336624482173,14.692942854009,74.0791));
#422 = CARTESIAN_POINT('',(-3.972354385868,14.616188726651,74.0791));
#423 = CARTESIAN_POINT('',(-3.684838416922,14.573131533255,74.0791));
#424 = CARTESIAN_POINT('',(-3.545838564328,14.573131533255,74.0791));
#425 = FACE_BOUND('',#426,.T.);
#426 = EDGE_LOOP('',(#427,#438,#447,#456));
#427 = ORIENTED_EDGE('',*,*,#428,.F.);
#428 = EDGE_CURVE('',#429,#431,#433,.T.);
#429 = VERTEX_POINT('',#430);
#430 = CARTESIAN_POINT('',(-6.107117554107,18.34484807217,74.0791));
#431 = VERTEX_POINT('',#432);
#432 = CARTESIAN_POINT('',(-6.380281125255,18.608339375236,74.0791));
#433 = B_SPLINE_CURVE_WITH_KNOTS('',3,(#434,#435,#436,#437),
  .UNSPECIFIED.,.F.,.F.,(4,4),(0.,1.),.PIECEWISE_BEZIER_KNOTS.);
#434 = CARTESIAN_POINT('',(-6.107117554107,18.34484807217,74.0791));
#435 = CARTESIAN_POINT('',(-6.107117554107,18.488528054481,74.0791));
#436 = CARTESIAN_POINT('',(-6.226928874862,18.608339375236,74.0791));
#437 = CARTESIAN_POINT('',(-6.380281125255,18.608339375236,74.0791));
#438 = ORIENTED_EDGE('',*,*,#439,.F.);
#439 = EDGE_CURVE('',#440,#429,#442,.T.);
#440 = VERTEX_POINT('',#441);
#441 = CARTESIAN_POINT('',(-6.380281125255,18.076364630739,74.0791));
#442 = B_SPLINE_CURVE_WITH_KNOTS('',3,(#443,#444,#445,#446),
  .UNSPECIFIED.,.F.,.F.,(4,4),(0.,1.),.PIECEWISE_BEZIER_KNOTS.);
#443 = CARTESIAN_POINT('',(-6.380281125255,18.076364630739,74.0791));
#444 = CARTESIAN_POINT('',(-6.231609004579,18.076364630739,74.0791));
#445 = CARTESIAN_POINT('',(-6.107117554107,18.201012085535,74.0791));
#446 = CARTESIAN_POINT('',(-6.107117554107,18.34484807217,74.0791));
#447 = ORIENTED_EDGE('',*,*,#448,.F.);
#448 = EDGE_CURVE('',#449,#440,#451,.T.);
#449 = VERTEX_POINT('',#450);
#450 = CARTESIAN_POINT('',(-6.63893629428,18.349528201887,74.0791));
#451 = B_SPLINE_CURVE_WITH_KNOTS('',3,(#452,#453,#454,#455),
  .UNSPECIFIED.,.F.,.F.,(4,4),(0.,1.),.PIECEWISE_BEZIER_KNOTS.);
#452 = CARTESIAN_POINT('',(-6.63893629428,18.349528201887,74.0791));
#453 = CARTESIAN_POINT('',(-6.63893629428,18.201012085535,74.0791));
#454 = CARTESIAN_POINT('',(-6.523961107567,18.076364630739,74.0791));
#455 = CARTESIAN_POINT('',(-6.380281125255,18.076364630739,74.0791));
#456 = ORIENTED_EDGE('',*,*,#457,.F.);
#457 = EDGE_CURVE('',#431,#449,#458,.T.);
#458 = B_SPLINE_CURVE_WITH_KNOTS('',3,(#459,#460,#461,#462),
  .UNSPECIFIED.,.F.,.F.,(4,4),(0.,1.),.PIECEWISE_BEZIER_KNOTS.);
#459 = CARTESIAN_POINT('',(-6.380281125255,18.608339375236,74.0791));
#460 = CARTESIAN_POINT('',(-6.51928097785,18.608339375236,74.0791));
#461 = CARTESIAN_POINT('',(-6.63893629428,18.488528054481,74.0791));
#462 = CARTESIAN_POINT('',(-6.63893629428,18.349528201887,74.0791));
#463 = FACE_BOUND('',#464,.T.);
#464 = EDGE_LOOP('',(#465,#476,#485,#494,#503,#512,#521));
#465 = ORIENTED_EDGE('',*,*,#466,.F.);
#466 = EDGE_CURVE('',#467,#469,#471,.T.);
#467 = VERTEX_POINT('',#468);
#468 = CARTESIAN_POINT('',(-3.354109250255,20.122829351651,74.0791));
#469 = VERTEX_POINT('',#470);
#470 = CARTESIAN_POINT('',(-3.603248155523,20.764943148821,74.0791));
#471 = B_SPLINE_CURVE_WITH_KNOTS('',3,(#472,#473,#474,#475),
  .UNSPECIFIED.,.F.,.F.,(4,4),(0.,1.),.PIECEWISE_BEZIER_KNOTS.);
#472 = CARTESIAN_POINT('',(-3.354109250255,20.122829351651,74.0791));
#473 = CARTESIAN_POINT('',(-3.354109250255,20.386320654717,74.0791));
#474 = CARTESIAN_POINT('',(-3.430863377614,20.587722236871,74.0791));
#475 = CARTESIAN_POINT('',(-3.603248155523,20.764943148821,74.0791));
#476 = ORIENTED_EDGE('',*,*,#477,.F.);
#477 = EDGE_CURVE('',#478,#467,#480,.T.);
#478 = VERTEX_POINT('',#479);
#479 = CARTESIAN_POINT('',(-5.011343183038,19.058879862657,74.0791));
#480 = B_SPLINE_CURVE_WITH_KNOTS('',3,(#481,#482,#483,#484),
  .UNSPECIFIED.,.F.,.F.,(4,4),(0.,1.),.PIECEWISE_BEZIER_KNOTS.);
#481 = CARTESIAN_POINT('',(-5.011343183038,19.058879862657,74.0791));
#482 = CARTESIAN_POINT('',(-4.02960797274,19.058879862657,74.0791));
#483 = CARTESIAN_POINT('',(-3.354109250255,19.494911947956,74.0791));
#484 = CARTESIAN_POINT('',(-3.354109250255,20.122829351651,74.0791));
#485 = ORIENTED_EDGE('',*,*,#486,.F.);
#486 = EDGE_CURVE('',#487,#478,#489,.T.);
#487 = VERTEX_POINT('',#488);
#488 = CARTESIAN_POINT('',(-6.409921946796,19.518936613836,74.0791));
#489 = B_SPLINE_CURVE_WITH_KNOTS('',3,(#490,#491,#492,#493),
  .UNSPECIFIED.,.F.,.F.,(4,4),(0.,1.),.PIECEWISE_BEZIER_KNOTS.);
#490 = CARTESIAN_POINT('',(-6.409921946796,19.518936613836,74.0791));
#491 = CARTESIAN_POINT('',(-6.14643064373,19.240936908648,74.0791));
#492 = CARTESIAN_POINT('',(-5.590899246324,19.058879862657,74.0791));
#493 = CARTESIAN_POINT('',(-5.011343183038,19.058879862657,74.0791));
#494 = ORIENTED_EDGE('',*,*,#495,.F.);
#495 = EDGE_CURVE('',#496,#487,#498,.T.);
#496 = VERTEX_POINT('',#497);
#497 = CARTESIAN_POINT('',(-6.65890484774,20.142017883491,74.0791));
#498 = B_SPLINE_CURVE_WITH_KNOTS('',3,(#499,#500,#501,#502),
  .UNSPECIFIED.,.F.,.F.,(4,4),(0.,1.),.PIECEWISE_BEZIER_KNOTS.);
#499 = CARTESIAN_POINT('',(-6.65890484774,20.142017883491,74.0791));
#500 = CARTESIAN_POINT('',(-6.65890484774,19.89755910794,74.0791));
#501 = CARTESIAN_POINT('',(-6.577470590664,19.691477396069,74.0791));
#502 = CARTESIAN_POINT('',(-6.409921946796,19.518936613836,74.0791));
#503 = ORIENTED_EDGE('',*,*,#504,.F.);
#504 = EDGE_CURVE('',#505,#496,#507,.T.);
#505 = VERTEX_POINT('',#506);
#506 = CARTESIAN_POINT('',(-6.333167819438,20.841697276179,74.0791));
#507 = B_SPLINE_CURVE_WITH_KNOTS('',3,(#508,#509,#510,#511),
  .UNSPECIFIED.,.F.,.F.,(4,4),(0.,1.),.PIECEWISE_BEZIER_KNOTS.);
#508 = CARTESIAN_POINT('',(-6.333167819438,20.841697276179,74.0791));
#509 = CARTESIAN_POINT('',(-6.543929661026,20.664320359906,74.0791));
#510 = CARTESIAN_POINT('',(-6.65890484774,20.419861584355,74.0791));
#511 = CARTESIAN_POINT('',(-6.65890484774,20.142017883491,74.0791));
#512 = ORIENTED_EDGE('',*,*,#513,.F.);
#513 = EDGE_CURVE('',#514,#505,#516,.T.);
#514 = VERTEX_POINT('',#515);
#515 = CARTESIAN_POINT('',(-4.982638387441,21.2249999,74.0791));
#516 = B_SPLINE_CURVE_WITH_KNOTS('',3,(#517,#518,#519,#520),
  .UNSPECIFIED.,.F.,.F.,(4,4),(0.,1.),.PIECEWISE_BEZIER_KNOTS.);
#517 = CARTESIAN_POINT('',(-4.982638387441,21.2249999,74.0791));
#518 = CARTESIAN_POINT('',(-5.509464989249,21.2249999,74.0791));
#519 = CARTESIAN_POINT('',(-6.064996386655,21.066811515566,74.0791));
#520 = CARTESIAN_POINT('',(-6.333167819438,20.841697276179,74.0791));
#521 = ORIENTED_EDGE('',*,*,#522,.F.);
#522 = EDGE_CURVE('',#469,#514,#523,.T.);
#523 = B_SPLINE_CURVE_WITH_KNOTS('',3,(#524,#525,#526,#527),
  .UNSPECIFIED.,.F.,.F.,(4,4),(0.,1.),.PIECEWISE_BEZIER_KNOTS.);
#524 = CARTESIAN_POINT('',(-3.603248155523,20.764943148821,74.0791));
#525 = CARTESIAN_POINT('',(-3.871419588306,21.042942854009,74.0791));
#526 = CARTESIAN_POINT('',(-4.422270855994,21.2249999,74.0791));
#527 = CARTESIAN_POINT('',(-4.982638387441,21.2249999,74.0791));
#528 = PLANE('',#529);
#529 = AXIS2_PLACEMENT_3D('',#530,#531,#532);
#530 = CARTESIAN_POINT('',(-7.589014910633,22.225,74.0791));
#531 = DIRECTION('',(0.,2.22044604925E-16,1.));
#532 = DIRECTION('',(1.,0.,0.));
#533 = ADVANCED_FACE('',(#534),#561,.F.);
#534 = FACE_BOUND('',#535,.T.);
#535 = EDGE_LOOP('',(#536,#544,#545,#554));
#536 = ORIENTED_EDGE('',*,*,#537,.F.);
#537 = EDGE_CURVE('',#24,#538,#540,.T.);
#538 = VERTEX_POINT('',#539);
#539 = CARTESIAN_POINT('',(-10.76401491063,15.307510111658,71.42226));
#540 = ( BOUNDED_CURVE() B_SPLINE_CURVE(2,(#541,#542,#543),
.UNSPECIFIED.,.F.,.F.) B_SPLINE_CURVE_WITH_KNOTS((3,3),(0.,
5.518633886307),.PIECEWISE_BEZIER_KNOTS.) CURVE() 
GEOMETRIC_REPRESENTATION_ITEM() RATIONAL_B_SPLINE_CURVE((1.,
0.707106781187,1.)) REPRESENTATION_ITEM('') );
#541 = CARTESIAN_POINT('',(-7.589014910633,17.045850186097,74.0791));
#542 = CARTESIAN_POINT('',(-7.589014910633,15.307510111658,71.42226));
#543 = CARTESIAN_POINT('',(-10.76401491063,15.307510111658,71.42226));
#544 = ORIENTED_EDGE('',*,*,#31,.T.);
#545 = ORIENTED_EDGE('',*,*,#546,.T.);
#546 = EDGE_CURVE('',#32,#547,#549,.T.);
#547 = VERTEX_POINT('',#548);
#548 = CARTESIAN_POINT('',(-10.76401491063,15.307510111658,63.45174));
#549 = CIRCLE('',#550,3.175);
#550 = AXIS2_PLACEMENT_3D('',#551,#552,#553);
#551 = CARTESIAN_POINT('',(-10.76401491063,17.045850186097,60.7949));
#552 = DIRECTION('',(0.,-0.8368,-0.547508684863));
#553 = DIRECTION('',(0.,0.547508684863,-0.8368));
#554 = ORIENTED_EDGE('',*,*,#555,.F.);
#555 = EDGE_CURVE('',#538,#547,#556,.T.);
#556 = CIRCLE('',#557,4.7625);
#557 = AXIS2_PLACEMENT_3D('',#558,#559,#560);
#558 = CARTESIAN_POINT('',(-10.76401491063,12.7,67.437));
#559 = DIRECTION('',(-1.,0.,0.));
#560 = DIRECTION('',(0.,-1.,0.));
#561 = TOROIDAL_SURFACE('',#562,7.9375,3.175);
#562 = AXIS2_PLACEMENT_3D('',#563,#564,#565);
#563 = CARTESIAN_POINT('',(-10.76401491063,12.7,67.437));
#564 = DIRECTION('',(1.,0.,0.));
#565 = DIRECTION('',(0.,-1.,0.));
#566 = ADVANCED_FACE('',(#567),#638,.F.);
#567 = FACE_BOUND('',#568,.F.);
#568 = EDGE_LOOP('',(#569,#570,#585,#593,#608,#616,#624,#632));
#569 = ORIENTED_EDGE('',*,*,#40,.T.);
#570 = ORIENTED_EDGE('',*,*,#571,.T.);
#571 = EDGE_CURVE('',#32,#572,#574,.T.);
#572 = VERTEX_POINT('',#573);
#573 = CARTESIAN_POINT('',(-7.589014910633,8.354149813903,60.7949));
#574 = ( BOUNDED_CURVE() B_SPLINE_CURVE(9,(#575,#576,#577,#578,#579,#580
    ,#581,#582,#583,#584),.UNSPECIFIED.,.F.,.F.) 
B_SPLINE_CURVE_WITH_KNOTS((10,10),(19.683435575928,25.202069462236),
.PIECEWISE_BEZIER_KNOTS.) CURVE() GEOMETRIC_REPRESENTATION_ITEM() 
RATIONAL_B_SPLINE_CURVE((1.,1.,1.,1.,1.,1.,1.,1.,1.,1.)) 
REPRESENTATION_ITEM('') );
#575 = CARTESIAN_POINT('',(-7.589014910633,17.045850186097,60.7949));
#576 = CARTESIAN_POINT('',(-7.589014910633,15.824568543762,60.7949));
#577 = CARTESIAN_POINT('',(-7.589014910633,14.834740454397,60.7949));
#578 = CARTESIAN_POINT('',(-7.589014910633,13.942893625486,60.7949));
#579 = CARTESIAN_POINT('',(-7.589014910633,13.110712466579,60.7949));
#580 = CARTESIAN_POINT('',(-7.589014910633,12.289287533421,60.7949));
#581 = CARTESIAN_POINT('',(-7.589014910633,11.457106374514,60.7949));
#582 = CARTESIAN_POINT('',(-7.589014910633,10.565259545603,60.7949));
#583 = CARTESIAN_POINT('',(-7.589014910633,9.575431456238,60.7949));
#584 = CARTESIAN_POINT('',(-7.589014910633,8.354149813903,60.7949));
#585 = ORIENTED_EDGE('',*,*,#586,.T.);
#586 = EDGE_CURVE('',#572,#587,#589,.T.);
#587 = VERTEX_POINT('',#588);
#588 = CARTESIAN_POINT('',(-7.589014910633,-8.354149813903,60.7949));
#589 = LINE('',#590,#591);
#590 = CARTESIAN_POINT('',(-7.589014910633,22.225,60.7949));
#591 = VECTOR('',#592,1.);
#592 = DIRECTION('',(0.,-1.,2.22044604925E-16));
#593 = ORIENTED_EDGE('',*,*,#594,.T.);
#594 = EDGE_CURVE('',#587,#595,#597,.T.);
#595 = VERTEX_POINT('',#596);
#596 = CARTESIAN_POINT('',(-7.589014910633,-17.04585018609,60.7949));
#597 = ( BOUNDED_CURVE() B_SPLINE_CURVE(9,(#598,#599,#600,#601,#602,#603
    ,#604,#605,#606,#607),.UNSPECIFIED.,.F.,.F.) 
B_SPLINE_CURVE_WITH_KNOTS((10,10),(19.683435575928,25.202069462236),
.PIECEWISE_BEZIER_KNOTS.) CURVE() GEOMETRIC_REPRESENTATION_ITEM() 
RATIONAL_B_SPLINE_CURVE((1.,1.,1.,1.,1.,1.,1.,1.,1.,1.)) 
REPRESENTATION_ITEM('') );
#598 = CARTESIAN_POINT('',(-7.589014910633,-8.354149813903,60.7949));
#599 = CARTESIAN_POINT('',(-7.589014910633,-9.575431456238,60.7949));
#600 = CARTESIAN_POINT('',(-7.589014910633,-10.5652595456,60.7949));
#601 = CARTESIAN_POINT('',(-7.589014910633,-11.45710637451,60.7949));
#602 = CARTESIAN_POINT('',(-7.589014910633,-12.28928753342,60.7949));
#603 = CARTESIAN_POINT('',(-7.589014910633,-13.11071246657,60.7949));
#604 = CARTESIAN_POINT('',(-7.589014910633,-13.94289362548,60.7949));
#605 = CARTESIAN_POINT('',(-7.589014910633,-14.83474045439,60.7949));
#606 = CARTESIAN_POINT('',(-7.589014910633,-15.82456854376,60.7949));
#607 = CARTESIAN_POINT('',(-7.589014910633,-17.04585018609,60.7949));
#608 = ORIENTED_EDGE('',*,*,#609,.T.);
#609 = EDGE_CURVE('',#595,#610,#612,.T.);
#610 = VERTEX_POINT('',#611);
#611 = CARTESIAN_POINT('',(-7.589014910633,-22.225,60.7949));
#612 = LINE('',#613,#614);
#613 = CARTESIAN_POINT('',(-7.589014910633,22.225,60.7949));
#614 = VECTOR('',#615,1.);
#615 = DIRECTION('',(0.,-1.,2.22044604925E-16));
#616 = ORIENTED_EDGE('',*,*,#617,.T.);
#617 = EDGE_CURVE('',#610,#618,#620,.T.);
#618 = VERTEX_POINT('',#619);
#619 = CARTESIAN_POINT('',(1.935985089367,-22.225,60.7949));
#620 = LINE('',#621,#622);
#621 = CARTESIAN_POINT('',(-7.589014910633,-22.225,60.7949));
#622 = VECTOR('',#623,1.);
#623 = DIRECTION('',(1.,0.,0.));
#624 = ORIENTED_EDGE('',*,*,#625,.F.);
#625 = EDGE_CURVE('',#626,#618,#628,.T.);
#626 = VERTEX_POINT('',#627);
#627 = CARTESIAN_POINT('',(1.935985089367,22.225,60.7949));
#628 = LINE('',#629,#630);
#629 = CARTESIAN_POINT('',(1.935985089367,22.225,60.7949));
#630 = VECTOR('',#631,1.);
#631 = DIRECTION('',(0.,-1.,2.22044604925E-16));
#632 = ORIENTED_EDGE('',*,*,#633,.F.);
#633 = EDGE_CURVE('',#41,#626,#634,.T.);
#634 = LINE('',#635,#636);
#635 = CARTESIAN_POINT('',(-7.589014910633,22.225,60.7949));
#636 = VECTOR('',#637,1.);
#637 = DIRECTION('',(1.,0.,0.));
#638 = PLANE('',#639);
#639 = AXIS2_PLACEMENT_3D('',#640,#641,#642);
#640 = CARTESIAN_POINT('',(-7.589014910633,22.225,60.7949));
#641 = DIRECTION('',(0.,2.22044604925E-16,1.));
#642 = DIRECTION('',(1.,0.,0.));
#643 = ADVANCED_FACE('',(#644),#670,.T.);
#644 = FACE_BOUND('',#645,.T.);
#645 = EDGE_LOOP('',(#646,#655,#656,#657));
#646 = ORIENTED_EDGE('',*,*,#647,.F.);
#647 = EDGE_CURVE('',#64,#648,#650,.T.);
#648 = VERTEX_POINT('',#649);
#649 = CARTESIAN_POINT('',(-10.76401491063,10.092489888342,71.42226));
#650 = CIRCLE('',#651,3.175);
#651 = AXIS2_PLACEMENT_3D('',#652,#653,#654);
#652 = CARTESIAN_POINT('',(-10.76401491063,8.354149813903,74.0791));
#653 = DIRECTION('',(-0.,0.8368,0.547508684863));
#654 = DIRECTION('',(0.,-0.547508684863,0.8368));
#655 = ORIENTED_EDGE('',*,*,#63,.T.);
#656 = ORIENTED_EDGE('',*,*,#537,.T.);
#657 = ORIENTED_EDGE('',*,*,#658,.F.);
#658 = EDGE_CURVE('',#648,#538,#659,.T.);
#659 = ( BOUNDED_CURVE() B_SPLINE_CURVE(9,(#660,#661,#662,#663,#664,#665
    ,#666,#667,#668,#669),.UNSPECIFIED.,.F.,.F.) 
B_SPLINE_CURVE_WITH_KNOTS((10,10),(4.721600563207,10.240234449514),
.PIECEWISE_BEZIER_KNOTS.) CURVE() GEOMETRIC_REPRESENTATION_ITEM() 
RATIONAL_B_SPLINE_CURVE((1.,1.,1.,1.,1.,1.,1.,1.,1.,1.)) 
REPRESENTATION_ITEM('') );
#660 = CARTESIAN_POINT('',(-10.76401491063,10.092489888342,71.42226));
#661 = CARTESIAN_POINT('',(-10.76401491063,10.60559982193,
    71.757981970517));
#662 = CARTESIAN_POINT('',(-10.60676752297,11.167338758663,
    72.019382747582));
#663 = CARTESIAN_POINT('',(-10.50432321397,11.76540191686,
    72.198410648863));
#664 = CARTESIAN_POINT('',(-10.42069904102,12.385931787276,
    72.289393879462));
#665 = CARTESIAN_POINT('',(-10.42069904102,13.014068212724,
    72.289393879462));
#666 = CARTESIAN_POINT('',(-10.50432321397,13.63459808314,
    72.198410648864));
#667 = CARTESIAN_POINT('',(-10.60676752297,14.232661241338,
    72.019382747582));
#668 = CARTESIAN_POINT('',(-10.76401491063,14.79440017807,
    71.757981970517));
#669 = CARTESIAN_POINT('',(-10.76401491063,15.307510111658,71.42226));
#670 = ( BOUNDED_SURFACE() B_SPLINE_SURFACE(2,9,(
    (#671,#672,#673,#674,#675,#676,#677,#678,#679,#680)
    ,(#681,#682,#683,#684,#685,#686,#687,#688,#689,#690)
    ,(#691,#692,#693,#694,#695,#696,#697,#698,#699,#700
)),.UNSPECIFIED.,.F.,.F.,.F.) B_SPLINE_SURFACE_WITH_KNOTS((3,3),(10,10),
  (0.,5.518633886307),(4.721600563207,10.240234449514),
.PIECEWISE_BEZIER_KNOTS.) GEOMETRIC_REPRESENTATION_ITEM() 
RATIONAL_B_SPLINE_SURFACE((
    (1.,1.,1.,1.,1.,1.,1.,1.,1.,1.)
    ,(0.707106781187,0.78156593879,0.816769243619,0.840716920674
      ,0.849446816312,0.849446816312,0.840716920674,0.816769243619
      ,0.78156593879,0.707106781187)
,(1.,1.,1.,1.,1.,1.,1.,1.,1.,1.))) REPRESENTATION_ITEM('') SURFACE() );
#671 = CARTESIAN_POINT('',(-10.76401491063,10.092489888342,71.42226));
#672 = CARTESIAN_POINT('',(-10.76401491063,10.60559982193,
    71.757981970517));
#673 = CARTESIAN_POINT('',(-10.60676752297,11.167338758663,
    72.019382747582));
#674 = CARTESIAN_POINT('',(-10.50432321397,11.76540191686,
    72.198410648863));
#675 = CARTESIAN_POINT('',(-10.42069904102,12.385931787276,
    72.289393879462));
#676 = CARTESIAN_POINT('',(-10.42069904102,13.014068212724,
    72.289393879462));
#677 = CARTESIAN_POINT('',(-10.50432321397,13.63459808314,
    72.198410648864));
#678 = CARTESIAN_POINT('',(-10.60676752297,14.232661241338,
    72.019382747582));
#679 = CARTESIAN_POINT('',(-10.76401491063,14.79440017807,
    71.757981970517));
#680 = CARTESIAN_POINT('',(-10.76401491063,15.307510111658,71.42226));
#681 = CARTESIAN_POINT('',(-7.589014910633,10.092489888342,71.42226));
#682 = CARTESIAN_POINT('',(-8.193974297062,10.556716251757,
    71.725998008738));
#683 = CARTESIAN_POINT('',(-8.372060104706,11.128448296566,
    72.007729463108));
#684 = CARTESIAN_POINT('',(-8.444098517317,11.729648602451,
    72.191780095145));
#685 = CARTESIAN_POINT('',(-8.455639404047,12.382988209868,
    72.293546467431));
#686 = CARTESIAN_POINT('',(-8.455639404048,13.017011790132,
    72.293546467431));
#687 = CARTESIAN_POINT('',(-8.444098517317,13.670351397549,
    72.191780095145));
#688 = CARTESIAN_POINT('',(-8.372060104706,14.271551703434,
    72.007729463108));
#689 = CARTESIAN_POINT('',(-8.193974297062,14.843283748243,
    71.725998008738));
#690 = CARTESIAN_POINT('',(-7.589014910633,15.307510111658,71.42226));
#691 = CARTESIAN_POINT('',(-7.589014910633,8.354149813903,74.0791));
#692 = CARTESIAN_POINT('',(-7.589014910633,9.575431456238,74.0791));
#693 = CARTESIAN_POINT('',(-7.589014910633,10.565259545603,74.0791));
#694 = CARTESIAN_POINT('',(-7.589014910633,11.457106374514,74.0791));
#695 = CARTESIAN_POINT('',(-7.589014910633,12.289287533421,74.0791));
#696 = CARTESIAN_POINT('',(-7.589014910633,13.110712466579,74.0791));
#697 = CARTESIAN_POINT('',(-7.589014910633,13.942893625486,74.0791));
#698 = CARTESIAN_POINT('',(-7.589014910633,14.834740454397,74.0791));
#699 = CARTESIAN_POINT('',(-7.589014910633,15.824568543762,74.0791));
#700 = CARTESIAN_POINT('',(-7.589014910633,17.045850186097,74.0791));
#701 = ADVANCED_FACE('',(#702),#729,.F.);
#702 = FACE_BOUND('',#703,.F.);
#703 = EDGE_LOOP('',(#704,#705,#712,#713,#722));
#704 = ORIENTED_EDGE('',*,*,#78,.T.);
#705 = ORIENTED_EDGE('',*,*,#706,.T.);
#706 = EDGE_CURVE('',#79,#587,#707,.T.);
#707 = CIRCLE('',#708,7.9375);
#708 = AXIS2_PLACEMENT_3D('',#709,#710,#711);
#709 = CARTESIAN_POINT('',(-7.589014910633,-12.7,67.437));
#710 = DIRECTION('',(-1.,-0.,0.));
#711 = DIRECTION('',(0.,-1.,-2.98390650188E-15));
#712 = ORIENTED_EDGE('',*,*,#586,.F.);
#713 = ORIENTED_EDGE('',*,*,#714,.T.);
#714 = EDGE_CURVE('',#572,#715,#717,.T.);
#715 = VERTEX_POINT('',#716);
#716 = CARTESIAN_POINT('',(-7.589014910633,4.7625,67.437));
#717 = CIRCLE('',#718,7.9375);
#718 = AXIS2_PLACEMENT_3D('',#719,#720,#721);
#719 = CARTESIAN_POINT('',(-7.589014910633,12.7,67.437));
#720 = DIRECTION('',(-1.,0.,0.));
#721 = DIRECTION('',(0.,-1.,0.));
#722 = ORIENTED_EDGE('',*,*,#723,.T.);
#723 = EDGE_CURVE('',#715,#64,#724,.T.);
#724 = CIRCLE('',#725,7.9375);
#725 = AXIS2_PLACEMENT_3D('',#726,#727,#728);
#726 = CARTESIAN_POINT('',(-7.589014910633,12.7,67.437));
#727 = DIRECTION('',(-1.,0.,0.));
#728 = DIRECTION('',(0.,-1.,0.));
#729 = PLANE('',#730);
#730 = AXIS2_PLACEMENT_3D('',#731,#732,#733);
#731 = CARTESIAN_POINT('',(-7.589014910633,22.225,74.0791));
#732 = DIRECTION('',(1.,0.,0.));
#733 = DIRECTION('',(0.,-2.22044604925E-16,-1.));
#734 = ADVANCED_FACE('',(#735),#762,.T.);
#735 = FACE_BOUND('',#736,.T.);
#736 = EDGE_LOOP('',(#737,#746,#754,#761));
#737 = ORIENTED_EDGE('',*,*,#738,.F.);
#738 = EDGE_CURVE('',#739,#110,#741,.T.);
#739 = VERTEX_POINT('',#740);
#740 = CARTESIAN_POINT('',(3.221374245735,-22.225,75.183999999979));
#741 = CIRCLE('',#742,9.525);
#742 = AXIS2_PLACEMENT_3D('',#743,#744,#745);
#743 = CARTESIAN_POINT('',(8.763,-22.225,67.437));
#744 = DIRECTION('',(0.,-1.,2.22044604925E-16));
#745 = DIRECTION('',(1.,0.,0.));
#746 = ORIENTED_EDGE('',*,*,#747,.T.);
#747 = EDGE_CURVE('',#739,#748,#750,.T.);
#748 = VERTEX_POINT('',#749);
#749 = CARTESIAN_POINT('',(3.221374245735,22.225,75.183999999979));
#750 = LINE('',#751,#752);
#751 = CARTESIAN_POINT('',(3.221374245735,-22.225,75.183999999979));
#752 = VECTOR('',#753,1.);
#753 = DIRECTION('',(-0.,1.,-2.22044604925E-16));
#754 = ORIENTED_EDGE('',*,*,#755,.T.);
#755 = EDGE_CURVE('',#748,#118,#756,.T.);
#756 = CIRCLE('',#757,9.525);
#757 = AXIS2_PLACEMENT_3D('',#758,#759,#760);
#758 = CARTESIAN_POINT('',(8.763,22.225,67.437));
#759 = DIRECTION('',(0.,-1.,2.22044604925E-16));
#760 = DIRECTION('',(1.,0.,0.));
#761 = ORIENTED_EDGE('',*,*,#117,.T.);
#762 = CYLINDRICAL_SURFACE('',#763,9.525);
#763 = AXIS2_PLACEMENT_3D('',#764,#765,#766);
#764 = CARTESIAN_POINT('',(8.763,-22.225,67.437));
#765 = DIRECTION('',(0.,-1.,2.22044604925E-16));
#766 = DIRECTION('',(1.,0.,0.));
#767 = ADVANCED_FACE('',(#768),#801,.T.);
#768 = FACE_BOUND('',#769,.T.);
#769 = EDGE_LOOP('',(#770,#779,#780,#788));
#770 = ORIENTED_EDGE('',*,*,#771,.F.);
#771 = EDGE_CURVE('',#87,#772,#774,.T.);
#772 = VERTEX_POINT('',#773);
#773 = CARTESIAN_POINT('',(-10.76401491063,-15.30751011165,71.42226));
#774 = CIRCLE('',#775,3.175);
#775 = AXIS2_PLACEMENT_3D('',#776,#777,#778);
#776 = CARTESIAN_POINT('',(-10.76401491063,-17.04585018609,74.0791));
#777 = DIRECTION('',(-0.,0.8368,0.547508684863));
#778 = DIRECTION('',(0.,-0.547508684863,0.8368));
#779 = ORIENTED_EDGE('',*,*,#86,.T.);
#780 = ORIENTED_EDGE('',*,*,#781,.T.);
#781 = EDGE_CURVE('',#79,#782,#784,.T.);
#782 = VERTEX_POINT('',#783);
#783 = CARTESIAN_POINT('',(-10.76401491063,-10.09248988834,71.42226));
#784 = ( BOUNDED_CURVE() B_SPLINE_CURVE(2,(#785,#786,#787),
.UNSPECIFIED.,.F.,.F.) B_SPLINE_CURVE_WITH_KNOTS((3,3),(0.,
5.518633886307),.PIECEWISE_BEZIER_KNOTS.) CURVE() 
GEOMETRIC_REPRESENTATION_ITEM() RATIONAL_B_SPLINE_CURVE((1.,
0.707106781187,1.)) REPRESENTATION_ITEM('') );
#785 = CARTESIAN_POINT('',(-7.589014910633,-8.354149813903,74.0791));
#786 = CARTESIAN_POINT('',(-7.589014910633,-10.09248988834,71.42226));
#787 = CARTESIAN_POINT('',(-10.76401491063,-10.09248988834,71.42226));
#788 = ORIENTED_EDGE('',*,*,#789,.F.);
#789 = EDGE_CURVE('',#772,#782,#790,.T.);
#790 = ( BOUNDED_CURVE() B_SPLINE_CURVE(9,(#791,#792,#793,#794,#795,#796
    ,#797,#798,#799,#800),.UNSPECIFIED.,.F.,.F.) 
B_SPLINE_CURVE_WITH_KNOTS((10,10),(4.721600563207,10.240234449514),
.PIECEWISE_BEZIER_KNOTS.) CURVE() GEOMETRIC_REPRESENTATION_ITEM() 
RATIONAL_B_SPLINE_CURVE((1.,1.,1.,1.,1.,1.,1.,1.,1.,1.)) 
REPRESENTATION_ITEM('') );
#791 = CARTESIAN_POINT('',(-10.76401491063,-15.30751011165,71.42226));
#792 = CARTESIAN_POINT('',(-10.76401491063,-14.79440017807,
    71.757981970517));
#793 = CARTESIAN_POINT('',(-10.60676752297,-14.23266124133,
    72.019382747582));
#794 = CARTESIAN_POINT('',(-10.50432321397,-13.63459808314,
    72.198410648863));
#795 = CARTESIAN_POINT('',(-10.42069904102,-13.01406821272,
    72.289393879462));
#796 = CARTESIAN_POINT('',(-10.42069904102,-12.38593178727,
    72.289393879462));
#797 = CARTESIAN_POINT('',(-10.50432321397,-11.76540191685,
    72.198410648863));
#798 = CARTESIAN_POINT('',(-10.60676752297,-11.16733875866,
    72.019382747582));
#799 = CARTESIAN_POINT('',(-10.76401491063,-10.60559982192,
    71.757981970517));
#800 = CARTESIAN_POINT('',(-10.76401491063,-10.09248988834,71.42226));
#801 = ( BOUNDED_SURFACE() B_SPLINE_SURFACE(2,9,(
    (#802,#803,#804,#805,#806,#807,#808,#809,#810,#811)
    ,(#812,#813,#814,#815,#816,#817,#818,#819,#820,#821)
    ,(#822,#823,#824,#825,#826,#827,#828,#829,#830,#831
)),.UNSPECIFIED.,.F.,.F.,.F.) B_SPLINE_SURFACE_WITH_KNOTS((3,3),(10,10),
  (0.,5.518633886307),(4.721600563207,10.240234449514),
.PIECEWISE_BEZIER_KNOTS.) GEOMETRIC_REPRESENTATION_ITEM() 
RATIONAL_B_SPLINE_SURFACE((
    (1.,1.,1.,1.,1.,1.,1.,1.,1.,1.)
    ,(0.707106781187,0.78156593879,0.816769243619,0.840716920674
      ,0.849446816312,0.849446816312,0.840716920674,0.816769243619
      ,0.78156593879,0.707106781187)
,(1.,1.,1.,1.,1.,1.,1.,1.,1.,1.))) REPRESENTATION_ITEM('') SURFACE() );
#802 = CARTESIAN_POINT('',(-10.76401491063,-15.30751011165,71.42226));
#803 = CARTESIAN_POINT('',(-10.76401491063,-14.79440017807,
    71.757981970517));
#804 = CARTESIAN_POINT('',(-10.60676752297,-14.23266124133,
    72.019382747582));
#805 = CARTESIAN_POINT('',(-10.50432321397,-13.63459808314,
    72.198410648863));
#806 = CARTESIAN_POINT('',(-10.42069904102,-13.01406821272,
    72.289393879462));
#807 = CARTESIAN_POINT('',(-10.42069904102,-12.38593178727,
    72.289393879462));
#808 = CARTESIAN_POINT('',(-10.50432321397,-11.76540191685,
    72.198410648863));
#809 = CARTESIAN_POINT('',(-10.60676752297,-11.16733875866,
    72.019382747582));
#810 = CARTESIAN_POINT('',(-10.76401491063,-10.60559982192,
    71.757981970517));
#811 = CARTESIAN_POINT('',(-10.76401491063,-10.09248988834,71.42226));
#812 = CARTESIAN_POINT('',(-7.589014910633,-15.30751011165,71.42226));
#813 = CARTESIAN_POINT('',(-8.193974297062,-14.84328374824,
    71.725998008738));
#814 = CARTESIAN_POINT('',(-8.372060104706,-14.27155170343,
    72.007729463108));
#815 = CARTESIAN_POINT('',(-8.444098517317,-13.67035139754,
    72.191780095145));
#816 = CARTESIAN_POINT('',(-8.455639404047,-13.01701179013,
    72.293546467431));
#817 = CARTESIAN_POINT('',(-8.455639404048,-12.38298820986,
    72.293546467431));
#818 = CARTESIAN_POINT('',(-8.444098517317,-11.72964860245,
    72.191780095145));
#819 = CARTESIAN_POINT('',(-8.372060104706,-11.12844829656,
    72.007729463108));
#820 = CARTESIAN_POINT('',(-8.193974297062,-10.55671625175,
    71.725998008738));
#821 = CARTESIAN_POINT('',(-7.589014910633,-10.09248988834,71.42226));
#822 = CARTESIAN_POINT('',(-7.589014910633,-17.04585018609,74.0791));
#823 = CARTESIAN_POINT('',(-7.589014910633,-15.82456854376,74.0791));
#824 = CARTESIAN_POINT('',(-7.589014910633,-14.83474045439,74.0791));
#825 = CARTESIAN_POINT('',(-7.589014910633,-13.94289362548,74.0791));
#826 = CARTESIAN_POINT('',(-7.589014910633,-13.11071246657,74.0791));
#827 = CARTESIAN_POINT('',(-7.589014910633,-12.28928753342,74.0791));
#828 = CARTESIAN_POINT('',(-7.589014910633,-11.45710637451,74.0791));
#829 = CARTESIAN_POINT('',(-7.589014910633,-10.5652595456,74.0791));
#830 = CARTESIAN_POINT('',(-7.589014910633,-9.575431456238,74.0791));
#831 = CARTESIAN_POINT('',(-7.589014910633,-8.354149813903,74.0791));
#832 = ADVANCED_FACE('',(#833),#859,.F.);
#833 = FACE_BOUND('',#834,.F.);
#834 = EDGE_LOOP('',(#835,#836,#842,#843,#852));
#835 = ORIENTED_EDGE('',*,*,#101,.T.);
#836 = ORIENTED_EDGE('',*,*,#837,.T.);
#837 = EDGE_CURVE('',#102,#610,#838,.T.);
#838 = LINE('',#839,#840);
#839 = CARTESIAN_POINT('',(-7.589014910633,-22.225,74.0791));
#840 = VECTOR('',#841,1.);
#841 = DIRECTION('',(0.,-2.22044604925E-16,-1.));
#842 = ORIENTED_EDGE('',*,*,#609,.F.);
#843 = ORIENTED_EDGE('',*,*,#844,.T.);
#844 = EDGE_CURVE('',#595,#845,#847,.T.);
#845 = VERTEX_POINT('',#846);
#846 = CARTESIAN_POINT('',(-7.589014910633,-20.6375,67.437));
#847 = CIRCLE('',#848,7.9375);
#848 = AXIS2_PLACEMENT_3D('',#849,#850,#851);
#849 = CARTESIAN_POINT('',(-7.589014910633,-12.7,67.437));
#850 = DIRECTION('',(-1.,-0.,0.));
#851 = DIRECTION('',(0.,-1.,-2.98390650188E-15));
#852 = ORIENTED_EDGE('',*,*,#853,.T.);
#853 = EDGE_CURVE('',#845,#87,#854,.T.);
#854 = CIRCLE('',#855,7.9375);
#855 = AXIS2_PLACEMENT_3D('',#856,#857,#858);
#856 = CARTESIAN_POINT('',(-7.589014910633,-12.7,67.437));
#857 = DIRECTION('',(-1.,-0.,0.));
#858 = DIRECTION('',(0.,-1.,-2.98390650188E-15));
#859 = PLANE('',#860);
#860 = AXIS2_PLACEMENT_3D('',#861,#862,#863);
#861 = CARTESIAN_POINT('',(-7.589014910633,22.225,74.0791));
#862 = DIRECTION('',(1.,0.,0.));
#863 = DIRECTION('',(0.,-2.22044604925E-16,-1.));
#864 = ADVANCED_FACE('',(#865),#890,.F.);
#865 = FACE_BOUND('',#866,.F.);
#866 = EDGE_LOOP('',(#867,#875,#883,#889));
#867 = ORIENTED_EDGE('',*,*,#868,.T.);
#868 = EDGE_CURVE('',#134,#869,#871,.T.);
#869 = VERTEX_POINT('',#870);
#870 = CARTESIAN_POINT('',(-3.792637404736,16.878251423192,73.0791));
#871 = LINE('',#872,#873);
#872 = CARTESIAN_POINT('',(-3.792637404736,16.878251423192,74.0791));
#873 = VECTOR('',#874,1.);
#874 = DIRECTION('',(-0.,-0.,-1.));
#875 = ORIENTED_EDGE('',*,*,#876,.T.);
#876 = EDGE_CURVE('',#869,#877,#879,.T.);
#877 = VERTEX_POINT('',#878);
#878 = CARTESIAN_POINT('',(-3.792637404736,15.938949388994,73.0791));
#879 = LINE('',#880,#881);
#880 = CARTESIAN_POINT('',(-3.792637404736,16.878251423192,73.0791));
#881 = VECTOR('',#882,1.);
#882 = DIRECTION('',(-2.22044604925E-16,-1.,0.));
#883 = ORIENTED_EDGE('',*,*,#884,.F.);
#884 = EDGE_CURVE('',#136,#877,#885,.T.);
#885 = LINE('',#886,#887);
#886 = CARTESIAN_POINT('',(-3.792637404736,15.938949388994,74.0791));
#887 = VECTOR('',#888,1.);
#888 = DIRECTION('',(-0.,-0.,-1.));
#889 = ORIENTED_EDGE('',*,*,#133,.F.);
#890 = PLANE('',#891);
#891 = AXIS2_PLACEMENT_3D('',#892,#893,#894);
#892 = CARTESIAN_POINT('',(-3.792637404736,16.878251423192,74.0791));
#893 = DIRECTION('',(-1.,2.22044604925E-16,0.));
#894 = DIRECTION('',(-2.22044604925E-16,-1.,0.));
#895 = ADVANCED_FACE('',(#896),#915,.F.);
#896 = FACE_BOUND('',#897,.F.);
#897 = EDGE_LOOP('',(#898,#899,#908,#914));
#898 = ORIENTED_EDGE('',*,*,#884,.T.);
#899 = ORIENTED_EDGE('',*,*,#900,.T.);
#900 = EDGE_CURVE('',#877,#901,#903,.T.);
#901 = VERTEX_POINT('',#902);
#902 = CARTESIAN_POINT('',(-3.74958021134,15.828810336321,73.0791));
#903 = B_SPLINE_CURVE_WITH_KNOTS('',3,(#904,#905,#906,#907),
  .UNSPECIFIED.,.F.,.F.,(4,4),(0.,1.),.PIECEWISE_BEZIER_KNOTS.);
#904 = CARTESIAN_POINT('',(-3.792637404736,15.938949388994,73.0791));
#905 = CARTESIAN_POINT('',(-3.792637404736,15.857515131918,73.0791));
#906 = CARTESIAN_POINT('',(-3.787957275019,15.84316273412,73.0791));
#907 = CARTESIAN_POINT('',(-3.74958021134,15.828810336321,73.0791));
#908 = ORIENTED_EDGE('',*,*,#909,.F.);
#909 = EDGE_CURVE('',#302,#901,#910,.T.);
#910 = LINE('',#911,#912);
#911 = CARTESIAN_POINT('',(-3.74958021134,15.828810336321,74.0791));
#912 = VECTOR('',#913,1.);
#913 = DIRECTION('',(-0.,-0.,-1.));
#914 = ORIENTED_EDGE('',*,*,#309,.F.);
#915 = SURFACE_OF_LINEAR_EXTRUSION('',#916,#921);
#916 = B_SPLINE_CURVE_WITH_KNOTS('',3,(#917,#918,#919,#920),
  .UNSPECIFIED.,.F.,.F.,(4,4),(0.,1.),.PIECEWISE_BEZIER_KNOTS.);
#917 = CARTESIAN_POINT('',(-3.792637404736,15.938949388994,74.0791));
#918 = CARTESIAN_POINT('',(-3.792637404736,15.857515131918,74.0791));
#919 = CARTESIAN_POINT('',(-3.787957275019,15.84316273412,74.0791));
#920 = CARTESIAN_POINT('',(-3.74958021134,15.828810336321,74.0791));
#921 = VECTOR('',#922,1.);
#922 = DIRECTION('',(0.,0.,1.));
#923 = ADVANCED_FACE('',(#924),#942,.F.);
#924 = FACE_BOUND('',#925,.F.);
#925 = EDGE_LOOP('',(#926,#927,#935,#941));
#926 = ORIENTED_EDGE('',*,*,#909,.T.);
#927 = ORIENTED_EDGE('',*,*,#928,.T.);
#928 = EDGE_CURVE('',#901,#929,#931,.T.);
#929 = VERTEX_POINT('',#930);
#930 = CARTESIAN_POINT('',(-3.323064389799,15.646597286006,73.0791));
#931 = LINE('',#932,#933);
#932 = CARTESIAN_POINT('',(-3.74958021134,15.828810336321,73.0791));
#933 = VECTOR('',#934,1.);
#934 = DIRECTION('',(0.919596764583,-0.392863577554,0.));
#935 = ORIENTED_EDGE('',*,*,#936,.F.);
#936 = EDGE_CURVE('',#294,#929,#937,.T.);
#937 = LINE('',#938,#939);
#938 = CARTESIAN_POINT('',(-3.323064389799,15.646597286006,74.0791));
#939 = VECTOR('',#940,1.);
#940 = DIRECTION('',(-0.,-0.,-1.));
#941 = ORIENTED_EDGE('',*,*,#301,.F.);
#942 = PLANE('',#943);
#943 = AXIS2_PLACEMENT_3D('',#944,#945,#946);
#944 = CARTESIAN_POINT('',(-3.74958021134,15.828810336321,74.0791));
#945 = DIRECTION('',(-0.392863577554,-0.919596764583,0.));
#946 = DIRECTION('',(0.919596764583,-0.392863577554,0.));
#947 = ADVANCED_FACE('',(#948),#966,.F.);
#948 = FACE_BOUND('',#949,.F.);
#949 = EDGE_LOOP('',(#950,#951,#959,#965));
#950 = ORIENTED_EDGE('',*,*,#936,.T.);
#951 = ORIENTED_EDGE('',*,*,#952,.T.);
#952 = EDGE_CURVE('',#929,#953,#955,.T.);
#953 = VERTEX_POINT('',#954);
#954 = CARTESIAN_POINT('',(-3.289523460161,15.689810483726,73.0791));
#955 = LINE('',#956,#957);
#956 = CARTESIAN_POINT('',(-3.323064389799,15.646597286006,73.0791));
#957 = VECTOR('',#958,1.);
#958 = DIRECTION('',(0.613150559542,0.789966069735,0.));
#959 = ORIENTED_EDGE('',*,*,#960,.F.);
#960 = EDGE_CURVE('',#285,#953,#961,.T.);
#961 = LINE('',#962,#963);
#962 = CARTESIAN_POINT('',(-3.289523460161,15.689810483726,74.0791));
#963 = VECTOR('',#964,1.);
#964 = DIRECTION('',(-0.,-0.,-1.));
#965 = ORIENTED_EDGE('',*,*,#293,.F.);
#966 = PLANE('',#967);
#967 = AXIS2_PLACEMENT_3D('',#968,#969,#970);
#968 = CARTESIAN_POINT('',(-3.323064389799,15.646597286006,74.0791));
#969 = DIRECTION('',(0.789966069735,-0.613150559542,0.));
#970 = DIRECTION('',(0.613150559542,0.789966069735,0.));
#971 = ADVANCED_FACE('',(#972),#991,.F.);
#972 = FACE_BOUND('',#973,.F.);
#973 = EDGE_LOOP('',(#974,#975,#984,#990));
#974 = ORIENTED_EDGE('',*,*,#960,.T.);
#975 = ORIENTED_EDGE('',*,*,#976,.T.);
#976 = EDGE_CURVE('',#953,#977,#979,.T.);
#977 = VERTEX_POINT('',#978);
#978 = CARTESIAN_POINT('',(-3.414014910633,15.910244593396,73.0791));
#979 = B_SPLINE_CURVE_WITH_KNOTS('',3,(#980,#981,#982,#983),
  .UNSPECIFIED.,.F.,.F.,(4,4),(0.,1.),.PIECEWISE_BEZIER_KNOTS.);
#980 = CARTESIAN_POINT('',(-3.289523460161,15.689810483726,73.0791));
#981 = CARTESIAN_POINT('',(-3.385310115035,15.761728477044,73.0791));
#982 = CARTESIAN_POINT('',(-3.414014910633,15.80478567044,73.0791));
#983 = CARTESIAN_POINT('',(-3.414014910633,15.910244593396,73.0791));
#984 = ORIENTED_EDGE('',*,*,#985,.F.);
#985 = EDGE_CURVE('',#277,#977,#986,.T.);
#986 = LINE('',#987,#988);
#987 = CARTESIAN_POINT('',(-3.414014910633,15.910244593396,74.0791));
#988 = VECTOR('',#989,1.);
#989 = DIRECTION('',(-0.,-0.,-1.));
#990 = ORIENTED_EDGE('',*,*,#284,.F.);
#991 = SURFACE_OF_LINEAR_EXTRUSION('',#992,#997);
#992 = B_SPLINE_CURVE_WITH_KNOTS('',3,(#993,#994,#995,#996),
  .UNSPECIFIED.,.F.,.F.,(4,4),(0.,1.),.PIECEWISE_BEZIER_KNOTS.);
#993 = CARTESIAN_POINT('',(-3.289523460161,15.689810483726,74.0791));
#994 = CARTESIAN_POINT('',(-3.385310115035,15.761728477044,74.0791));
#995 = CARTESIAN_POINT('',(-3.414014910633,15.80478567044,74.0791));
#996 = CARTESIAN_POINT('',(-3.414014910633,15.910244593396,74.0791));
#997 = VECTOR('',#998,1.);
#998 = DIRECTION('',(0.,0.,1.));
#999 = ADVANCED_FACE('',(#1000),#1018,.F.);
#1000 = FACE_BOUND('',#1001,.F.);
#1001 = EDGE_LOOP('',(#1002,#1003,#1011,#1017));
#1002 = ORIENTED_EDGE('',*,*,#985,.T.);
#1003 = ORIENTED_EDGE('',*,*,#1004,.T.);
#1004 = EDGE_CURVE('',#977,#1005,#1007,.T.);
#1005 = VERTEX_POINT('',#1006);
#1006 = CARTESIAN_POINT('',(-3.414014910633,16.91179235283,73.0791));
#1007 = LINE('',#1008,#1009);
#1008 = CARTESIAN_POINT('',(-3.414014910633,15.910244593396,73.0791));
#1009 = VECTOR('',#1010,1.);
#1010 = DIRECTION('',(2.22044604925E-16,1.,0.));
#1011 = ORIENTED_EDGE('',*,*,#1012,.F.);
#1012 = EDGE_CURVE('',#269,#1005,#1013,.T.);
#1013 = LINE('',#1014,#1015);
#1014 = CARTESIAN_POINT('',(-3.414014910633,16.91179235283,74.0791));
#1015 = VECTOR('',#1016,1.);
#1016 = DIRECTION('',(-0.,-0.,-1.));
#1017 = ORIENTED_EDGE('',*,*,#276,.F.);
#1018 = PLANE('',#1019);
#1019 = AXIS2_PLACEMENT_3D('',#1020,#1021,#1022);
#1020 = CARTESIAN_POINT('',(-3.414014910633,15.910244593396,74.0791));
#1021 = DIRECTION('',(1.,-2.22044604925E-16,0.));
#1022 = DIRECTION('',(2.22044604925E-16,1.,0.));
#1023 = ADVANCED_FACE('',(#1024),#1042,.F.);
#1024 = FACE_BOUND('',#1025,.F.);
#1025 = EDGE_LOOP('',(#1026,#1027,#1035,#1041));
#1026 = ORIENTED_EDGE('',*,*,#1012,.T.);
#1027 = ORIENTED_EDGE('',*,*,#1028,.T.);
#1028 = EDGE_CURVE('',#1005,#1029,#1031,.T.);
#1029 = VERTEX_POINT('',#1030);
#1030 = CARTESIAN_POINT('',(-4.551442436183,17.434250833569,73.0791));
#1031 = LINE('',#1032,#1033);
#1032 = CARTESIAN_POINT('',(-3.414014910633,16.91179235283,73.0791));
#1033 = VECTOR('',#1034,1.);
#1034 = DIRECTION('',(-0.908720288708,0.417405602371,0.));
#1035 = ORIENTED_EDGE('',*,*,#1036,.F.);
#1036 = EDGE_CURVE('',#260,#1029,#1037,.T.);
#1037 = LINE('',#1038,#1039);
#1038 = CARTESIAN_POINT('',(-4.551442436183,17.434250833569,74.0791));
#1039 = VECTOR('',#1040,1.);
#1040 = DIRECTION('',(-0.,-0.,-1.));
#1041 = ORIENTED_EDGE('',*,*,#268,.F.);
#1042 = PLANE('',#1043);
#1043 = AXIS2_PLACEMENT_3D('',#1044,#1045,#1046);
#1044 = CARTESIAN_POINT('',(-3.414014910633,16.91179235283,74.0791));
#1045 = DIRECTION('',(0.417405602371,0.908720288708,0.));
#1046 = DIRECTION('',(-0.908720288708,0.417405602371,0.));
#1047 = ADVANCED_FACE('',(#1048),#1067,.F.);
#1048 = FACE_BOUND('',#1049,.F.);
#1049 = EDGE_LOOP('',(#1050,#1051,#1060,#1066));
#1050 = ORIENTED_EDGE('',*,*,#1036,.T.);
#1051 = ORIENTED_EDGE('',*,*,#1052,.T.);
#1052 = EDGE_CURVE('',#1029,#1053,#1055,.T.);
#1053 = VERTEX_POINT('',#1054);
#1054 = CARTESIAN_POINT('',(-4.57531109774,17.438930963286,73.0791));
#1055 = B_SPLINE_CURVE_WITH_KNOTS('',3,(#1056,#1057,#1058,#1059),
  .UNSPECIFIED.,.F.,.F.,(4,4),(0.,1.),.PIECEWISE_BEZIER_KNOTS.);
#1056 = CARTESIAN_POINT('',(-4.551442436183,17.434250833569,73.0791));
#1057 = CARTESIAN_POINT('',(-4.560958699941,17.438930963286,73.0791));
#1058 = CARTESIAN_POINT('',(-4.565794833982,17.438930963286,73.0791));
#1059 = CARTESIAN_POINT('',(-4.57531109774,17.438930963286,73.0791));
#1060 = ORIENTED_EDGE('',*,*,#1061,.F.);
#1061 = EDGE_CURVE('',#251,#1053,#1062,.T.);
#1062 = LINE('',#1063,#1064);
#1063 = CARTESIAN_POINT('',(-4.57531109774,17.438930963286,74.0791));
#1064 = VECTOR('',#1065,1.);
#1065 = DIRECTION('',(-0.,-0.,-1.));
#1066 = ORIENTED_EDGE('',*,*,#259,.F.);
#1067 = SURFACE_OF_LINEAR_EXTRUSION('',#1068,#1073);
#1068 = B_SPLINE_CURVE_WITH_KNOTS('',3,(#1069,#1070,#1071,#1072),
  .UNSPECIFIED.,.F.,.F.,(4,4),(0.,1.),.PIECEWISE_BEZIER_KNOTS.);
#1069 = CARTESIAN_POINT('',(-4.551442436183,17.434250833569,74.0791));
#1070 = CARTESIAN_POINT('',(-4.560958699941,17.438930963286,74.0791));
#1071 = CARTESIAN_POINT('',(-4.565794833982,17.438930963286,74.0791));
#1072 = CARTESIAN_POINT('',(-4.57531109774,17.438930963286,74.0791));
#1073 = VECTOR('',#1074,1.);
#1074 = DIRECTION('',(0.,0.,1.));
#1075 = ADVANCED_FACE('',(#1076),#1095,.F.);
#1076 = FACE_BOUND('',#1077,.F.);
#1077 = EDGE_LOOP('',(#1078,#1079,#1088,#1094));
#1078 = ORIENTED_EDGE('',*,*,#1061,.T.);
#1079 = ORIENTED_EDGE('',*,*,#1080,.T.);
#1080 = EDGE_CURVE('',#1053,#1081,#1083,.T.);
#1081 = VERTEX_POINT('',#1082);
#1082 = CARTESIAN_POINT('',(-4.613844165743,17.381521372091,73.0791));
#1083 = B_SPLINE_CURVE_WITH_KNOTS('',3,(#1084,#1085,#1086,#1087),
  .UNSPECIFIED.,.F.,.F.,(4,4),(0.,1.),.PIECEWISE_BEZIER_KNOTS.);
#1084 = CARTESIAN_POINT('',(-4.57531109774,17.438930963286,73.0791));
#1085 = CARTESIAN_POINT('',(-4.604171897661,17.438930963286,73.0791));
#1086 = CARTESIAN_POINT('',(-4.613844165743,17.41989843577,73.0791));
#1087 = CARTESIAN_POINT('',(-4.613844165743,17.381521372091,73.0791));
#1088 = ORIENTED_EDGE('',*,*,#1089,.F.);
#1089 = EDGE_CURVE('',#242,#1081,#1090,.T.);
#1090 = LINE('',#1091,#1092);
#1091 = CARTESIAN_POINT('',(-4.613844165743,17.381521372091,74.0791));
#1092 = VECTOR('',#1093,1.);
#1093 = DIRECTION('',(-0.,-0.,-1.));
#1094 = ORIENTED_EDGE('',*,*,#250,.F.);
#1095 = SURFACE_OF_LINEAR_EXTRUSION('',#1096,#1101);
#1096 = B_SPLINE_CURVE_WITH_KNOTS('',3,(#1097,#1098,#1099,#1100),
  .UNSPECIFIED.,.F.,.F.,(4,4),(0.,1.),.PIECEWISE_BEZIER_KNOTS.);
#1097 = CARTESIAN_POINT('',(-4.57531109774,17.438930963286,74.0791));
#1098 = CARTESIAN_POINT('',(-4.604171897661,17.438930963286,74.0791));
#1099 = CARTESIAN_POINT('',(-4.613844165743,17.41989843577,74.0791));
#1100 = CARTESIAN_POINT('',(-4.613844165743,17.381521372091,74.0791));
#1101 = VECTOR('',#1102,1.);
#1102 = DIRECTION('',(0.,0.,1.));
#1103 = ADVANCED_FACE('',(#1104),#1123,.F.);
#1104 = FACE_BOUND('',#1105,.F.);
#1105 = EDGE_LOOP('',(#1106,#1107,#1116,#1122));
#1106 = ORIENTED_EDGE('',*,*,#1089,.T.);
#1107 = ORIENTED_EDGE('',*,*,#1108,.T.);
#1108 = EDGE_CURVE('',#1081,#1109,#1111,.T.);
#1109 = VERTEX_POINT('',#1110);
#1110 = CARTESIAN_POINT('',(-4.709786824941,16.839874359513,73.0791));
#1111 = B_SPLINE_CURVE_WITH_KNOTS('',3,(#1112,#1113,#1114,#1115),
  .UNSPECIFIED.,.F.,.F.,(4,4),(0.,1.),.PIECEWISE_BEZIER_KNOTS.);
#1112 = CARTESIAN_POINT('',(-4.613844165743,17.381521372091,73.0791));
#1113 = CARTESIAN_POINT('',(-4.613844165743,17.228169121698,73.0791));
#1114 = CARTESIAN_POINT('',(-4.647385095381,17.041275941667,73.0791));
#1115 = CARTESIAN_POINT('',(-4.709786824941,16.839874359513,73.0791));
#1116 = ORIENTED_EDGE('',*,*,#1117,.F.);
#1117 = EDGE_CURVE('',#233,#1109,#1118,.T.);
#1118 = LINE('',#1119,#1120);
#1119 = CARTESIAN_POINT('',(-4.709786824941,16.839874359513,74.0791));
#1120 = VECTOR('',#1121,1.);
#1121 = DIRECTION('',(-0.,-0.,-1.));
#1122 = ORIENTED_EDGE('',*,*,#241,.F.);
#1123 = SURFACE_OF_LINEAR_EXTRUSION('',#1124,#1129);
#1124 = B_SPLINE_CURVE_WITH_KNOTS('',3,(#1125,#1126,#1127,#1128),
  .UNSPECIFIED.,.F.,.F.,(4,4),(0.,1.),.PIECEWISE_BEZIER_KNOTS.);
#1125 = CARTESIAN_POINT('',(-4.613844165743,17.381521372091,74.0791));
#1126 = CARTESIAN_POINT('',(-4.613844165743,17.228169121698,74.0791));
#1127 = CARTESIAN_POINT('',(-4.647385095381,17.041275941667,74.0791));
#1128 = CARTESIAN_POINT('',(-4.709786824941,16.839874359513,74.0791));
#1129 = VECTOR('',#1130,1.);
#1130 = DIRECTION('',(0.,0.,1.));
#1131 = ADVANCED_FACE('',(#1132),#1151,.F.);
#1132 = FACE_BOUND('',#1133,.F.);
#1133 = EDGE_LOOP('',(#1134,#1135,#1144,#1150));
#1134 = ORIENTED_EDGE('',*,*,#1117,.T.);
#1135 = ORIENTED_EDGE('',*,*,#1136,.T.);
#1136 = EDGE_CURVE('',#1109,#1137,#1139,.T.);
#1137 = VERTEX_POINT('',#1138);
#1138 = CARTESIAN_POINT('',(-5.660633179107,16.039572177909,73.0791));
#1139 = B_SPLINE_CURVE_WITH_KNOTS('',3,(#1140,#1141,#1142,#1143),
  .UNSPECIFIED.,.F.,.F.,(4,4),(0.,1.),.PIECEWISE_BEZIER_KNOTS.);
#1140 = CARTESIAN_POINT('',(-4.709786824941,16.839874359513,73.0791));
#1141 = CARTESIAN_POINT('',(-4.887475749862,16.2888670875,73.0791));
#1142 = CARTESIAN_POINT('',(-5.180451870145,16.039572177909,73.0791));
#1143 = CARTESIAN_POINT('',(-5.660633179107,16.039572177909,73.0791));
#1144 = ORIENTED_EDGE('',*,*,#1145,.F.);
#1145 = EDGE_CURVE('',#224,#1137,#1146,.T.);
#1146 = LINE('',#1147,#1148);
#1147 = CARTESIAN_POINT('',(-5.660633179107,16.039572177909,74.0791));
#1148 = VECTOR('',#1149,1.);
#1149 = DIRECTION('',(-0.,-0.,-1.));
#1150 = ORIENTED_EDGE('',*,*,#232,.F.);
#1151 = SURFACE_OF_LINEAR_EXTRUSION('',#1152,#1157);
#1152 = B_SPLINE_CURVE_WITH_KNOTS('',3,(#1153,#1154,#1155,#1156),
  .UNSPECIFIED.,.F.,.F.,(4,4),(0.,1.),.PIECEWISE_BEZIER_KNOTS.);
#1153 = CARTESIAN_POINT('',(-4.709786824941,16.839874359513,74.0791));
#1154 = CARTESIAN_POINT('',(-4.887475749862,16.2888670875,74.0791));
#1155 = CARTESIAN_POINT('',(-5.180451870145,16.039572177909,74.0791));
#1156 = CARTESIAN_POINT('',(-5.660633179107,16.039572177909,74.0791));
#1157 = VECTOR('',#1158,1.);
#1158 = DIRECTION('',(0.,0.,1.));
#1159 = ADVANCED_FACE('',(#1160),#1179,.F.);
#1160 = FACE_BOUND('',#1161,.F.);
#1161 = EDGE_LOOP('',(#1162,#1163,#1172,#1178));
#1162 = ORIENTED_EDGE('',*,*,#1145,.T.);
#1163 = ORIENTED_EDGE('',*,*,#1164,.T.);
#1164 = EDGE_CURVE('',#1137,#1165,#1167,.T.);
#1165 = VERTEX_POINT('',#1166);
#1166 = CARTESIAN_POINT('',(-6.48168393579,16.705710640959,73.0791));
#1167 = B_SPLINE_CURVE_WITH_KNOTS('',3,(#1168,#1169,#1170,#1171),
  .UNSPECIFIED.,.F.,.F.,(4,4),(0.,1.),.PIECEWISE_BEZIER_KNOTS.);
#1168 = CARTESIAN_POINT('',(-5.660633179107,16.039572177909,73.0791));
#1169 = CARTESIAN_POINT('',(-6.121469951906,16.039572177909,73.0791));
#1170 = CARTESIAN_POINT('',(-6.48168393579,16.327088146855,73.0791));
#1171 = CARTESIAN_POINT('',(-6.48168393579,16.705710640959,73.0791));
#1172 = ORIENTED_EDGE('',*,*,#1173,.F.);
#1173 = EDGE_CURVE('',#215,#1165,#1174,.T.);
#1174 = LINE('',#1175,#1176);
#1175 = CARTESIAN_POINT('',(-6.48168393579,16.705710640959,74.0791));
#1176 = VECTOR('',#1177,1.);
#1177 = DIRECTION('',(-0.,-0.,-1.));
#1178 = ORIENTED_EDGE('',*,*,#223,.F.);
#1179 = SURFACE_OF_LINEAR_EXTRUSION('',#1180,#1185);
#1180 = B_SPLINE_CURVE_WITH_KNOTS('',3,(#1181,#1182,#1183,#1184),
  .UNSPECIFIED.,.F.,.F.,(4,4),(0.,1.),.PIECEWISE_BEZIER_KNOTS.);
#1181 = CARTESIAN_POINT('',(-5.660633179107,16.039572177909,74.0791));
#1182 = CARTESIAN_POINT('',(-6.121469951906,16.039572177909,74.0791));
#1183 = CARTESIAN_POINT('',(-6.48168393579,16.327088146855,74.0791));
#1184 = CARTESIAN_POINT('',(-6.48168393579,16.705710640959,74.0791));
#1185 = VECTOR('',#1186,1.);
#1186 = DIRECTION('',(0.,0.,1.));
#1187 = ADVANCED_FACE('',(#1188),#1207,.F.);
#1188 = FACE_BOUND('',#1189,.F.);
#1189 = EDGE_LOOP('',(#1190,#1191,#1200,#1206));
#1190 = ORIENTED_EDGE('',*,*,#1173,.T.);
#1191 = ORIENTED_EDGE('',*,*,#1192,.T.);
#1192 = EDGE_CURVE('',#1165,#1193,#1195,.T.);
#1193 = VERTEX_POINT('',#1194);
#1194 = CARTESIAN_POINT('',(-6.342372074548,17.022087409827,73.0791));
#1195 = B_SPLINE_CURVE_WITH_KNOTS('',3,(#1196,#1197,#1198,#1199),
  .UNSPECIFIED.,.F.,.F.,(4,4),(0.,1.),.PIECEWISE_BEZIER_KNOTS.);
#1196 = CARTESIAN_POINT('',(-6.48168393579,16.705710640959,73.0791));
#1197 = CARTESIAN_POINT('',(-6.48168393579,16.801653300157,73.0791));
#1198 = CARTESIAN_POINT('',(-6.447987001828,16.878251423192,73.0791));
#1199 = CARTESIAN_POINT('',(-6.342372074548,17.022087409827,73.0791));
#1200 = ORIENTED_EDGE('',*,*,#1201,.F.);
#1201 = EDGE_CURVE('',#206,#1193,#1202,.T.);
#1202 = LINE('',#1203,#1204);
#1203 = CARTESIAN_POINT('',(-6.342372074548,17.022087409827,74.0791));
#1204 = VECTOR('',#1205,1.);
#1205 = DIRECTION('',(-0.,-0.,-1.));
#1206 = ORIENTED_EDGE('',*,*,#214,.F.);
#1207 = SURFACE_OF_LINEAR_EXTRUSION('',#1208,#1213);
#1208 = B_SPLINE_CURVE_WITH_KNOTS('',3,(#1209,#1210,#1211,#1212),
  .UNSPECIFIED.,.F.,.F.,(4,4),(0.,1.),.PIECEWISE_BEZIER_KNOTS.);
#1209 = CARTESIAN_POINT('',(-6.48168393579,16.705710640959,74.0791));
#1210 = CARTESIAN_POINT('',(-6.48168393579,16.801653300157,74.0791));
#1211 = CARTESIAN_POINT('',(-6.447987001828,16.878251423192,74.0791));
#1212 = CARTESIAN_POINT('',(-6.342372074548,17.022087409827,74.0791));
#1213 = VECTOR('',#1214,1.);
#1214 = DIRECTION('',(0.,0.,1.));
#1215 = ADVANCED_FACE('',(#1216),#1235,.F.);
#1216 = FACE_BOUND('',#1217,.F.);
#1217 = EDGE_LOOP('',(#1218,#1219,#1228,#1234));
#1218 = ORIENTED_EDGE('',*,*,#1201,.T.);
#1219 = ORIENTED_EDGE('',*,*,#1220,.T.);
#1220 = EDGE_CURVE('',#1193,#1221,#1223,.T.);
#1221 = VERTEX_POINT('',#1222);
#1222 = CARTESIAN_POINT('',(-6.18402768579,17.391037635849,73.0791));
#1223 = B_SPLINE_CURVE_WITH_KNOTS('',3,(#1224,#1225,#1226,#1227),
  .UNSPECIFIED.,.F.,.F.,(4,4),(0.,1.),.PIECEWISE_BEZIER_KNOTS.);
#1224 = CARTESIAN_POINT('',(-6.342372074548,17.022087409827,73.0791));
#1225 = CARTESIAN_POINT('',(-6.22724088351,17.17543966022,73.0791));
#1226 = CARTESIAN_POINT('',(-6.18402768579,17.280898583176,73.0791));
#1227 = CARTESIAN_POINT('',(-6.18402768579,17.391037635849,73.0791));
#1228 = ORIENTED_EDGE('',*,*,#1229,.F.);
#1229 = EDGE_CURVE('',#197,#1221,#1230,.T.);
#1230 = LINE('',#1231,#1232);
#1231 = CARTESIAN_POINT('',(-6.18402768579,17.391037635849,74.0791));
#1232 = VECTOR('',#1233,1.);
#1233 = DIRECTION('',(-0.,-0.,-1.));
#1234 = ORIENTED_EDGE('',*,*,#205,.F.);
#1235 = SURFACE_OF_LINEAR_EXTRUSION('',#1236,#1241);
#1236 = B_SPLINE_CURVE_WITH_KNOTS('',3,(#1237,#1238,#1239,#1240),
  .UNSPECIFIED.,.F.,.F.,(4,4),(0.,1.),.PIECEWISE_BEZIER_KNOTS.);
#1237 = CARTESIAN_POINT('',(-6.342372074548,17.022087409827,74.0791));
#1238 = CARTESIAN_POINT('',(-6.22724088351,17.17543966022,74.0791));
#1239 = CARTESIAN_POINT('',(-6.18402768579,17.280898583176,74.0791));
#1240 = CARTESIAN_POINT('',(-6.18402768579,17.391037635849,74.0791));
#1241 = VECTOR('',#1242,1.);
#1242 = DIRECTION('',(0.,0.,1.));
#1243 = ADVANCED_FACE('',(#1244),#1263,.F.);
#1244 = FACE_BOUND('',#1245,.F.);
#1245 = EDGE_LOOP('',(#1246,#1247,#1256,#1262));
#1246 = ORIENTED_EDGE('',*,*,#1229,.T.);
#1247 = ORIENTED_EDGE('',*,*,#1248,.T.);
#1248 = EDGE_CURVE('',#1221,#1249,#1251,.T.);
#1249 = VERTEX_POINT('',#1250);
#1250 = CARTESIAN_POINT('',(-6.361560606387,17.592283213679,73.0791));
#1251 = B_SPLINE_CURVE_WITH_KNOTS('',3,(#1252,#1253,#1254,#1255),
  .UNSPECIFIED.,.F.,.F.,(4,4),(0.,1.),.PIECEWISE_BEZIER_KNOTS.);
#1252 = CARTESIAN_POINT('',(-6.18402768579,17.391037635849,73.0791));
#1253 = CARTESIAN_POINT('',(-6.18402768579,17.525201354403,73.0791));
#1254 = CARTESIAN_POINT('',(-6.241593281309,17.592283213679,73.0791));
#1255 = CARTESIAN_POINT('',(-6.361560606387,17.592283213679,73.0791));
#1256 = ORIENTED_EDGE('',*,*,#1257,.F.);
#1257 = EDGE_CURVE('',#188,#1249,#1258,.T.);
#1258 = LINE('',#1259,#1260);
#1259 = CARTESIAN_POINT('',(-6.361560606387,17.592283213679,74.0791));
#1260 = VECTOR('',#1261,1.);
#1261 = DIRECTION('',(-0.,-0.,-1.));
#1262 = ORIENTED_EDGE('',*,*,#196,.F.);
#1263 = SURFACE_OF_LINEAR_EXTRUSION('',#1264,#1269);
#1264 = B_SPLINE_CURVE_WITH_KNOTS('',3,(#1265,#1266,#1267,#1268),
  .UNSPECIFIED.,.F.,.F.,(4,4),(0.,1.),.PIECEWISE_BEZIER_KNOTS.);
#1265 = CARTESIAN_POINT('',(-6.18402768579,17.391037635849,74.0791));
#1266 = CARTESIAN_POINT('',(-6.18402768579,17.525201354403,74.0791));
#1267 = CARTESIAN_POINT('',(-6.241593281309,17.592283213679,74.0791));
#1268 = CARTESIAN_POINT('',(-6.361560606387,17.592283213679,74.0791));
#1269 = VECTOR('',#1270,1.);
#1270 = DIRECTION('',(0.,0.,1.));
#1271 = ADVANCED_FACE('',(#1272),#1291,.F.);
#1272 = FACE_BOUND('',#1273,.F.);
#1273 = EDGE_LOOP('',(#1274,#1275,#1284,#1290));
#1274 = ORIENTED_EDGE('',*,*,#1257,.T.);
#1275 = ORIENTED_EDGE('',*,*,#1276,.T.);
#1276 = EDGE_CURVE('',#1249,#1277,#1279,.T.);
#1277 = VERTEX_POINT('',#1278);
#1278 = CARTESIAN_POINT('',(-6.65890484774,17.007735012028,73.0791));
#1279 = B_SPLINE_CURVE_WITH_KNOTS('',3,(#1280,#1281,#1282,#1283),
  .UNSPECIFIED.,.F.,.F.,(4,4),(0.,1.),.PIECEWISE_BEZIER_KNOTS.);
#1280 = CARTESIAN_POINT('',(-6.361560606387,17.592283213679,73.0791));
#1281 = CARTESIAN_POINT('',(-6.543929661026,17.592283213679,73.0791));
#1282 = CARTESIAN_POINT('',(-6.65890484774,17.371849104009,73.0791));
#1283 = CARTESIAN_POINT('',(-6.65890484774,17.007735012028,73.0791));
#1284 = ORIENTED_EDGE('',*,*,#1285,.F.);
#1285 = EDGE_CURVE('',#179,#1277,#1286,.T.);
#1286 = LINE('',#1287,#1288);
#1287 = CARTESIAN_POINT('',(-6.65890484774,17.007735012028,74.0791));
#1288 = VECTOR('',#1289,1.);
#1289 = DIRECTION('',(-0.,-0.,-1.));
#1290 = ORIENTED_EDGE('',*,*,#187,.F.);
#1291 = SURFACE_OF_LINEAR_EXTRUSION('',#1292,#1297);
#1292 = B_SPLINE_CURVE_WITH_KNOTS('',3,(#1293,#1294,#1295,#1296),
  .UNSPECIFIED.,.F.,.F.,(4,4),(0.,1.),.PIECEWISE_BEZIER_KNOTS.);
#1293 = CARTESIAN_POINT('',(-6.361560606387,17.592283213679,74.0791));
#1294 = CARTESIAN_POINT('',(-6.543929661026,17.592283213679,74.0791));
#1295 = CARTESIAN_POINT('',(-6.65890484774,17.371849104009,74.0791));
#1296 = CARTESIAN_POINT('',(-6.65890484774,17.007735012028,74.0791));
#1297 = VECTOR('',#1298,1.);
#1298 = DIRECTION('',(0.,0.,1.));
#1299 = ADVANCED_FACE('',(#1300),#1319,.F.);
#1300 = FACE_BOUND('',#1301,.F.);
#1301 = EDGE_LOOP('',(#1302,#1303,#1312,#1318));
#1302 = ORIENTED_EDGE('',*,*,#1285,.T.);
#1303 = ORIENTED_EDGE('',*,*,#1304,.T.);
#1304 = EDGE_CURVE('',#1277,#1305,#1307,.T.);
#1305 = VERTEX_POINT('',#1306);
#1306 = CARTESIAN_POINT('',(-6.284806479029,16.020383646069,73.0791));
#1307 = B_SPLINE_CURVE_WITH_KNOTS('',3,(#1308,#1309,#1310,#1311),
  .UNSPECIFIED.,.F.,.F.,(4,4),(0.,1.),.PIECEWISE_BEZIER_KNOTS.);
#1308 = CARTESIAN_POINT('',(-6.65890484774,17.007735012028,73.0791));
#1309 = CARTESIAN_POINT('',(-6.65890484774,16.609923986085,73.0791));
#1310 = CARTESIAN_POINT('',(-6.529577263227,16.26484242162,73.0791));
#1311 = CARTESIAN_POINT('',(-6.284806479029,16.020383646069,73.0791));
#1312 = ORIENTED_EDGE('',*,*,#1313,.F.);
#1313 = EDGE_CURVE('',#170,#1305,#1314,.T.);
#1314 = LINE('',#1315,#1316);
#1315 = CARTESIAN_POINT('',(-6.284806479029,16.020383646069,74.0791));
#1316 = VECTOR('',#1317,1.);
#1317 = DIRECTION('',(-0.,-0.,-1.));
#1318 = ORIENTED_EDGE('',*,*,#178,.F.);
#1319 = SURFACE_OF_LINEAR_EXTRUSION('',#1320,#1325);
#1320 = B_SPLINE_CURVE_WITH_KNOTS('',3,(#1321,#1322,#1323,#1324),
  .UNSPECIFIED.,.F.,.F.,(4,4),(0.,1.),.PIECEWISE_BEZIER_KNOTS.);
#1321 = CARTESIAN_POINT('',(-6.65890484774,17.007735012028,74.0791));
#1322 = CARTESIAN_POINT('',(-6.65890484774,16.609923986085,74.0791));
#1323 = CARTESIAN_POINT('',(-6.529577263227,16.26484242162,74.0791));
#1324 = CARTESIAN_POINT('',(-6.284806479029,16.020383646069,74.0791));
#1325 = VECTOR('',#1326,1.);
#1326 = DIRECTION('',(0.,0.,1.));
#1327 = ADVANCED_FACE('',(#1328),#1347,.F.);
#1328 = FACE_BOUND('',#1329,.F.);
#1329 = EDGE_LOOP('',(#1330,#1331,#1340,#1346));
#1330 = ORIENTED_EDGE('',*,*,#1313,.T.);
#1331 = ORIENTED_EDGE('',*,*,#1332,.T.);
#1332 = EDGE_CURVE('',#1305,#1333,#1335,.T.);
#1333 = VERTEX_POINT('',#1334);
#1334 = CARTESIAN_POINT('',(-5.430058788384,15.704162881525,73.0791));
#1335 = B_SPLINE_CURVE_WITH_KNOTS('',3,(#1336,#1337,#1338,#1339),
  .UNSPECIFIED.,.F.,.F.,(4,4),(0.,1.),.PIECEWISE_BEZIER_KNOTS.);
#1336 = CARTESIAN_POINT('',(-6.284806479029,16.020383646069,73.0791));
#1337 = CARTESIAN_POINT('',(-6.068740490428,15.80478567044,73.0791));
#1338 = CARTESIAN_POINT('',(-5.794952901985,15.704162881525,73.0791));
#1339 = CARTESIAN_POINT('',(-5.430058788384,15.704162881525,73.0791));
#1340 = ORIENTED_EDGE('',*,*,#1341,.F.);
#1341 = EDGE_CURVE('',#161,#1333,#1342,.T.);
#1342 = LINE('',#1343,#1344);
#1343 = CARTESIAN_POINT('',(-5.430058788384,15.704162881525,74.0791));
#1344 = VECTOR('',#1345,1.);
#1345 = DIRECTION('',(-0.,-0.,-1.));
#1346 = ORIENTED_EDGE('',*,*,#169,.F.);
#1347 = SURFACE_OF_LINEAR_EXTRUSION('',#1348,#1353);
#1348 = B_SPLINE_CURVE_WITH_KNOTS('',3,(#1349,#1350,#1351,#1352),
  .UNSPECIFIED.,.F.,.F.,(4,4),(0.,1.),.PIECEWISE_BEZIER_KNOTS.);
#1349 = CARTESIAN_POINT('',(-6.284806479029,16.020383646069,74.0791));
#1350 = CARTESIAN_POINT('',(-6.068740490428,15.80478567044,74.0791));
#1351 = CARTESIAN_POINT('',(-5.794952901985,15.704162881525,74.0791));
#1352 = CARTESIAN_POINT('',(-5.430058788384,15.704162881525,74.0791));
#1353 = VECTOR('',#1354,1.);
#1354 = DIRECTION('',(0.,0.,1.));
#1355 = ADVANCED_FACE('',(#1356),#1375,.F.);
#1356 = FACE_BOUND('',#1357,.F.);
#1357 = EDGE_LOOP('',(#1358,#1359,#1368,#1374));
#1358 = ORIENTED_EDGE('',*,*,#1341,.T.);
#1359 = ORIENTED_EDGE('',*,*,#1360,.T.);
#1360 = EDGE_CURVE('',#1333,#1361,#1363,.T.);
#1361 = VERTEX_POINT('',#1362);
#1362 = CARTESIAN_POINT('',(-4.623360429501,16.030055914151,73.0791));
#1363 = B_SPLINE_CURVE_WITH_KNOTS('',3,(#1364,#1365,#1366,#1367),
  .UNSPECIFIED.,.F.,.F.,(4,4),(0.,1.),.PIECEWISE_BEZIER_KNOTS.);
#1364 = CARTESIAN_POINT('',(-5.430058788384,15.704162881525,73.0791));
#1365 = CARTESIAN_POINT('',(-5.084353206623,15.704162881525,73.0791));
#1366 = CARTESIAN_POINT('',(-4.863451083982,15.795269406682,73.0791));
#1367 = CARTESIAN_POINT('',(-4.623360429501,16.030055914151,73.0791));
#1368 = ORIENTED_EDGE('',*,*,#1369,.F.);
#1369 = EDGE_CURVE('',#152,#1361,#1370,.T.);
#1370 = LINE('',#1371,#1372);
#1371 = CARTESIAN_POINT('',(-4.623360429501,16.030055914151,74.0791));
#1372 = VECTOR('',#1373,1.);
#1373 = DIRECTION('',(-0.,-0.,-1.));
#1374 = ORIENTED_EDGE('',*,*,#160,.F.);
#1375 = SURFACE_OF_LINEAR_EXTRUSION('',#1376,#1381);
#1376 = B_SPLINE_CURVE_WITH_KNOTS('',3,(#1377,#1378,#1379,#1380),
  .UNSPECIFIED.,.F.,.F.,(4,4),(0.,1.),.PIECEWISE_BEZIER_KNOTS.);
#1377 = CARTESIAN_POINT('',(-5.430058788384,15.704162881525,74.0791));
#1378 = CARTESIAN_POINT('',(-5.084353206623,15.704162881525,74.0791));
#1379 = CARTESIAN_POINT('',(-4.863451083982,15.795269406682,74.0791));
#1380 = CARTESIAN_POINT('',(-4.623360429501,16.030055914151,74.0791));
#1381 = VECTOR('',#1382,1.);
#1382 = DIRECTION('',(0.,0.,1.));
#1383 = ADVANCED_FACE('',(#1384),#1403,.F.);
#1384 = FACE_BOUND('',#1385,.F.);
#1385 = EDGE_LOOP('',(#1386,#1387,#1396,#1402));
#1386 = ORIENTED_EDGE('',*,*,#1369,.T.);
#1387 = ORIENTED_EDGE('',*,*,#1388,.T.);
#1388 = EDGE_CURVE('',#1361,#1389,#1391,.T.);
#1389 = VERTEX_POINT('',#1390);
#1390 = CARTESIAN_POINT('',(-4.200900720381,17.079497001022,73.0791));
#1391 = B_SPLINE_CURVE_WITH_KNOTS('',3,(#1392,#1393,#1394,#1395),
  .UNSPECIFIED.,.F.,.F.,(4,4),(0.,1.),.PIECEWISE_BEZIER_KNOTS.);
#1392 = CARTESIAN_POINT('',(-4.623360429501,16.030055914151,73.0791));
#1393 = CARTESIAN_POINT('',(-4.412130574941,16.240973760063,73.0791));
#1394 = CARTESIAN_POINT('',(-4.30167951362,16.514137331211,73.0791));
#1395 = CARTESIAN_POINT('',(-4.200900720381,17.079497001022,73.0791));
#1396 = ORIENTED_EDGE('',*,*,#1397,.F.);
#1397 = EDGE_CURVE('',#144,#1389,#1398,.T.);
#1398 = LINE('',#1399,#1400);
#1399 = CARTESIAN_POINT('',(-4.200900720381,17.079497001022,74.0791));
#1400 = VECTOR('',#1401,1.);
#1401 = DIRECTION('',(-0.,-0.,-1.));
#1402 = ORIENTED_EDGE('',*,*,#151,.F.);
#1403 = SURFACE_OF_LINEAR_EXTRUSION('',#1404,#1409);
#1404 = B_SPLINE_CURVE_WITH_KNOTS('',3,(#1405,#1406,#1407,#1408),
  .UNSPECIFIED.,.F.,.F.,(4,4),(0.,1.),.PIECEWISE_BEZIER_KNOTS.);
#1405 = CARTESIAN_POINT('',(-4.623360429501,16.030055914151,74.0791));
#1406 = CARTESIAN_POINT('',(-4.412130574941,16.240973760063,74.0791));
#1407 = CARTESIAN_POINT('',(-4.30167951362,16.514137331211,74.0791));
#1408 = CARTESIAN_POINT('',(-4.200900720381,17.079497001022,74.0791));
#1409 = VECTOR('',#1410,1.);
#1410 = DIRECTION('',(0.,0.,1.));
#1411 = ADVANCED_FACE('',(#1412),#1423,.F.);
#1412 = FACE_BOUND('',#1413,.F.);
#1413 = EDGE_LOOP('',(#1414,#1415,#1421,#1422));
#1414 = ORIENTED_EDGE('',*,*,#1397,.T.);
#1415 = ORIENTED_EDGE('',*,*,#1416,.T.);
#1416 = EDGE_CURVE('',#1389,#869,#1417,.T.);
#1417 = LINE('',#1418,#1419);
#1418 = CARTESIAN_POINT('',(-4.200900720381,17.079497001022,73.0791));
#1419 = VECTOR('',#1420,1.);
#1420 = DIRECTION('',(0.896949078742,-0.442133859984,0.));
#1421 = ORIENTED_EDGE('',*,*,#868,.F.);
#1422 = ORIENTED_EDGE('',*,*,#143,.F.);
#1423 = PLANE('',#1424);
#1424 = AXIS2_PLACEMENT_3D('',#1425,#1426,#1427);
#1425 = CARTESIAN_POINT('',(-4.200900720381,17.079497001022,74.0791));
#1426 = DIRECTION('',(-0.442133859984,-0.896949078742,0.));
#1427 = DIRECTION('',(0.896949078742,-0.442133859984,0.));
#1428 = ADVANCED_FACE('',(#1429),#1455,.F.);
#1429 = FACE_BOUND('',#1430,.F.);
#1430 = EDGE_LOOP('',(#1431,#1439,#1448,#1454));
#1431 = ORIENTED_EDGE('',*,*,#1432,.T.);
#1432 = EDGE_CURVE('',#319,#1433,#1435,.T.);
#1433 = VERTEX_POINT('',#1434);
#1434 = CARTESIAN_POINT('',(-4.528353796246,13.916509333962,73.0791));
#1435 = LINE('',#1436,#1437);
#1436 = CARTESIAN_POINT('',(-4.528353796246,13.916509333962,74.0791));
#1437 = VECTOR('',#1438,1.);
#1438 = DIRECTION('',(-0.,-0.,-1.));
#1439 = ORIENTED_EDGE('',*,*,#1440,.T.);
#1440 = EDGE_CURVE('',#1433,#1441,#1443,.T.);
#1441 = VERTEX_POINT('',#1442);
#1442 = CARTESIAN_POINT('',(-4.336624482173,13.882968404324,73.0791));
#1443 = B_SPLINE_CURVE_WITH_KNOTS('',3,(#1444,#1445,#1446,#1447),
  .UNSPECIFIED.,.F.,.F.,(4,4),(0.,1.),.PIECEWISE_BEZIER_KNOTS.);
#1444 = CARTESIAN_POINT('',(-4.528353796246,13.916509333962,73.0791));
#1445 = CARTESIAN_POINT('',(-4.442083405129,13.902156936164,73.0791));
#1446 = CARTESIAN_POINT('',(-4.379837679894,13.892640672406,73.0791));
#1447 = CARTESIAN_POINT('',(-4.336624482173,13.882968404324,73.0791));
#1448 = ORIENTED_EDGE('',*,*,#1449,.F.);
#1449 = EDGE_CURVE('',#321,#1441,#1450,.T.);
#1450 = LINE('',#1451,#1452);
#1451 = CARTESIAN_POINT('',(-4.336624482173,13.882968404324,74.0791));
#1452 = VECTOR('',#1453,1.);
#1453 = DIRECTION('',(-0.,-0.,-1.));
#1454 = ORIENTED_EDGE('',*,*,#318,.F.);
#1455 = SURFACE_OF_LINEAR_EXTRUSION('',#1456,#1461);
#1456 = B_SPLINE_CURVE_WITH_KNOTS('',3,(#1457,#1458,#1459,#1460),
  .UNSPECIFIED.,.F.,.F.,(4,4),(0.,1.),.PIECEWISE_BEZIER_KNOTS.);
#1457 = CARTESIAN_POINT('',(-4.528353796246,13.916509333962,74.0791));
#1458 = CARTESIAN_POINT('',(-4.442083405129,13.902156936164,74.0791));
#1459 = CARTESIAN_POINT('',(-4.379837679894,13.892640672406,74.0791));
#1460 = CARTESIAN_POINT('',(-4.336624482173,13.882968404324,74.0791));
#1461 = VECTOR('',#1462,1.);
#1462 = DIRECTION('',(0.,0.,1.));
#1463 = ADVANCED_FACE('',(#1464),#1483,.F.);
#1464 = FACE_BOUND('',#1465,.F.);
#1465 = EDGE_LOOP('',(#1466,#1467,#1476,#1482));
#1466 = ORIENTED_EDGE('',*,*,#1449,.T.);
#1467 = ORIENTED_EDGE('',*,*,#1468,.T.);
#1468 = EDGE_CURVE('',#1441,#1469,#1471,.T.);
#1469 = VERTEX_POINT('',#1470);
#1470 = CARTESIAN_POINT('',(-3.545838564328,13.763157083569,73.0791));
#1471 = B_SPLINE_CURVE_WITH_KNOTS('',3,(#1472,#1473,#1474,#1475),
  .UNSPECIFIED.,.F.,.F.,(4,4),(0.,1.),.PIECEWISE_BEZIER_KNOTS.);
#1472 = CARTESIAN_POINT('',(-4.336624482173,13.882968404324,73.0791));
#1473 = CARTESIAN_POINT('',(-3.972354385868,13.806370281289,73.0791));
#1474 = CARTESIAN_POINT('',(-3.684838416922,13.763157083569,73.0791));
#1475 = CARTESIAN_POINT('',(-3.545838564328,13.763157083569,73.0791));
#1476 = ORIENTED_EDGE('',*,*,#1477,.F.);
#1477 = EDGE_CURVE('',#356,#1469,#1478,.T.);
#1478 = LINE('',#1479,#1480);
#1479 = CARTESIAN_POINT('',(-3.545838564328,13.763157083569,74.0791));
#1480 = VECTOR('',#1481,1.);
#1481 = DIRECTION('',(-0.,-0.,-1.));
#1482 = ORIENTED_EDGE('',*,*,#364,.F.);
#1483 = SURFACE_OF_LINEAR_EXTRUSION('',#1484,#1489);
#1484 = B_SPLINE_CURVE_WITH_KNOTS('',3,(#1485,#1486,#1487,#1488),
  .UNSPECIFIED.,.F.,.F.,(4,4),(0.,1.),.PIECEWISE_BEZIER_KNOTS.);
#1485 = CARTESIAN_POINT('',(-4.336624482173,13.882968404324,74.0791));
#1486 = CARTESIAN_POINT('',(-3.972354385868,13.806370281289,74.0791));
#1487 = CARTESIAN_POINT('',(-3.684838416922,13.763157083569,74.0791));
#1488 = CARTESIAN_POINT('',(-3.545838564328,13.763157083569,74.0791));
#1489 = VECTOR('',#1490,1.);
#1490 = DIRECTION('',(0.,0.,1.));
#1491 = ADVANCED_FACE('',(#1492),#1511,.F.);
#1492 = FACE_BOUND('',#1493,.F.);
#1493 = EDGE_LOOP('',(#1494,#1495,#1504,#1510));
#1494 = ORIENTED_EDGE('',*,*,#1477,.T.);
#1495 = ORIENTED_EDGE('',*,*,#1496,.T.);
#1496 = EDGE_CURVE('',#1469,#1497,#1499,.T.);
#1497 = VERTEX_POINT('',#1498);
#1498 = CARTESIAN_POINT('',(-3.354109250255,13.964402661399,73.0791));
#1499 = B_SPLINE_CURVE_WITH_KNOTS('',3,(#1500,#1501,#1502,#1503),
  .UNSPECIFIED.,.F.,.F.,(4,4),(0.,1.),.PIECEWISE_BEZIER_KNOTS.);
#1500 = CARTESIAN_POINT('',(-3.545838564328,13.763157083569,73.0791));
#1501 = CARTESIAN_POINT('',(-3.440379641372,13.763157083569,73.0791));
#1502 = CARTESIAN_POINT('',(-3.354109250255,13.854263608726,73.0791));
#1503 = CARTESIAN_POINT('',(-3.354109250255,13.964402661399,73.0791));
#1504 = ORIENTED_EDGE('',*,*,#1505,.F.);
#1505 = EDGE_CURVE('',#347,#1497,#1506,.T.);
#1506 = LINE('',#1507,#1508);
#1507 = CARTESIAN_POINT('',(-3.354109250255,13.964402661399,74.0791));
#1508 = VECTOR('',#1509,1.);
#1509 = DIRECTION('',(-0.,-0.,-1.));
#1510 = ORIENTED_EDGE('',*,*,#355,.F.);
#1511 = SURFACE_OF_LINEAR_EXTRUSION('',#1512,#1517);
#1512 = B_SPLINE_CURVE_WITH_KNOTS('',3,(#1513,#1514,#1515,#1516),
  .UNSPECIFIED.,.F.,.F.,(4,4),(0.,1.),.PIECEWISE_BEZIER_KNOTS.);
#1513 = CARTESIAN_POINT('',(-3.545838564328,13.763157083569,74.0791));
#1514 = CARTESIAN_POINT('',(-3.440379641372,13.763157083569,74.0791));
#1515 = CARTESIAN_POINT('',(-3.354109250255,13.854263608726,74.0791));
#1516 = CARTESIAN_POINT('',(-3.354109250255,13.964402661399,74.0791));
#1517 = VECTOR('',#1518,1.);
#1518 = DIRECTION('',(0.,0.,1.));
#1519 = ADVANCED_FACE('',(#1520),#1539,.F.);
#1520 = FACE_BOUND('',#1521,.F.);
#1521 = EDGE_LOOP('',(#1522,#1523,#1532,#1538));
#1522 = ORIENTED_EDGE('',*,*,#1505,.T.);
#1523 = ORIENTED_EDGE('',*,*,#1524,.T.);
#1524 = EDGE_CURVE('',#1497,#1525,#1527,.T.);
#1525 = VERTEX_POINT('',#1526);
#1526 = CARTESIAN_POINT('',(-3.550674698368,14.17048437327,73.0791));
#1527 = B_SPLINE_CURVE_WITH_KNOTS('',3,(#1528,#1529,#1530,#1531),
  .UNSPECIFIED.,.F.,.F.,(4,4),(0.,1.),.PIECEWISE_BEZIER_KNOTS.);
#1528 = CARTESIAN_POINT('',(-3.354109250255,13.964402661399,73.0791));
#1529 = CARTESIAN_POINT('',(-3.354109250255,14.079533852437,73.0791));
#1530 = CARTESIAN_POINT('',(-3.440379641372,14.17048437327,73.0791));
#1531 = CARTESIAN_POINT('',(-3.550674698368,14.17048437327,73.0791));
#1532 = ORIENTED_EDGE('',*,*,#1533,.F.);
#1533 = EDGE_CURVE('',#338,#1525,#1534,.T.);
#1534 = LINE('',#1535,#1536);
#1535 = CARTESIAN_POINT('',(-3.550674698368,14.17048437327,74.0791));
#1536 = VECTOR('',#1537,1.);
#1537 = DIRECTION('',(-0.,-0.,-1.));
#1538 = ORIENTED_EDGE('',*,*,#346,.F.);
#1539 = SURFACE_OF_LINEAR_EXTRUSION('',#1540,#1545);
#1540 = B_SPLINE_CURVE_WITH_KNOTS('',3,(#1541,#1542,#1543,#1544),
  .UNSPECIFIED.,.F.,.F.,(4,4),(0.,1.),.PIECEWISE_BEZIER_KNOTS.);
#1541 = CARTESIAN_POINT('',(-3.354109250255,13.964402661399,74.0791));
#1542 = CARTESIAN_POINT('',(-3.354109250255,14.079533852437,74.0791));
#1543 = CARTESIAN_POINT('',(-3.440379641372,14.17048437327,74.0791));
#1544 = CARTESIAN_POINT('',(-3.550674698368,14.17048437327,74.0791));
#1545 = VECTOR('',#1546,1.);
#1546 = DIRECTION('',(0.,0.,1.));
#1547 = ADVANCED_FACE('',(#1548),#1567,.F.);
#1548 = FACE_BOUND('',#1549,.F.);
#1549 = EDGE_LOOP('',(#1550,#1551,#1560,#1566));
#1550 = ORIENTED_EDGE('',*,*,#1533,.T.);
#1551 = ORIENTED_EDGE('',*,*,#1552,.T.);
#1552 = EDGE_CURVE('',#1525,#1553,#1555,.T.);
#1553 = VERTEX_POINT('',#1554);
#1554 = CARTESIAN_POINT('',(-4.528353796246,14.017132122877,73.0791));
#1555 = B_SPLINE_CURVE_WITH_KNOTS('',3,(#1556,#1557,#1558,#1559),
  .UNSPECIFIED.,.F.,.F.,(4,4),(0.,1.),.PIECEWISE_BEZIER_KNOTS.);
#1556 = CARTESIAN_POINT('',(-3.550674698368,14.17048437327,73.0791));
#1557 = CARTESIAN_POINT('',(-3.632108955444,14.17048437327,73.0791));
#1558 = CARTESIAN_POINT('',(-4.063460911026,14.103402513994,73.0791));
#1559 = CARTESIAN_POINT('',(-4.528353796246,14.017132122877,73.0791));
#1560 = ORIENTED_EDGE('',*,*,#1561,.F.);
#1561 = EDGE_CURVE('',#330,#1553,#1562,.T.);
#1562 = LINE('',#1563,#1564);
#1563 = CARTESIAN_POINT('',(-4.528353796246,14.017132122877,74.0791));
#1564 = VECTOR('',#1565,1.);
#1565 = DIRECTION('',(-0.,-0.,-1.));
#1566 = ORIENTED_EDGE('',*,*,#337,.F.);
#1567 = SURFACE_OF_LINEAR_EXTRUSION('',#1568,#1573);
#1568 = B_SPLINE_CURVE_WITH_KNOTS('',3,(#1569,#1570,#1571,#1572),
  .UNSPECIFIED.,.F.,.F.,(4,4),(0.,1.),.PIECEWISE_BEZIER_KNOTS.);
#1569 = CARTESIAN_POINT('',(-3.550674698368,14.17048437327,74.0791));
#1570 = CARTESIAN_POINT('',(-3.632108955444,14.17048437327,74.0791));
#1571 = CARTESIAN_POINT('',(-4.063460911026,14.103402513994,74.0791));
#1572 = CARTESIAN_POINT('',(-4.528353796246,14.017132122877,74.0791));
#1573 = VECTOR('',#1574,1.);
#1574 = DIRECTION('',(0.,0.,1.));
#1575 = ADVANCED_FACE('',(#1576),#1587,.F.);
#1576 = FACE_BOUND('',#1577,.F.);
#1577 = EDGE_LOOP('',(#1578,#1579,#1585,#1586));
#1578 = ORIENTED_EDGE('',*,*,#1561,.T.);
#1579 = ORIENTED_EDGE('',*,*,#1580,.T.);
#1580 = EDGE_CURVE('',#1553,#1433,#1581,.T.);
#1581 = LINE('',#1582,#1583);
#1582 = CARTESIAN_POINT('',(-4.528353796246,14.017132122877,73.0791));
#1583 = VECTOR('',#1584,1.);
#1584 = DIRECTION('',(-2.22044604925E-16,-1.,0.));
#1585 = ORIENTED_EDGE('',*,*,#1432,.F.);
#1586 = ORIENTED_EDGE('',*,*,#329,.F.);
#1587 = PLANE('',#1588);
#1588 = AXIS2_PLACEMENT_3D('',#1589,#1590,#1591);
#1589 = CARTESIAN_POINT('',(-4.528353796246,14.017132122877,74.0791));
#1590 = DIRECTION('',(-1.,2.22044604925E-16,0.));
#1591 = DIRECTION('',(-2.22044604925E-16,-1.,0.));
#1592 = ADVANCED_FACE('',(#1593),#1619,.F.);
#1593 = FACE_BOUND('',#1594,.F.);
#1594 = EDGE_LOOP('',(#1595,#1603,#1612,#1618));
#1595 = ORIENTED_EDGE('',*,*,#1596,.T.);
#1596 = EDGE_CURVE('',#374,#1597,#1599,.T.);
#1597 = VERTEX_POINT('',#1598);
#1598 = CARTESIAN_POINT('',(-4.528353796246,14.726483783648,73.0791));
#1599 = LINE('',#1600,#1601);
#1600 = CARTESIAN_POINT('',(-4.528353796246,14.726483783648,74.0791));
#1601 = VECTOR('',#1602,1.);
#1602 = DIRECTION('',(-0.,-0.,-1.));
#1603 = ORIENTED_EDGE('',*,*,#1604,.T.);
#1604 = EDGE_CURVE('',#1597,#1605,#1607,.T.);
#1605 = VERTEX_POINT('',#1606);
#1606 = CARTESIAN_POINT('',(-4.336624482173,14.692942854009,73.0791));
#1607 = B_SPLINE_CURVE_WITH_KNOTS('',3,(#1608,#1609,#1610,#1611),
  .UNSPECIFIED.,.F.,.F.,(4,4),(0.,1.),.PIECEWISE_BEZIER_KNOTS.);
#1608 = CARTESIAN_POINT('',(-4.528353796246,14.726483783648,73.0791));
#1609 = CARTESIAN_POINT('',(-4.442083405129,14.712131385849,73.0791));
#1610 = CARTESIAN_POINT('',(-4.379837679894,14.702459117767,73.0791));
#1611 = CARTESIAN_POINT('',(-4.336624482173,14.692942854009,73.0791));
#1612 = ORIENTED_EDGE('',*,*,#1613,.F.);
#1613 = EDGE_CURVE('',#376,#1605,#1614,.T.);
#1614 = LINE('',#1615,#1616);
#1615 = CARTESIAN_POINT('',(-4.336624482173,14.692942854009,74.0791));
#1616 = VECTOR('',#1617,1.);
#1617 = DIRECTION('',(-0.,-0.,-1.));
#1618 = ORIENTED_EDGE('',*,*,#373,.F.);
#1619 = SURFACE_OF_LINEAR_EXTRUSION('',#1620,#1625);
#1620 = B_SPLINE_CURVE_WITH_KNOTS('',3,(#1621,#1622,#1623,#1624),
  .UNSPECIFIED.,.F.,.F.,(4,4),(0.,1.),.PIECEWISE_BEZIER_KNOTS.);
#1621 = CARTESIAN_POINT('',(-4.528353796246,14.726483783648,74.0791));
#1622 = CARTESIAN_POINT('',(-4.442083405129,14.712131385849,74.0791));
#1623 = CARTESIAN_POINT('',(-4.379837679894,14.702459117767,74.0791));
#1624 = CARTESIAN_POINT('',(-4.336624482173,14.692942854009,74.0791));
#1625 = VECTOR('',#1626,1.);
#1626 = DIRECTION('',(0.,0.,1.));
#1627 = ADVANCED_FACE('',(#1628),#1647,.F.);
#1628 = FACE_BOUND('',#1629,.F.);
#1629 = EDGE_LOOP('',(#1630,#1631,#1640,#1646));
#1630 = ORIENTED_EDGE('',*,*,#1613,.T.);
#1631 = ORIENTED_EDGE('',*,*,#1632,.T.);
#1632 = EDGE_CURVE('',#1605,#1633,#1635,.T.);
#1633 = VERTEX_POINT('',#1634);
#1634 = CARTESIAN_POINT('',(-3.545838564328,14.573131533255,73.0791));
#1635 = B_SPLINE_CURVE_WITH_KNOTS('',3,(#1636,#1637,#1638,#1639),
  .UNSPECIFIED.,.F.,.F.,(4,4),(0.,1.),.PIECEWISE_BEZIER_KNOTS.);
#1636 = CARTESIAN_POINT('',(-4.336624482173,14.692942854009,73.0791));
#1637 = CARTESIAN_POINT('',(-3.972354385868,14.616188726651,73.0791));
#1638 = CARTESIAN_POINT('',(-3.684838416922,14.573131533255,73.0791));
#1639 = CARTESIAN_POINT('',(-3.545838564328,14.573131533255,73.0791));
#1640 = ORIENTED_EDGE('',*,*,#1641,.F.);
#1641 = EDGE_CURVE('',#411,#1633,#1642,.T.);
#1642 = LINE('',#1643,#1644);
#1643 = CARTESIAN_POINT('',(-3.545838564328,14.573131533255,74.0791));
#1644 = VECTOR('',#1645,1.);
#1645 = DIRECTION('',(-0.,-0.,-1.));
#1646 = ORIENTED_EDGE('',*,*,#419,.F.);
#1647 = SURFACE_OF_LINEAR_EXTRUSION('',#1648,#1653);
#1648 = B_SPLINE_CURVE_WITH_KNOTS('',3,(#1649,#1650,#1651,#1652),
  .UNSPECIFIED.,.F.,.F.,(4,4),(0.,1.),.PIECEWISE_BEZIER_KNOTS.);
#1649 = CARTESIAN_POINT('',(-4.336624482173,14.692942854009,74.0791));
#1650 = CARTESIAN_POINT('',(-3.972354385868,14.616188726651,74.0791));
#1651 = CARTESIAN_POINT('',(-3.684838416922,14.573131533255,74.0791));
#1652 = CARTESIAN_POINT('',(-3.545838564328,14.573131533255,74.0791));
#1653 = VECTOR('',#1654,1.);
#1654 = DIRECTION('',(0.,0.,1.));
#1655 = ADVANCED_FACE('',(#1656),#1675,.F.);
#1656 = FACE_BOUND('',#1657,.F.);
#1657 = EDGE_LOOP('',(#1658,#1659,#1668,#1674));
#1658 = ORIENTED_EDGE('',*,*,#1641,.T.);
#1659 = ORIENTED_EDGE('',*,*,#1660,.T.);
#1660 = EDGE_CURVE('',#1633,#1661,#1663,.T.);
#1661 = VERTEX_POINT('',#1662);
#1662 = CARTESIAN_POINT('',(-3.354109250255,14.774377111085,73.0791));
#1663 = B_SPLINE_CURVE_WITH_KNOTS('',3,(#1664,#1665,#1666,#1667),
  .UNSPECIFIED.,.F.,.F.,(4,4),(0.,1.),.PIECEWISE_BEZIER_KNOTS.);
#1664 = CARTESIAN_POINT('',(-3.545838564328,14.573131533255,73.0791));
#1665 = CARTESIAN_POINT('',(-3.440379641372,14.573131533255,73.0791));
#1666 = CARTESIAN_POINT('',(-3.354109250255,14.664238058412,73.0791));
#1667 = CARTESIAN_POINT('',(-3.354109250255,14.774377111085,73.0791));
#1668 = ORIENTED_EDGE('',*,*,#1669,.F.);
#1669 = EDGE_CURVE('',#402,#1661,#1670,.T.);
#1670 = LINE('',#1671,#1672);
#1671 = CARTESIAN_POINT('',(-3.354109250255,14.774377111085,74.0791));
#1672 = VECTOR('',#1673,1.);
#1673 = DIRECTION('',(-0.,-0.,-1.));
#1674 = ORIENTED_EDGE('',*,*,#410,.F.);
#1675 = SURFACE_OF_LINEAR_EXTRUSION('',#1676,#1681);
#1676 = B_SPLINE_CURVE_WITH_KNOTS('',3,(#1677,#1678,#1679,#1680),
  .UNSPECIFIED.,.F.,.F.,(4,4),(0.,1.),.PIECEWISE_BEZIER_KNOTS.);
#1677 = CARTESIAN_POINT('',(-3.545838564328,14.573131533255,74.0791));
#1678 = CARTESIAN_POINT('',(-3.440379641372,14.573131533255,74.0791));
#1679 = CARTESIAN_POINT('',(-3.354109250255,14.664238058412,74.0791));
#1680 = CARTESIAN_POINT('',(-3.354109250255,14.774377111085,74.0791));
#1681 = VECTOR('',#1682,1.);
#1682 = DIRECTION('',(0.,0.,1.));
#1683 = ADVANCED_FACE('',(#1684),#1703,.F.);
#1684 = FACE_BOUND('',#1685,.F.);
#1685 = EDGE_LOOP('',(#1686,#1687,#1696,#1702));
#1686 = ORIENTED_EDGE('',*,*,#1669,.T.);
#1687 = ORIENTED_EDGE('',*,*,#1688,.T.);
#1688 = EDGE_CURVE('',#1661,#1689,#1691,.T.);
#1689 = VERTEX_POINT('',#1690);
#1690 = CARTESIAN_POINT('',(-3.550674698368,14.980458822956,73.0791));
#1691 = B_SPLINE_CURVE_WITH_KNOTS('',3,(#1692,#1693,#1694,#1695),
  .UNSPECIFIED.,.F.,.F.,(4,4),(0.,1.),.PIECEWISE_BEZIER_KNOTS.);
#1692 = CARTESIAN_POINT('',(-3.354109250255,14.774377111085,73.0791));
#1693 = CARTESIAN_POINT('',(-3.354109250255,14.889352297799,73.0791));
#1694 = CARTESIAN_POINT('',(-3.440379641372,14.980458822956,73.0791));
#1695 = CARTESIAN_POINT('',(-3.550674698368,14.980458822956,73.0791));
#1696 = ORIENTED_EDGE('',*,*,#1697,.F.);
#1697 = EDGE_CURVE('',#393,#1689,#1698,.T.);
#1698 = LINE('',#1699,#1700);
#1699 = CARTESIAN_POINT('',(-3.550674698368,14.980458822956,74.0791));
#1700 = VECTOR('',#1701,1.);
#1701 = DIRECTION('',(-0.,-0.,-1.));
#1702 = ORIENTED_EDGE('',*,*,#401,.F.);
#1703 = SURFACE_OF_LINEAR_EXTRUSION('',#1704,#1709);
#1704 = B_SPLINE_CURVE_WITH_KNOTS('',3,(#1705,#1706,#1707,#1708),
  .UNSPECIFIED.,.F.,.F.,(4,4),(0.,1.),.PIECEWISE_BEZIER_KNOTS.);
#1705 = CARTESIAN_POINT('',(-3.354109250255,14.774377111085,74.0791));
#1706 = CARTESIAN_POINT('',(-3.354109250255,14.889352297799,74.0791));
#1707 = CARTESIAN_POINT('',(-3.440379641372,14.980458822956,74.0791));
#1708 = CARTESIAN_POINT('',(-3.550674698368,14.980458822956,74.0791));
#1709 = VECTOR('',#1710,1.);
#1710 = DIRECTION('',(0.,0.,1.));
#1711 = ADVANCED_FACE('',(#1712),#1731,.F.);
#1712 = FACE_BOUND('',#1713,.F.);
#1713 = EDGE_LOOP('',(#1714,#1715,#1724,#1730));
#1714 = ORIENTED_EDGE('',*,*,#1697,.T.);
#1715 = ORIENTED_EDGE('',*,*,#1716,.T.);
#1716 = EDGE_CURVE('',#1689,#1717,#1719,.T.);
#1717 = VERTEX_POINT('',#1718);
#1718 = CARTESIAN_POINT('',(-4.528353796246,14.827106572563,73.0791));
#1719 = B_SPLINE_CURVE_WITH_KNOTS('',3,(#1720,#1721,#1722,#1723),
  .UNSPECIFIED.,.F.,.F.,(4,4),(0.,1.),.PIECEWISE_BEZIER_KNOTS.);
#1720 = CARTESIAN_POINT('',(-3.550674698368,14.980458822956,73.0791));
#1721 = CARTESIAN_POINT('',(-3.632108955444,14.980458822956,73.0791));
#1722 = CARTESIAN_POINT('',(-4.063460911026,14.913376963679,73.0791));
#1723 = CARTESIAN_POINT('',(-4.528353796246,14.827106572563,73.0791));
#1724 = ORIENTED_EDGE('',*,*,#1725,.F.);
#1725 = EDGE_CURVE('',#385,#1717,#1726,.T.);
#1726 = LINE('',#1727,#1728);
#1727 = CARTESIAN_POINT('',(-4.528353796246,14.827106572563,74.0791));
#1728 = VECTOR('',#1729,1.);
#1729 = DIRECTION('',(-0.,-0.,-1.));
#1730 = ORIENTED_EDGE('',*,*,#392,.F.);
#1731 = SURFACE_OF_LINEAR_EXTRUSION('',#1732,#1737);
#1732 = B_SPLINE_CURVE_WITH_KNOTS('',3,(#1733,#1734,#1735,#1736),
  .UNSPECIFIED.,.F.,.F.,(4,4),(0.,1.),.PIECEWISE_BEZIER_KNOTS.);
#1733 = CARTESIAN_POINT('',(-3.550674698368,14.980458822956,74.0791));
#1734 = CARTESIAN_POINT('',(-3.632108955444,14.980458822956,74.0791));
#1735 = CARTESIAN_POINT('',(-4.063460911026,14.913376963679,74.0791));
#1736 = CARTESIAN_POINT('',(-4.528353796246,14.827106572563,74.0791));
#1737 = VECTOR('',#1738,1.);
#1738 = DIRECTION('',(0.,0.,1.));
#1739 = ADVANCED_FACE('',(#1740),#1751,.F.);
#1740 = FACE_BOUND('',#1741,.F.);
#1741 = EDGE_LOOP('',(#1742,#1743,#1749,#1750));
#1742 = ORIENTED_EDGE('',*,*,#1725,.T.);
#1743 = ORIENTED_EDGE('',*,*,#1744,.T.);
#1744 = EDGE_CURVE('',#1717,#1597,#1745,.T.);
#1745 = LINE('',#1746,#1747);
#1746 = CARTESIAN_POINT('',(-4.528353796246,14.827106572563,73.0791));
#1747 = VECTOR('',#1748,1.);
#1748 = DIRECTION('',(-2.22044604925E-16,-1.,0.));
#1749 = ORIENTED_EDGE('',*,*,#1596,.F.);
#1750 = ORIENTED_EDGE('',*,*,#384,.F.);
#1751 = PLANE('',#1752);
#1752 = AXIS2_PLACEMENT_3D('',#1753,#1754,#1755);
#1753 = CARTESIAN_POINT('',(-4.528353796246,14.827106572563,74.0791));
#1754 = DIRECTION('',(-1.,2.22044604925E-16,0.));
#1755 = DIRECTION('',(-2.22044604925E-16,-1.,0.));
#1756 = ADVANCED_FACE('',(#1757),#1783,.F.);
#1757 = FACE_BOUND('',#1758,.F.);
#1758 = EDGE_LOOP('',(#1759,#1767,#1776,#1782));
#1759 = ORIENTED_EDGE('',*,*,#1760,.T.);
#1760 = EDGE_CURVE('',#429,#1761,#1763,.T.);
#1761 = VERTEX_POINT('',#1762);
#1762 = CARTESIAN_POINT('',(-6.107117554107,18.34484807217,73.0791));
#1763 = LINE('',#1764,#1765);
#1764 = CARTESIAN_POINT('',(-6.107117554107,18.34484807217,74.0791));
#1765 = VECTOR('',#1766,1.);
#1766 = DIRECTION('',(-0.,-0.,-1.));
#1767 = ORIENTED_EDGE('',*,*,#1768,.T.);
#1768 = EDGE_CURVE('',#1761,#1769,#1771,.T.);
#1769 = VERTEX_POINT('',#1770);
#1770 = CARTESIAN_POINT('',(-6.380281125255,18.608339375236,73.0791));
#1771 = B_SPLINE_CURVE_WITH_KNOTS('',3,(#1772,#1773,#1774,#1775),
  .UNSPECIFIED.,.F.,.F.,(4,4),(0.,1.),.PIECEWISE_BEZIER_KNOTS.);
#1772 = CARTESIAN_POINT('',(-6.107117554107,18.34484807217,73.0791));
#1773 = CARTESIAN_POINT('',(-6.107117554107,18.488528054481,73.0791));
#1774 = CARTESIAN_POINT('',(-6.226928874862,18.608339375236,73.0791));
#1775 = CARTESIAN_POINT('',(-6.380281125255,18.608339375236,73.0791));
#1776 = ORIENTED_EDGE('',*,*,#1777,.F.);
#1777 = EDGE_CURVE('',#431,#1769,#1778,.T.);
#1778 = LINE('',#1779,#1780);
#1779 = CARTESIAN_POINT('',(-6.380281125255,18.608339375236,74.0791));
#1780 = VECTOR('',#1781,1.);
#1781 = DIRECTION('',(-0.,-0.,-1.));
#1782 = ORIENTED_EDGE('',*,*,#428,.F.);
#1783 = SURFACE_OF_LINEAR_EXTRUSION('',#1784,#1789);
#1784 = B_SPLINE_CURVE_WITH_KNOTS('',3,(#1785,#1786,#1787,#1788),
  .UNSPECIFIED.,.F.,.F.,(4,4),(0.,1.),.PIECEWISE_BEZIER_KNOTS.);
#1785 = CARTESIAN_POINT('',(-6.107117554107,18.34484807217,74.0791));
#1786 = CARTESIAN_POINT('',(-6.107117554107,18.488528054481,74.0791));
#1787 = CARTESIAN_POINT('',(-6.226928874862,18.608339375236,74.0791));
#1788 = CARTESIAN_POINT('',(-6.380281125255,18.608339375236,74.0791));
#1789 = VECTOR('',#1790,1.);
#1790 = DIRECTION('',(0.,0.,1.));
#1791 = ADVANCED_FACE('',(#1792),#1811,.F.);
#1792 = FACE_BOUND('',#1793,.F.);
#1793 = EDGE_LOOP('',(#1794,#1795,#1804,#1810));
#1794 = ORIENTED_EDGE('',*,*,#1777,.T.);
#1795 = ORIENTED_EDGE('',*,*,#1796,.T.);
#1796 = EDGE_CURVE('',#1769,#1797,#1799,.T.);
#1797 = VERTEX_POINT('',#1798);
#1798 = CARTESIAN_POINT('',(-6.63893629428,18.349528201887,73.0791));
#1799 = B_SPLINE_CURVE_WITH_KNOTS('',3,(#1800,#1801,#1802,#1803),
  .UNSPECIFIED.,.F.,.F.,(4,4),(0.,1.),.PIECEWISE_BEZIER_KNOTS.);
#1800 = CARTESIAN_POINT('',(-6.380281125255,18.608339375236,73.0791));
#1801 = CARTESIAN_POINT('',(-6.51928097785,18.608339375236,73.0791));
#1802 = CARTESIAN_POINT('',(-6.63893629428,18.488528054481,73.0791));
#1803 = CARTESIAN_POINT('',(-6.63893629428,18.349528201887,73.0791));
#1804 = ORIENTED_EDGE('',*,*,#1805,.F.);
#1805 = EDGE_CURVE('',#449,#1797,#1806,.T.);
#1806 = LINE('',#1807,#1808);
#1807 = CARTESIAN_POINT('',(-6.63893629428,18.349528201887,74.0791));
#1808 = VECTOR('',#1809,1.);
#1809 = DIRECTION('',(-0.,-0.,-1.));
#1810 = ORIENTED_EDGE('',*,*,#457,.F.);
#1811 = SURFACE_OF_LINEAR_EXTRUSION('',#1812,#1817);
#1812 = B_SPLINE_CURVE_WITH_KNOTS('',3,(#1813,#1814,#1815,#1816),
  .UNSPECIFIED.,.F.,.F.,(4,4),(0.,1.),.PIECEWISE_BEZIER_KNOTS.);
#1813 = CARTESIAN_POINT('',(-6.380281125255,18.608339375236,74.0791));
#1814 = CARTESIAN_POINT('',(-6.51928097785,18.608339375236,74.0791));
#1815 = CARTESIAN_POINT('',(-6.63893629428,18.488528054481,74.0791));
#1816 = CARTESIAN_POINT('',(-6.63893629428,18.349528201887,74.0791));
#1817 = VECTOR('',#1818,1.);
#1818 = DIRECTION('',(0.,0.,1.));
#1819 = ADVANCED_FACE('',(#1820),#1839,.F.);
#1820 = FACE_BOUND('',#1821,.F.);
#1821 = EDGE_LOOP('',(#1822,#1823,#1832,#1838));
#1822 = ORIENTED_EDGE('',*,*,#1805,.T.);
#1823 = ORIENTED_EDGE('',*,*,#1824,.T.);
#1824 = EDGE_CURVE('',#1797,#1825,#1827,.T.);
#1825 = VERTEX_POINT('',#1826);
#1826 = CARTESIAN_POINT('',(-6.380281125255,18.076364630739,73.0791));
#1827 = B_SPLINE_CURVE_WITH_KNOTS('',3,(#1828,#1829,#1830,#1831),
  .UNSPECIFIED.,.F.,.F.,(4,4),(0.,1.),.PIECEWISE_BEZIER_KNOTS.);
#1828 = CARTESIAN_POINT('',(-6.63893629428,18.349528201887,73.0791));
#1829 = CARTESIAN_POINT('',(-6.63893629428,18.201012085535,73.0791));
#1830 = CARTESIAN_POINT('',(-6.523961107567,18.076364630739,73.0791));
#1831 = CARTESIAN_POINT('',(-6.380281125255,18.076364630739,73.0791));
#1832 = ORIENTED_EDGE('',*,*,#1833,.F.);
#1833 = EDGE_CURVE('',#440,#1825,#1834,.T.);
#1834 = LINE('',#1835,#1836);
#1835 = CARTESIAN_POINT('',(-6.380281125255,18.076364630739,74.0791));
#1836 = VECTOR('',#1837,1.);
#1837 = DIRECTION('',(-0.,-0.,-1.));
#1838 = ORIENTED_EDGE('',*,*,#448,.F.);
#1839 = SURFACE_OF_LINEAR_EXTRUSION('',#1840,#1845);
#1840 = B_SPLINE_CURVE_WITH_KNOTS('',3,(#1841,#1842,#1843,#1844),
  .UNSPECIFIED.,.F.,.F.,(4,4),(0.,1.),.PIECEWISE_BEZIER_KNOTS.);
#1841 = CARTESIAN_POINT('',(-6.63893629428,18.349528201887,74.0791));
#1842 = CARTESIAN_POINT('',(-6.63893629428,18.201012085535,74.0791));
#1843 = CARTESIAN_POINT('',(-6.523961107567,18.076364630739,74.0791));
#1844 = CARTESIAN_POINT('',(-6.380281125255,18.076364630739,74.0791));
#1845 = VECTOR('',#1846,1.);
#1846 = DIRECTION('',(0.,0.,1.));
#1847 = ADVANCED_FACE('',(#1848),#1860,.F.);
#1848 = FACE_BOUND('',#1849,.F.);
#1849 = EDGE_LOOP('',(#1850,#1851,#1858,#1859));
#1850 = ORIENTED_EDGE('',*,*,#1833,.T.);
#1851 = ORIENTED_EDGE('',*,*,#1852,.T.);
#1852 = EDGE_CURVE('',#1825,#1761,#1853,.T.);
#1853 = B_SPLINE_CURVE_WITH_KNOTS('',3,(#1854,#1855,#1856,#1857),
  .UNSPECIFIED.,.F.,.F.,(4,4),(0.,1.),.PIECEWISE_BEZIER_KNOTS.);
#1854 = CARTESIAN_POINT('',(-6.380281125255,18.076364630739,73.0791));
#1855 = CARTESIAN_POINT('',(-6.231609004579,18.076364630739,73.0791));
#1856 = CARTESIAN_POINT('',(-6.107117554107,18.201012085535,73.0791));
#1857 = CARTESIAN_POINT('',(-6.107117554107,18.34484807217,73.0791));
#1858 = ORIENTED_EDGE('',*,*,#1760,.F.);
#1859 = ORIENTED_EDGE('',*,*,#439,.F.);
#1860 = SURFACE_OF_LINEAR_EXTRUSION('',#1861,#1866);
#1861 = B_SPLINE_CURVE_WITH_KNOTS('',3,(#1862,#1863,#1864,#1865),
  .UNSPECIFIED.,.F.,.F.,(4,4),(0.,1.),.PIECEWISE_BEZIER_KNOTS.);
#1862 = CARTESIAN_POINT('',(-6.380281125255,18.076364630739,74.0791));
#1863 = CARTESIAN_POINT('',(-6.231609004579,18.076364630739,74.0791));
#1864 = CARTESIAN_POINT('',(-6.107117554107,18.201012085535,74.0791));
#1865 = CARTESIAN_POINT('',(-6.107117554107,18.34484807217,74.0791));
#1866 = VECTOR('',#1867,1.);
#1867 = DIRECTION('',(0.,0.,1.));
#1868 = ADVANCED_FACE('',(#1869),#1895,.F.);
#1869 = FACE_BOUND('',#1870,.F.);
#1870 = EDGE_LOOP('',(#1871,#1879,#1888,#1894));
#1871 = ORIENTED_EDGE('',*,*,#1872,.T.);
#1872 = EDGE_CURVE('',#467,#1873,#1875,.T.);
#1873 = VERTEX_POINT('',#1874);
#1874 = CARTESIAN_POINT('',(-3.354109250255,20.122829351651,73.0791));
#1875 = LINE('',#1876,#1877);
#1876 = CARTESIAN_POINT('',(-3.354109250255,20.122829351651,74.0791));
#1877 = VECTOR('',#1878,1.);
#1878 = DIRECTION('',(-0.,-0.,-1.));
#1879 = ORIENTED_EDGE('',*,*,#1880,.T.);
#1880 = EDGE_CURVE('',#1873,#1881,#1883,.T.);
#1881 = VERTEX_POINT('',#1882);
#1882 = CARTESIAN_POINT('',(-3.603248155523,20.764943148821,73.0791));
#1883 = B_SPLINE_CURVE_WITH_KNOTS('',3,(#1884,#1885,#1886,#1887),
  .UNSPECIFIED.,.F.,.F.,(4,4),(0.,1.),.PIECEWISE_BEZIER_KNOTS.);
#1884 = CARTESIAN_POINT('',(-3.354109250255,20.122829351651,73.0791));
#1885 = CARTESIAN_POINT('',(-3.354109250255,20.386320654717,73.0791));
#1886 = CARTESIAN_POINT('',(-3.430863377614,20.587722236871,73.0791));
#1887 = CARTESIAN_POINT('',(-3.603248155523,20.764943148821,73.0791));
#1888 = ORIENTED_EDGE('',*,*,#1889,.F.);
#1889 = EDGE_CURVE('',#469,#1881,#1890,.T.);
#1890 = LINE('',#1891,#1892);
#1891 = CARTESIAN_POINT('',(-3.603248155523,20.764943148821,74.0791));
#1892 = VECTOR('',#1893,1.);
#1893 = DIRECTION('',(-0.,-0.,-1.));
#1894 = ORIENTED_EDGE('',*,*,#466,.F.);
#1895 = SURFACE_OF_LINEAR_EXTRUSION('',#1896,#1901);
#1896 = B_SPLINE_CURVE_WITH_KNOTS('',3,(#1897,#1898,#1899,#1900),
  .UNSPECIFIED.,.F.,.F.,(4,4),(0.,1.),.PIECEWISE_BEZIER_KNOTS.);
#1897 = CARTESIAN_POINT('',(-3.354109250255,20.122829351651,74.0791));
#1898 = CARTESIAN_POINT('',(-3.354109250255,20.386320654717,74.0791));
#1899 = CARTESIAN_POINT('',(-3.430863377614,20.587722236871,74.0791));
#1900 = CARTESIAN_POINT('',(-3.603248155523,20.764943148821,74.0791));
#1901 = VECTOR('',#1902,1.);
#1902 = DIRECTION('',(0.,0.,1.));
#1903 = ADVANCED_FACE('',(#1904),#1923,.F.);
#1904 = FACE_BOUND('',#1905,.F.);
#1905 = EDGE_LOOP('',(#1906,#1907,#1916,#1922));
#1906 = ORIENTED_EDGE('',*,*,#1889,.T.);
#1907 = ORIENTED_EDGE('',*,*,#1908,.T.);
#1908 = EDGE_CURVE('',#1881,#1909,#1911,.T.);
#1909 = VERTEX_POINT('',#1910);
#1910 = CARTESIAN_POINT('',(-4.982638387441,21.2249999,73.0791));
#1911 = B_SPLINE_CURVE_WITH_KNOTS('',3,(#1912,#1913,#1914,#1915),
  .UNSPECIFIED.,.F.,.F.,(4,4),(0.,1.),.PIECEWISE_BEZIER_KNOTS.);
#1912 = CARTESIAN_POINT('',(-3.603248155523,20.764943148821,73.0791));
#1913 = CARTESIAN_POINT('',(-3.871419588306,21.042942854009,73.0791));
#1914 = CARTESIAN_POINT('',(-4.422270855994,21.2249999,73.0791));
#1915 = CARTESIAN_POINT('',(-4.982638387441,21.2249999,73.0791));
#1916 = ORIENTED_EDGE('',*,*,#1917,.F.);
#1917 = EDGE_CURVE('',#514,#1909,#1918,.T.);
#1918 = LINE('',#1919,#1920);
#1919 = CARTESIAN_POINT('',(-4.982638387441,21.2249999,74.0791));
#1920 = VECTOR('',#1921,1.);
#1921 = DIRECTION('',(-0.,-0.,-1.));
#1922 = ORIENTED_EDGE('',*,*,#522,.F.);
#1923 = SURFACE_OF_LINEAR_EXTRUSION('',#1924,#1929);
#1924 = B_SPLINE_CURVE_WITH_KNOTS('',3,(#1925,#1926,#1927,#1928),
  .UNSPECIFIED.,.F.,.F.,(4,4),(0.,1.),.PIECEWISE_BEZIER_KNOTS.);
#1925 = CARTESIAN_POINT('',(-3.603248155523,20.764943148821,74.0791));
#1926 = CARTESIAN_POINT('',(-3.871419588306,21.042942854009,74.0791));
#1927 = CARTESIAN_POINT('',(-4.422270855994,21.2249999,74.0791));
#1928 = CARTESIAN_POINT('',(-4.982638387441,21.2249999,74.0791));
#1929 = VECTOR('',#1930,1.);
#1930 = DIRECTION('',(0.,0.,1.));
#1931 = ADVANCED_FACE('',(#1932),#1951,.F.);
#1932 = FACE_BOUND('',#1933,.F.);
#1933 = EDGE_LOOP('',(#1934,#1935,#1944,#1950));
#1934 = ORIENTED_EDGE('',*,*,#1917,.T.);
#1935 = ORIENTED_EDGE('',*,*,#1936,.T.);
#1936 = EDGE_CURVE('',#1909,#1937,#1939,.T.);
#1937 = VERTEX_POINT('',#1938);
#1938 = CARTESIAN_POINT('',(-6.333167819438,20.841697276179,73.0791));
#1939 = B_SPLINE_CURVE_WITH_KNOTS('',3,(#1940,#1941,#1942,#1943),
  .UNSPECIFIED.,.F.,.F.,(4,4),(0.,1.),.PIECEWISE_BEZIER_KNOTS.);
#1940 = CARTESIAN_POINT('',(-4.982638387441,21.2249999,73.0791));
#1941 = CARTESIAN_POINT('',(-5.509464989249,21.2249999,73.0791));
#1942 = CARTESIAN_POINT('',(-6.064996386655,21.066811515566,73.0791));
#1943 = CARTESIAN_POINT('',(-6.333167819438,20.841697276179,73.0791));
#1944 = ORIENTED_EDGE('',*,*,#1945,.F.);
#1945 = EDGE_CURVE('',#505,#1937,#1946,.T.);
#1946 = LINE('',#1947,#1948);
#1947 = CARTESIAN_POINT('',(-6.333167819438,20.841697276179,74.0791));
#1948 = VECTOR('',#1949,1.);
#1949 = DIRECTION('',(-0.,-0.,-1.));
#1950 = ORIENTED_EDGE('',*,*,#513,.F.);
#1951 = SURFACE_OF_LINEAR_EXTRUSION('',#1952,#1957);
#1952 = B_SPLINE_CURVE_WITH_KNOTS('',3,(#1953,#1954,#1955,#1956),
  .UNSPECIFIED.,.F.,.F.,(4,4),(0.,1.),.PIECEWISE_BEZIER_KNOTS.);
#1953 = CARTESIAN_POINT('',(-4.982638387441,21.2249999,74.0791));
#1954 = CARTESIAN_POINT('',(-5.509464989249,21.2249999,74.0791));
#1955 = CARTESIAN_POINT('',(-6.064996386655,21.066811515566,74.0791));
#1956 = CARTESIAN_POINT('',(-6.333167819438,20.841697276179,74.0791));
#1957 = VECTOR('',#1958,1.);
#1958 = DIRECTION('',(0.,0.,1.));
#1959 = ADVANCED_FACE('',(#1960),#1979,.F.);
#1960 = FACE_BOUND('',#1961,.F.);
#1961 = EDGE_LOOP('',(#1962,#1963,#1972,#1978));
#1962 = ORIENTED_EDGE('',*,*,#1945,.T.);
#1963 = ORIENTED_EDGE('',*,*,#1964,.T.);
#1964 = EDGE_CURVE('',#1937,#1965,#1967,.T.);
#1965 = VERTEX_POINT('',#1966);
#1966 = CARTESIAN_POINT('',(-6.65890484774,20.142017883491,73.0791));
#1967 = B_SPLINE_CURVE_WITH_KNOTS('',3,(#1968,#1969,#1970,#1971),
  .UNSPECIFIED.,.F.,.F.,(4,4),(0.,1.),.PIECEWISE_BEZIER_KNOTS.);
#1968 = CARTESIAN_POINT('',(-6.333167819438,20.841697276179,73.0791));
#1969 = CARTESIAN_POINT('',(-6.543929661026,20.664320359906,73.0791));
#1970 = CARTESIAN_POINT('',(-6.65890484774,20.419861584355,73.0791));
#1971 = CARTESIAN_POINT('',(-6.65890484774,20.142017883491,73.0791));
#1972 = ORIENTED_EDGE('',*,*,#1973,.F.);
#1973 = EDGE_CURVE('',#496,#1965,#1974,.T.);
#1974 = LINE('',#1975,#1976);
#1975 = CARTESIAN_POINT('',(-6.65890484774,20.142017883491,74.0791));
#1976 = VECTOR('',#1977,1.);
#1977 = DIRECTION('',(-0.,-0.,-1.));
#1978 = ORIENTED_EDGE('',*,*,#504,.F.);
#1979 = SURFACE_OF_LINEAR_EXTRUSION('',#1980,#1985);
#1980 = B_SPLINE_CURVE_WITH_KNOTS('',3,(#1981,#1982,#1983,#1984),
  .UNSPECIFIED.,.F.,.F.,(4,4),(0.,1.),.PIECEWISE_BEZIER_KNOTS.);
#1981 = CARTESIAN_POINT('',(-6.333167819438,20.841697276179,74.0791));
#1982 = CARTESIAN_POINT('',(-6.543929661026,20.664320359906,74.0791));
#1983 = CARTESIAN_POINT('',(-6.65890484774,20.419861584355,74.0791));
#1984 = CARTESIAN_POINT('',(-6.65890484774,20.142017883491,74.0791));
#1985 = VECTOR('',#1986,1.);
#1986 = DIRECTION('',(0.,0.,1.));
#1987 = ADVANCED_FACE('',(#1988),#2007,.F.);
#1988 = FACE_BOUND('',#1989,.F.);
#1989 = EDGE_LOOP('',(#1990,#1991,#2000,#2006));
#1990 = ORIENTED_EDGE('',*,*,#1973,.T.);
#1991 = ORIENTED_EDGE('',*,*,#1992,.T.);
#1992 = EDGE_CURVE('',#1965,#1993,#1995,.T.);
#1993 = VERTEX_POINT('',#1994);
#1994 = CARTESIAN_POINT('',(-6.409921946796,19.518936613836,73.0791));
#1995 = B_SPLINE_CURVE_WITH_KNOTS('',3,(#1996,#1997,#1998,#1999),
  .UNSPECIFIED.,.F.,.F.,(4,4),(0.,1.),.PIECEWISE_BEZIER_KNOTS.);
#1996 = CARTESIAN_POINT('',(-6.65890484774,20.142017883491,73.0791));
#1997 = CARTESIAN_POINT('',(-6.65890484774,19.89755910794,73.0791));
#1998 = CARTESIAN_POINT('',(-6.577470590664,19.691477396069,73.0791));
#1999 = CARTESIAN_POINT('',(-6.409921946796,19.518936613836,73.0791));
#2000 = ORIENTED_EDGE('',*,*,#2001,.F.);
#2001 = EDGE_CURVE('',#487,#1993,#2002,.T.);
#2002 = LINE('',#2003,#2004);
#2003 = CARTESIAN_POINT('',(-6.409921946796,19.518936613836,74.0791));
#2004 = VECTOR('',#2005,1.);
#2005 = DIRECTION('',(-0.,-0.,-1.));
#2006 = ORIENTED_EDGE('',*,*,#495,.F.);
#2007 = SURFACE_OF_LINEAR_EXTRUSION('',#2008,#2013);
#2008 = B_SPLINE_CURVE_WITH_KNOTS('',3,(#2009,#2010,#2011,#2012),
  .UNSPECIFIED.,.F.,.F.,(4,4),(0.,1.),.PIECEWISE_BEZIER_KNOTS.);
#2009 = CARTESIAN_POINT('',(-6.65890484774,20.142017883491,74.0791));
#2010 = CARTESIAN_POINT('',(-6.65890484774,19.89755910794,74.0791));
#2011 = CARTESIAN_POINT('',(-6.577470590664,19.691477396069,74.0791));
#2012 = CARTESIAN_POINT('',(-6.409921946796,19.518936613836,74.0791));
#2013 = VECTOR('',#2014,1.);
#2014 = DIRECTION('',(0.,0.,1.));
#2015 = ADVANCED_FACE('',(#2016),#2035,.F.);
#2016 = FACE_BOUND('',#2017,.F.);
#2017 = EDGE_LOOP('',(#2018,#2019,#2028,#2034));
#2018 = ORIENTED_EDGE('',*,*,#2001,.T.);
#2019 = ORIENTED_EDGE('',*,*,#2020,.T.);
#2020 = EDGE_CURVE('',#1993,#2021,#2023,.T.);
#2021 = VERTEX_POINT('',#2022);
#2022 = CARTESIAN_POINT('',(-5.011343183038,19.058879862657,73.0791));
#2023 = B_SPLINE_CURVE_WITH_KNOTS('',3,(#2024,#2025,#2026,#2027),
  .UNSPECIFIED.,.F.,.F.,(4,4),(0.,1.),.PIECEWISE_BEZIER_KNOTS.);
#2024 = CARTESIAN_POINT('',(-6.409921946796,19.518936613836,73.0791));
#2025 = CARTESIAN_POINT('',(-6.14643064373,19.240936908648,73.0791));
#2026 = CARTESIAN_POINT('',(-5.590899246324,19.058879862657,73.0791));
#2027 = CARTESIAN_POINT('',(-5.011343183038,19.058879862657,73.0791));
#2028 = ORIENTED_EDGE('',*,*,#2029,.F.);
#2029 = EDGE_CURVE('',#478,#2021,#2030,.T.);
#2030 = LINE('',#2031,#2032);
#2031 = CARTESIAN_POINT('',(-5.011343183038,19.058879862657,74.0791));
#2032 = VECTOR('',#2033,1.);
#2033 = DIRECTION('',(-0.,-0.,-1.));
#2034 = ORIENTED_EDGE('',*,*,#486,.F.);
#2035 = SURFACE_OF_LINEAR_EXTRUSION('',#2036,#2041);
#2036 = B_SPLINE_CURVE_WITH_KNOTS('',3,(#2037,#2038,#2039,#2040),
  .UNSPECIFIED.,.F.,.F.,(4,4),(0.,1.),.PIECEWISE_BEZIER_KNOTS.);
#2037 = CARTESIAN_POINT('',(-6.409921946796,19.518936613836,74.0791));
#2038 = CARTESIAN_POINT('',(-6.14643064373,19.240936908648,74.0791));
#2039 = CARTESIAN_POINT('',(-5.590899246324,19.058879862657,74.0791));
#2040 = CARTESIAN_POINT('',(-5.011343183038,19.058879862657,74.0791));
#2041 = VECTOR('',#2042,1.);
#2042 = DIRECTION('',(0.,0.,1.));
#2043 = ADVANCED_FACE('',(#2044),#2056,.F.);
#2044 = FACE_BOUND('',#2045,.F.);
#2045 = EDGE_LOOP('',(#2046,#2047,#2054,#2055));
#2046 = ORIENTED_EDGE('',*,*,#2029,.T.);
#2047 = ORIENTED_EDGE('',*,*,#2048,.T.);
#2048 = EDGE_CURVE('',#2021,#1873,#2049,.T.);
#2049 = B_SPLINE_CURVE_WITH_KNOTS('',3,(#2050,#2051,#2052,#2053),
  .UNSPECIFIED.,.F.,.F.,(4,4),(0.,1.),.PIECEWISE_BEZIER_KNOTS.);
#2050 = CARTESIAN_POINT('',(-5.011343183038,19.058879862657,73.0791));
#2051 = CARTESIAN_POINT('',(-4.02960797274,19.058879862657,73.0791));
#2052 = CARTESIAN_POINT('',(-3.354109250255,19.494911947956,73.0791));
#2053 = CARTESIAN_POINT('',(-3.354109250255,20.122829351651,73.0791));
#2054 = ORIENTED_EDGE('',*,*,#1872,.F.);
#2055 = ORIENTED_EDGE('',*,*,#477,.F.);
#2056 = SURFACE_OF_LINEAR_EXTRUSION('',#2057,#2062);
#2057 = B_SPLINE_CURVE_WITH_KNOTS('',3,(#2058,#2059,#2060,#2061),
  .UNSPECIFIED.,.F.,.F.,(4,4),(0.,1.),.PIECEWISE_BEZIER_KNOTS.);
#2058 = CARTESIAN_POINT('',(-5.011343183038,19.058879862657,74.0791));
#2059 = CARTESIAN_POINT('',(-4.02960797274,19.058879862657,74.0791));
#2060 = CARTESIAN_POINT('',(-3.354109250255,19.494911947956,74.0791));
#2061 = CARTESIAN_POINT('',(-3.354109250255,20.122829351651,74.0791));
#2062 = VECTOR('',#2063,1.);
#2063 = DIRECTION('',(0.,0.,1.));
#2064 = ADVANCED_FACE('',(#2065),#2116,.T.);
#2065 = FACE_BOUND('',#2066,.F.);
#2066 = EDGE_LOOP('',(#2067,#2077,#2084,#2085,#2094,#2107,#2108,#2109));
#2067 = ORIENTED_EDGE('',*,*,#2068,.T.);
#2068 = EDGE_CURVE('',#2069,#2071,#2073,.T.);
#2069 = VERTEX_POINT('',#2070);
#2070 = CARTESIAN_POINT('',(-10.76401491063,7.9375,67.437));
#2071 = VERTEX_POINT('',#2072);
#2072 = CARTESIAN_POINT('',(-12.66901491063,7.9375,67.437));
#2073 = LINE('',#2074,#2075);
#2074 = CARTESIAN_POINT('',(-7.589014910633,7.9375,67.437));
#2075 = VECTOR('',#2076,1.);
#2076 = DIRECTION('',(-1.,0.,0.));
#2077 = ORIENTED_EDGE('',*,*,#2078,.T.);
#2078 = EDGE_CURVE('',#2071,#2071,#2079,.T.);
#2079 = CIRCLE('',#2080,4.7625);
#2080 = AXIS2_PLACEMENT_3D('',#2081,#2082,#2083);
#2081 = CARTESIAN_POINT('',(-12.66901491063,12.7,67.437));
#2082 = DIRECTION('',(-1.,0.,0.));
#2083 = DIRECTION('',(0.,-1.,0.));
#2084 = ORIENTED_EDGE('',*,*,#2068,.F.);
#2085 = ORIENTED_EDGE('',*,*,#2086,.F.);
#2086 = EDGE_CURVE('',#2087,#2069,#2089,.T.);
#2087 = VERTEX_POINT('',#2088);
#2088 = CARTESIAN_POINT('',(-10.76401491063,10.092489888342,63.45174));
#2089 = CIRCLE('',#2090,4.7625);
#2090 = AXIS2_PLACEMENT_3D('',#2091,#2092,#2093);
#2091 = CARTESIAN_POINT('',(-10.76401491063,12.7,67.437));
#2092 = DIRECTION('',(-1.,0.,0.));
#2093 = DIRECTION('',(0.,-1.,0.));
#2094 = ORIENTED_EDGE('',*,*,#2095,.F.);
#2095 = EDGE_CURVE('',#547,#2087,#2096,.T.);
#2096 = ( BOUNDED_CURVE() B_SPLINE_CURVE(9,(#2097,#2098,#2099,#2100,
    #2101,#2102,#2103,#2104,#2105,#2106),.UNSPECIFIED.,.F.,.F.) 
B_SPLINE_CURVE_WITH_KNOTS((10,10),(19.683435575928,25.202069462236),
.PIECEWISE_BEZIER_KNOTS.) CURVE() GEOMETRIC_REPRESENTATION_ITEM() 
RATIONAL_B_SPLINE_CURVE((1.,1.,1.,1.,1.,1.,1.,1.,1.,1.)) 
REPRESENTATION_ITEM('') );
#2097 = CARTESIAN_POINT('',(-10.76401491063,15.307510111658,63.45174));
#2098 = CARTESIAN_POINT('',(-10.76401491063,14.79440017807,
    63.116018029483));
#2099 = CARTESIAN_POINT('',(-10.60676752297,14.232661241337,
    62.854617252418));
#2100 = CARTESIAN_POINT('',(-10.50432321397,13.63459808314,
    62.675589351136));
#2101 = CARTESIAN_POINT('',(-10.42069904102,13.014068212724,
    62.584606120539));
#2102 = CARTESIAN_POINT('',(-10.42069904102,12.385931787276,
    62.584606120538));
#2103 = CARTESIAN_POINT('',(-10.50432321397,11.765401916859,
    62.675589351137));
#2104 = CARTESIAN_POINT('',(-10.60676752297,11.167338758663,
    62.854617252418));
#2105 = CARTESIAN_POINT('',(-10.76401491063,10.60559982193,
    63.116018029483));
#2106 = CARTESIAN_POINT('',(-10.76401491063,10.092489888342,63.45174));
#2107 = ORIENTED_EDGE('',*,*,#555,.F.);
#2108 = ORIENTED_EDGE('',*,*,#658,.F.);
#2109 = ORIENTED_EDGE('',*,*,#2110,.F.);
#2110 = EDGE_CURVE('',#2069,#648,#2111,.T.);
#2111 = CIRCLE('',#2112,4.7625);
#2112 = AXIS2_PLACEMENT_3D('',#2113,#2114,#2115);
#2113 = CARTESIAN_POINT('',(-10.76401491063,12.7,67.437));
#2114 = DIRECTION('',(-1.,0.,0.));
#2115 = DIRECTION('',(0.,-1.,0.));
#2116 = CYLINDRICAL_SURFACE('',#2117,4.7625);
#2117 = AXIS2_PLACEMENT_3D('',#2118,#2119,#2120);
#2118 = CARTESIAN_POINT('',(-7.589014910633,12.7,67.437));
#2119 = DIRECTION('',(1.,0.,0.));
#2120 = DIRECTION('',(0.,-1.,0.));
#2121 = ADVANCED_FACE('',(#2122),#2133,.T.);
#2122 = FACE_BOUND('',#2123,.T.);
#2123 = EDGE_LOOP('',(#2124,#2125,#2126,#2132));
#2124 = ORIENTED_EDGE('',*,*,#546,.F.);
#2125 = ORIENTED_EDGE('',*,*,#571,.T.);
#2126 = ORIENTED_EDGE('',*,*,#2127,.T.);
#2127 = EDGE_CURVE('',#572,#2087,#2128,.T.);
#2128 = ( BOUNDED_CURVE() B_SPLINE_CURVE(2,(#2129,#2130,#2131),
.UNSPECIFIED.,.F.,.F.) B_SPLINE_CURVE_WITH_KNOTS((3,3),(0.,
5.518633886307),.PIECEWISE_BEZIER_KNOTS.) CURVE() 
GEOMETRIC_REPRESENTATION_ITEM() RATIONAL_B_SPLINE_CURVE((1.,
0.707106781187,1.)) REPRESENTATION_ITEM('') );
#2129 = CARTESIAN_POINT('',(-7.589014910633,8.354149813903,60.7949));
#2130 = CARTESIAN_POINT('',(-7.589014910633,10.092489888342,63.45174));
#2131 = CARTESIAN_POINT('',(-10.76401491063,10.092489888342,63.45174));
#2132 = ORIENTED_EDGE('',*,*,#2095,.F.);
#2133 = ( BOUNDED_SURFACE() B_SPLINE_SURFACE(2,9,(
    (#2134,#2135,#2136,#2137,#2138,#2139,#2140,#2141,#2142,#2143)
    ,(#2144,#2145,#2146,#2147,#2148,#2149,#2150,#2151,#2152,#2153)
    ,(#2154,#2155,#2156,#2157,#2158,#2159,#2160,#2161,#2162,#2163
)),.UNSPECIFIED.,.F.,.F.,.F.) B_SPLINE_SURFACE_WITH_KNOTS((3,3),(10,10),
  (0.,5.518633886307),(19.683435575928,25.202069462236),
.PIECEWISE_BEZIER_KNOTS.) GEOMETRIC_REPRESENTATION_ITEM() 
RATIONAL_B_SPLINE_SURFACE((
    (1.,1.,1.,1.,1.,1.,1.,1.,1.,1.)
    ,(0.707106781187,0.78156593879,0.816769243619,0.840716920674
      ,0.849446816312,0.849446816312,0.840716920674,0.816769243619
      ,0.78156593879,0.707106781187)
,(1.,1.,1.,1.,1.,1.,1.,1.,1.,1.))) REPRESENTATION_ITEM('') SURFACE() );
#2134 = CARTESIAN_POINT('',(-10.76401491063,15.307510111658,63.45174));
#2135 = CARTESIAN_POINT('',(-10.76401491063,14.79440017807,
    63.116018029483));
#2136 = CARTESIAN_POINT('',(-10.60676752297,14.232661241337,
    62.854617252418));
#2137 = CARTESIAN_POINT('',(-10.50432321397,13.63459808314,
    62.675589351136));
#2138 = CARTESIAN_POINT('',(-10.42069904102,13.014068212724,
    62.584606120539));
#2139 = CARTESIAN_POINT('',(-10.42069904102,12.385931787276,
    62.584606120538));
#2140 = CARTESIAN_POINT('',(-10.50432321397,11.765401916859,
    62.675589351137));
#2141 = CARTESIAN_POINT('',(-10.60676752297,11.167338758663,
    62.854617252418));
#2142 = CARTESIAN_POINT('',(-10.76401491063,10.60559982193,
    63.116018029483));
#2143 = CARTESIAN_POINT('',(-10.76401491063,10.092489888342,63.45174));
#2144 = CARTESIAN_POINT('',(-7.589014910633,15.307510111658,63.45174));
#2145 = CARTESIAN_POINT('',(-8.193974297062,14.843283748243,
    63.148001991262));
#2146 = CARTESIAN_POINT('',(-8.372060104706,14.271551703434,
    62.866270536892));
#2147 = CARTESIAN_POINT('',(-8.444098517317,13.670351397549,
    62.682219904855));
#2148 = CARTESIAN_POINT('',(-8.455639404047,13.017011790132,
    62.580453532569));
#2149 = CARTESIAN_POINT('',(-8.455639404048,12.382988209868,
    62.580453532568));
#2150 = CARTESIAN_POINT('',(-8.444098517317,11.729648602451,
    62.682219904855));
#2151 = CARTESIAN_POINT('',(-8.372060104706,11.128448296566,
    62.866270536891));
#2152 = CARTESIAN_POINT('',(-8.193974297062,10.556716251757,
    63.148001991262));
#2153 = CARTESIAN_POINT('',(-7.589014910633,10.092489888342,63.45174));
#2154 = CARTESIAN_POINT('',(-7.589014910633,17.045850186097,60.7949));
#2155 = CARTESIAN_POINT('',(-7.589014910633,15.824568543762,60.7949));
#2156 = CARTESIAN_POINT('',(-7.589014910633,14.834740454397,60.7949));
#2157 = CARTESIAN_POINT('',(-7.589014910633,13.942893625486,60.7949));
#2158 = CARTESIAN_POINT('',(-7.589014910633,13.110712466579,60.7949));
#2159 = CARTESIAN_POINT('',(-7.589014910633,12.289287533421,60.7949));
#2160 = CARTESIAN_POINT('',(-7.589014910633,11.457106374514,60.7949));
#2161 = CARTESIAN_POINT('',(-7.589014910633,10.565259545603,60.7949));
#2162 = CARTESIAN_POINT('',(-7.589014910633,9.575431456238,60.7949));
#2163 = CARTESIAN_POINT('',(-7.589014910633,8.354149813903,60.7949));
#2164 = ADVANCED_FACE('',(#2165),#2192,.T.);
#2165 = FACE_BOUND('',#2166,.T.);
#2166 = EDGE_LOOP('',(#2167,#2176,#2177,#2186));
#2167 = ORIENTED_EDGE('',*,*,#2168,.F.);
#2168 = EDGE_CURVE('',#618,#2169,#2171,.T.);
#2169 = VERTEX_POINT('',#2170);
#2170 = CARTESIAN_POINT('',(7.493,-22.225,57.997046345453));
#2171 = CIRCLE('',#2172,9.525);
#2172 = AXIS2_PLACEMENT_3D('',#2173,#2174,#2175);
#2173 = CARTESIAN_POINT('',(8.763,-22.225,67.437));
#2174 = DIRECTION('',(0.,-1.,2.22044604925E-16));
#2175 = DIRECTION('',(1.,0.,0.));
#2176 = ORIENTED_EDGE('',*,*,#625,.F.);
#2177 = ORIENTED_EDGE('',*,*,#2178,.T.);
#2178 = EDGE_CURVE('',#626,#2179,#2181,.T.);
#2179 = VERTEX_POINT('',#2180);
#2180 = CARTESIAN_POINT('',(7.493,22.225,57.997046345453));
#2181 = CIRCLE('',#2182,9.525);
#2182 = AXIS2_PLACEMENT_3D('',#2183,#2184,#2185);
#2183 = CARTESIAN_POINT('',(8.763,22.225,67.437));
#2184 = DIRECTION('',(0.,-1.,2.22044604925E-16));
#2185 = DIRECTION('',(1.,0.,0.));
#2186 = ORIENTED_EDGE('',*,*,#2187,.F.);
#2187 = EDGE_CURVE('',#2169,#2179,#2188,.T.);
#2188 = LINE('',#2189,#2190);
#2189 = CARTESIAN_POINT('',(7.493,-22.225,57.997046345453));
#2190 = VECTOR('',#2191,1.);
#2191 = DIRECTION('',(-0.,1.,-2.22044604925E-16));
#2192 = CYLINDRICAL_SURFACE('',#2193,9.525);
#2193 = AXIS2_PLACEMENT_3D('',#2194,#2195,#2196);
#2194 = CARTESIAN_POINT('',(8.763,-22.225,67.437));
#2195 = DIRECTION('',(0.,-1.,2.22044604925E-16));
#2196 = DIRECTION('',(1.,0.,0.));
#2197 = ADVANCED_FACE('',(#2198),#2231,.T.);
#2198 = FACE_BOUND('',#2199,.T.);
#2199 = EDGE_LOOP('',(#2200,#2209,#2210,#2218));
#2200 = ORIENTED_EDGE('',*,*,#2201,.F.);
#2201 = EDGE_CURVE('',#587,#2202,#2204,.T.);
#2202 = VERTEX_POINT('',#2203);
#2203 = CARTESIAN_POINT('',(-10.76401491063,-10.09248988834,63.45174));
#2204 = CIRCLE('',#2205,3.175);
#2205 = AXIS2_PLACEMENT_3D('',#2206,#2207,#2208);
#2206 = CARTESIAN_POINT('',(-10.76401491063,-8.354149813903,60.7949));
#2207 = DIRECTION('',(0.,-0.8368,-0.547508684863));
#2208 = DIRECTION('',(0.,0.547508684863,-0.8368));
#2209 = ORIENTED_EDGE('',*,*,#594,.T.);
#2210 = ORIENTED_EDGE('',*,*,#2211,.T.);
#2211 = EDGE_CURVE('',#595,#2212,#2214,.T.);
#2212 = VERTEX_POINT('',#2213);
#2213 = CARTESIAN_POINT('',(-10.76401491063,-15.30751011165,63.45174));
#2214 = ( BOUNDED_CURVE() B_SPLINE_CURVE(2,(#2215,#2216,#2217),
.UNSPECIFIED.,.F.,.F.) B_SPLINE_CURVE_WITH_KNOTS((3,3),(0.,
5.518633886307),.PIECEWISE_BEZIER_KNOTS.) CURVE() 
GEOMETRIC_REPRESENTATION_ITEM() RATIONAL_B_SPLINE_CURVE((1.,
0.707106781187,1.)) REPRESENTATION_ITEM('') );
#2215 = CARTESIAN_POINT('',(-7.589014910633,-17.04585018609,60.7949));
#2216 = CARTESIAN_POINT('',(-7.589014910633,-15.30751011165,63.45174));
#2217 = CARTESIAN_POINT('',(-10.76401491063,-15.30751011165,63.45174));
#2218 = ORIENTED_EDGE('',*,*,#2219,.F.);
#2219 = EDGE_CURVE('',#2202,#2212,#2220,.T.);
#2220 = ( BOUNDED_CURVE() B_SPLINE_CURVE(9,(#2221,#2222,#2223,#2224,
    #2225,#2226,#2227,#2228,#2229,#2230),.UNSPECIFIED.,.F.,.F.) 
B_SPLINE_CURVE_WITH_KNOTS((10,10),(19.683435575928,25.202069462236),
.PIECEWISE_BEZIER_KNOTS.) CURVE() GEOMETRIC_REPRESENTATION_ITEM() 
RATIONAL_B_SPLINE_CURVE((1.,1.,1.,1.,1.,1.,1.,1.,1.,1.)) 
REPRESENTATION_ITEM('') );
#2221 = CARTESIAN_POINT('',(-10.76401491063,-10.09248988834,63.45174));
#2222 = CARTESIAN_POINT('',(-10.76401491063,-10.60559982193,
    63.116018029483));
#2223 = CARTESIAN_POINT('',(-10.60676752297,-11.16733875866,
    62.854617252418));
#2224 = CARTESIAN_POINT('',(-10.50432321397,-11.76540191686,
    62.675589351136));
#2225 = CARTESIAN_POINT('',(-10.42069904102,-12.38593178727,
    62.584606120538));
#2226 = CARTESIAN_POINT('',(-10.42069904102,-13.01406821272,
    62.584606120538));
#2227 = CARTESIAN_POINT('',(-10.50432321397,-13.63459808314,
    62.675589351137));
#2228 = CARTESIAN_POINT('',(-10.60676752297,-14.23266124133,
    62.854617252418));
#2229 = CARTESIAN_POINT('',(-10.76401491063,-14.79440017807,
    63.116018029483));
#2230 = CARTESIAN_POINT('',(-10.76401491063,-15.30751011165,63.45174));
#2231 = ( BOUNDED_SURFACE() B_SPLINE_SURFACE(2,9,(
    (#2232,#2233,#2234,#2235,#2236,#2237,#2238,#2239,#2240,#2241)
    ,(#2242,#2243,#2244,#2245,#2246,#2247,#2248,#2249,#2250,#2251)
    ,(#2252,#2253,#2254,#2255,#2256,#2257,#2258,#2259,#2260,#2261
)),.UNSPECIFIED.,.F.,.F.,.F.) B_SPLINE_SURFACE_WITH_KNOTS((3,3),(10,10),
  (0.,5.518633886307),(19.683435575928,25.202069462236),
.PIECEWISE_BEZIER_KNOTS.) GEOMETRIC_REPRESENTATION_ITEM() 
RATIONAL_B_SPLINE_SURFACE((
    (1.,1.,1.,1.,1.,1.,1.,1.,1.,1.)
    ,(0.707106781187,0.78156593879,0.816769243619,0.840716920674
      ,0.849446816312,0.849446816312,0.840716920674,0.816769243619
      ,0.78156593879,0.707106781187)
,(1.,1.,1.,1.,1.,1.,1.,1.,1.,1.))) REPRESENTATION_ITEM('') SURFACE() );
#2232 = CARTESIAN_POINT('',(-10.76401491063,-10.09248988834,63.45174));
#2233 = CARTESIAN_POINT('',(-10.76401491063,-10.60559982193,
    63.116018029483));
#2234 = CARTESIAN_POINT('',(-10.60676752297,-11.16733875866,
    62.854617252418));
#2235 = CARTESIAN_POINT('',(-10.50432321397,-11.76540191686,
    62.675589351136));
#2236 = CARTESIAN_POINT('',(-10.42069904102,-12.38593178727,
    62.584606120538));
#2237 = CARTESIAN_POINT('',(-10.42069904102,-13.01406821272,
    62.584606120538));
#2238 = CARTESIAN_POINT('',(-10.50432321397,-13.63459808314,
    62.675589351137));
#2239 = CARTESIAN_POINT('',(-10.60676752297,-14.23266124133,
    62.854617252418));
#2240 = CARTESIAN_POINT('',(-10.76401491063,-14.79440017807,
    63.116018029483));
#2241 = CARTESIAN_POINT('',(-10.76401491063,-15.30751011165,63.45174));
#2242 = CARTESIAN_POINT('',(-7.589014910633,-10.09248988834,63.45174));
#2243 = CARTESIAN_POINT('',(-8.193974297062,-10.55671625175,
    63.148001991262));
#2244 = CARTESIAN_POINT('',(-8.372060104706,-11.12844829656,
    62.866270536892));
#2245 = CARTESIAN_POINT('',(-8.444098517317,-11.72964860245,
    62.682219904855));
#2246 = CARTESIAN_POINT('',(-8.455639404047,-12.38298820986,
    62.580453532568));
#2247 = CARTESIAN_POINT('',(-8.455639404048,-13.01701179013,
    62.580453532569));
#2248 = CARTESIAN_POINT('',(-8.444098517317,-13.67035139754,
    62.682219904855));
#2249 = CARTESIAN_POINT('',(-8.372060104706,-14.27155170343,
    62.866270536892));
#2250 = CARTESIAN_POINT('',(-8.193974297062,-14.84328374824,
    63.148001991262));
#2251 = CARTESIAN_POINT('',(-7.589014910633,-15.30751011165,63.45174));
#2252 = CARTESIAN_POINT('',(-7.589014910633,-8.354149813903,60.7949));
#2253 = CARTESIAN_POINT('',(-7.589014910633,-9.575431456238,60.7949));
#2254 = CARTESIAN_POINT('',(-7.589014910633,-10.5652595456,60.7949));
#2255 = CARTESIAN_POINT('',(-7.589014910633,-11.45710637451,60.7949));
#2256 = CARTESIAN_POINT('',(-7.589014910633,-12.28928753342,60.7949));
#2257 = CARTESIAN_POINT('',(-7.589014910633,-13.11071246657,60.7949));
#2258 = CARTESIAN_POINT('',(-7.589014910633,-13.94289362548,60.7949));
#2259 = CARTESIAN_POINT('',(-7.589014910633,-14.83474045439,60.7949));
#2260 = CARTESIAN_POINT('',(-7.589014910633,-15.82456854376,60.7949));
#2261 = CARTESIAN_POINT('',(-7.589014910633,-17.04585018609,60.7949));
#2262 = ADVANCED_FACE('',(#2263),#2275,.F.);
#2263 = FACE_BOUND('',#2264,.T.);
#2264 = EDGE_LOOP('',(#2265,#2272,#2273,#2274));
#2265 = ORIENTED_EDGE('',*,*,#2266,.F.);
#2266 = EDGE_CURVE('',#715,#2069,#2267,.T.);
#2267 = CIRCLE('',#2268,3.175);
#2268 = AXIS2_PLACEMENT_3D('',#2269,#2270,#2271);
#2269 = CARTESIAN_POINT('',(-10.76401491063,4.7625,67.437));
#2270 = DIRECTION('',(-0.,0.,1.));
#2271 = DIRECTION('',(0.,-1.,0.));
#2272 = ORIENTED_EDGE('',*,*,#723,.T.);
#2273 = ORIENTED_EDGE('',*,*,#647,.T.);
#2274 = ORIENTED_EDGE('',*,*,#2110,.F.);
#2275 = TOROIDAL_SURFACE('',#2276,7.9375,3.175);
#2276 = AXIS2_PLACEMENT_3D('',#2277,#2278,#2279);
#2277 = CARTESIAN_POINT('',(-10.76401491063,12.7,67.437));
#2278 = DIRECTION('',(1.,0.,0.));
#2279 = DIRECTION('',(0.,-1.,0.));
#2280 = ADVANCED_FACE('',(#2281),#2293,.F.);
#2281 = FACE_BOUND('',#2282,.T.);
#2282 = EDGE_LOOP('',(#2283,#2284,#2285,#2286));
#2283 = ORIENTED_EDGE('',*,*,#781,.F.);
#2284 = ORIENTED_EDGE('',*,*,#706,.T.);
#2285 = ORIENTED_EDGE('',*,*,#2201,.T.);
#2286 = ORIENTED_EDGE('',*,*,#2287,.F.);
#2287 = EDGE_CURVE('',#782,#2202,#2288,.T.);
#2288 = CIRCLE('',#2289,4.7625);
#2289 = AXIS2_PLACEMENT_3D('',#2290,#2291,#2292);
#2290 = CARTESIAN_POINT('',(-10.76401491063,-12.7,67.437));
#2291 = DIRECTION('',(-1.,-0.,0.));
#2292 = DIRECTION('',(0.,-1.,-2.98390650188E-15));
#2293 = TOROIDAL_SURFACE('',#2294,7.9375,3.175);
#2294 = AXIS2_PLACEMENT_3D('',#2295,#2296,#2297);
#2295 = CARTESIAN_POINT('',(-10.76401491063,-12.7,67.437));
#2296 = DIRECTION('',(1.,0.,0.));
#2297 = DIRECTION('',(0.,-1.,-2.98390650188E-15));
#2298 = ADVANCED_FACE('',(#2299),#2305,.F.);
#2299 = FACE_BOUND('',#2300,.T.);
#2300 = EDGE_LOOP('',(#2301,#2302,#2303,#2304));
#2301 = ORIENTED_EDGE('',*,*,#2127,.F.);
#2302 = ORIENTED_EDGE('',*,*,#714,.T.);
#2303 = ORIENTED_EDGE('',*,*,#2266,.T.);
#2304 = ORIENTED_EDGE('',*,*,#2086,.F.);
#2305 = TOROIDAL_SURFACE('',#2306,7.9375,3.175);
#2306 = AXIS2_PLACEMENT_3D('',#2307,#2308,#2309);
#2307 = CARTESIAN_POINT('',(-10.76401491063,12.7,67.437));
#2308 = DIRECTION('',(1.,0.,0.));
#2309 = DIRECTION('',(0.,-1.,0.));
#2310 = ADVANCED_FACE('',(#2311),#2336,.F.);
#2311 = FACE_BOUND('',#2312,.F.);
#2312 = EDGE_LOOP('',(#2313,#2321,#2322,#2330));
#2313 = ORIENTED_EDGE('',*,*,#2314,.F.);
#2314 = EDGE_CURVE('',#739,#2315,#2317,.T.);
#2315 = VERTEX_POINT('',#2316);
#2316 = CARTESIAN_POINT('',(14.304625754265,-22.225,75.183999999979));
#2317 = LINE('',#2318,#2319);
#2318 = CARTESIAN_POINT('',(3.221374245735,-22.225,75.183999999979));
#2319 = VECTOR('',#2320,1.);
#2320 = DIRECTION('',(1.,0.,0.));
#2321 = ORIENTED_EDGE('',*,*,#747,.T.);
#2322 = ORIENTED_EDGE('',*,*,#2323,.T.);
#2323 = EDGE_CURVE('',#748,#2324,#2326,.T.);
#2324 = VERTEX_POINT('',#2325);
#2325 = CARTESIAN_POINT('',(14.304625754265,22.225,75.183999999979));
#2326 = LINE('',#2327,#2328);
#2327 = CARTESIAN_POINT('',(1.461553224546E-02,22.225,75.183999999979));
#2328 = VECTOR('',#2329,1.);
#2329 = DIRECTION('',(1.,-0.,0.));
#2330 = ORIENTED_EDGE('',*,*,#2331,.F.);
#2331 = EDGE_CURVE('',#2315,#2324,#2332,.T.);
#2332 = LINE('',#2333,#2334);
#2333 = CARTESIAN_POINT('',(14.304625754265,-22.225,75.183999999979));
#2334 = VECTOR('',#2335,1.);
#2335 = DIRECTION('',(-0.,1.,-2.22044604925E-16));
#2336 = PLANE('',#2337);
#2337 = AXIS2_PLACEMENT_3D('',#2338,#2339,#2340);
#2338 = CARTESIAN_POINT('',(3.221374245735,-22.225,75.183999999979));
#2339 = DIRECTION('',(0.,-2.22044604925E-16,-1.));
#2340 = DIRECTION('',(1.,0.,0.));
#2341 = ADVANCED_FACE('',(#2342),#2362,.F.);
#2342 = FACE_BOUND('',#2343,.T.);
#2343 = EDGE_LOOP('',(#2344,#2353,#2354,#2355));
#2344 = ORIENTED_EDGE('',*,*,#2345,.F.);
#2345 = EDGE_CURVE('',#845,#2346,#2348,.T.);
#2346 = VERTEX_POINT('',#2347);
#2347 = CARTESIAN_POINT('',(-10.76401491063,-17.4625,67.437));
#2348 = CIRCLE('',#2349,3.175);
#2349 = AXIS2_PLACEMENT_3D('',#2350,#2351,#2352);
#2350 = CARTESIAN_POINT('',(-10.76401491063,-20.6375,67.437));
#2351 = DIRECTION('',(0.,-2.98390650188E-15,1.));
#2352 = DIRECTION('',(0.,-1.,-2.98390650188E-15));
#2353 = ORIENTED_EDGE('',*,*,#853,.T.);
#2354 = ORIENTED_EDGE('',*,*,#771,.T.);
#2355 = ORIENTED_EDGE('',*,*,#2356,.F.);
#2356 = EDGE_CURVE('',#2346,#772,#2357,.T.);
#2357 = CIRCLE('',#2358,4.7625);
#2358 = AXIS2_PLACEMENT_3D('',#2359,#2360,#2361);
#2359 = CARTESIAN_POINT('',(-10.76401491063,-12.7,67.437));
#2360 = DIRECTION('',(-1.,-0.,0.));
#2361 = DIRECTION('',(0.,-1.,-2.98390650188E-15));
#2362 = TOROIDAL_SURFACE('',#2363,7.9375,3.175);
#2363 = AXIS2_PLACEMENT_3D('',#2364,#2365,#2366);
#2364 = CARTESIAN_POINT('',(-10.76401491063,-12.7,67.437));
#2365 = DIRECTION('',(1.,0.,0.));
#2366 = DIRECTION('',(0.,-1.,-2.98390650188E-15));
#2367 = ADVANCED_FACE('',(#2368),#2397,.T.);
#2368 = FACE_BOUND('',#2369,.F.);
#2369 = EDGE_LOOP('',(#2370,#2378,#2385,#2386,#2393,#2394,#2395,#2396));
#2370 = ORIENTED_EDGE('',*,*,#2371,.T.);
#2371 = EDGE_CURVE('',#2346,#2372,#2374,.T.);
#2372 = VERTEX_POINT('',#2373);
#2373 = CARTESIAN_POINT('',(-12.66901491063,-17.4625,67.437));
#2374 = LINE('',#2375,#2376);
#2375 = CARTESIAN_POINT('',(-7.589014910633,-17.4625,67.437));
#2376 = VECTOR('',#2377,1.);
#2377 = DIRECTION('',(-1.,0.,0.));
#2378 = ORIENTED_EDGE('',*,*,#2379,.T.);
#2379 = EDGE_CURVE('',#2372,#2372,#2380,.T.);
#2380 = CIRCLE('',#2381,4.7625);
#2381 = AXIS2_PLACEMENT_3D('',#2382,#2383,#2384);
#2382 = CARTESIAN_POINT('',(-12.66901491063,-12.7,67.437));
#2383 = DIRECTION('',(-1.,0.,0.));
#2384 = DIRECTION('',(0.,-1.,0.));
#2385 = ORIENTED_EDGE('',*,*,#2371,.F.);
#2386 = ORIENTED_EDGE('',*,*,#2387,.F.);
#2387 = EDGE_CURVE('',#2212,#2346,#2388,.T.);
#2388 = CIRCLE('',#2389,4.7625);
#2389 = AXIS2_PLACEMENT_3D('',#2390,#2391,#2392);
#2390 = CARTESIAN_POINT('',(-10.76401491063,-12.7,67.437));
#2391 = DIRECTION('',(-1.,-0.,0.));
#2392 = DIRECTION('',(0.,-1.,-2.98390650188E-15));
#2393 = ORIENTED_EDGE('',*,*,#2219,.F.);
#2394 = ORIENTED_EDGE('',*,*,#2287,.F.);
#2395 = ORIENTED_EDGE('',*,*,#789,.F.);
#2396 = ORIENTED_EDGE('',*,*,#2356,.F.);
#2397 = CYLINDRICAL_SURFACE('',#2398,4.7625);
#2398 = AXIS2_PLACEMENT_3D('',#2399,#2400,#2401);
#2399 = CARTESIAN_POINT('',(-7.589014910633,-12.7,67.437));
#2400 = DIRECTION('',(1.,0.,0.));
#2401 = DIRECTION('',(0.,-1.,0.));
#2402 = ADVANCED_FACE('',(#2403),#2409,.F.);
#2403 = FACE_BOUND('',#2404,.T.);
#2404 = EDGE_LOOP('',(#2405,#2406,#2407,#2408));
#2405 = ORIENTED_EDGE('',*,*,#2211,.F.);
#2406 = ORIENTED_EDGE('',*,*,#844,.T.);
#2407 = ORIENTED_EDGE('',*,*,#2345,.T.);
#2408 = ORIENTED_EDGE('',*,*,#2387,.F.);
#2409 = TOROIDAL_SURFACE('',#2410,7.9375,3.175);
#2410 = AXIS2_PLACEMENT_3D('',#2411,#2412,#2413);
#2411 = CARTESIAN_POINT('',(-10.76401491063,-12.7,67.437));
#2412 = DIRECTION('',(1.,0.,0.));
#2413 = DIRECTION('',(0.,-1.,-2.98390650188E-15));
#2414 = ADVANCED_FACE('',(#2415),#2438,.T.);
#2415 = FACE_BOUND('',#2416,.F.);
#2416 = EDGE_LOOP('',(#2417,#2418,#2419,#2420,#2421,#2422,#2423,#2424,
    #2425,#2426,#2427,#2428,#2429,#2430,#2431,#2432,#2433,#2434,#2435,
    #2436,#2437));
#2417 = ORIENTED_EDGE('',*,*,#876,.F.);
#2418 = ORIENTED_EDGE('',*,*,#1416,.F.);
#2419 = ORIENTED_EDGE('',*,*,#1388,.F.);
#2420 = ORIENTED_EDGE('',*,*,#1360,.F.);
#2421 = ORIENTED_EDGE('',*,*,#1332,.F.);
#2422 = ORIENTED_EDGE('',*,*,#1304,.F.);
#2423 = ORIENTED_EDGE('',*,*,#1276,.F.);
#2424 = ORIENTED_EDGE('',*,*,#1248,.F.);
#2425 = ORIENTED_EDGE('',*,*,#1220,.F.);
#2426 = ORIENTED_EDGE('',*,*,#1192,.F.);
#2427 = ORIENTED_EDGE('',*,*,#1164,.F.);
#2428 = ORIENTED_EDGE('',*,*,#1136,.F.);
#2429 = ORIENTED_EDGE('',*,*,#1108,.F.);
#2430 = ORIENTED_EDGE('',*,*,#1080,.F.);
#2431 = ORIENTED_EDGE('',*,*,#1052,.F.);
#2432 = ORIENTED_EDGE('',*,*,#1028,.F.);
#2433 = ORIENTED_EDGE('',*,*,#1004,.F.);
#2434 = ORIENTED_EDGE('',*,*,#976,.F.);
#2435 = ORIENTED_EDGE('',*,*,#952,.F.);
#2436 = ORIENTED_EDGE('',*,*,#928,.F.);
#2437 = ORIENTED_EDGE('',*,*,#900,.F.);
#2438 = PLANE('',#2439);
#2439 = AXIS2_PLACEMENT_3D('',#2440,#2441,#2442);
#2440 = CARTESIAN_POINT('',(-4.977359834105,16.519502969518,73.0791));
#2441 = DIRECTION('',(0.,0.,1.));
#2442 = DIRECTION('',(-2.22044604925E-16,-1.,0.));
#2443 = ADVANCED_FACE('',(#2444),#2452,.T.);
#2444 = FACE_BOUND('',#2445,.F.);
#2445 = EDGE_LOOP('',(#2446,#2447,#2448,#2449,#2450,#2451));
#2446 = ORIENTED_EDGE('',*,*,#1440,.F.);
#2447 = ORIENTED_EDGE('',*,*,#1580,.F.);
#2448 = ORIENTED_EDGE('',*,*,#1552,.F.);
#2449 = ORIENTED_EDGE('',*,*,#1524,.F.);
#2450 = ORIENTED_EDGE('',*,*,#1496,.F.);
#2451 = ORIENTED_EDGE('',*,*,#1468,.F.);
#2452 = PLANE('',#2453);
#2453 = AXIS2_PLACEMENT_3D('',#2454,#2455,#2456);
#2454 = CARTESIAN_POINT('',(-3.917418653883,14.370537364799,73.0791));
#2455 = DIRECTION('',(0.,0.,1.));
#2456 = DIRECTION('',(-2.22044604925E-16,-1.,0.));
#2457 = ADVANCED_FACE('',(#2458),#2466,.T.);
#2458 = FACE_BOUND('',#2459,.F.);
#2459 = EDGE_LOOP('',(#2460,#2461,#2462,#2463,#2464,#2465));
#2460 = ORIENTED_EDGE('',*,*,#1604,.F.);
#2461 = ORIENTED_EDGE('',*,*,#1744,.F.);
#2462 = ORIENTED_EDGE('',*,*,#1716,.F.);
#2463 = ORIENTED_EDGE('',*,*,#1688,.F.);
#2464 = ORIENTED_EDGE('',*,*,#1660,.F.);
#2465 = ORIENTED_EDGE('',*,*,#1632,.F.);
#2466 = PLANE('',#2467);
#2467 = AXIS2_PLACEMENT_3D('',#2468,#2469,#2470);
#2468 = CARTESIAN_POINT('',(-3.917418653883,14.370537364799,73.0791));
#2469 = DIRECTION('',(0.,0.,1.));
#2470 = DIRECTION('',(-2.22044604925E-16,-1.,0.));
#2471 = ADVANCED_FACE('',(#2472),#2478,.T.);
#2472 = FACE_BOUND('',#2473,.F.);
#2473 = EDGE_LOOP('',(#2474,#2475,#2476,#2477));
#2474 = ORIENTED_EDGE('',*,*,#1768,.F.);
#2475 = ORIENTED_EDGE('',*,*,#1852,.F.);
#2476 = ORIENTED_EDGE('',*,*,#1824,.F.);
#2477 = ORIENTED_EDGE('',*,*,#1796,.F.);
#2478 = PLANE('',#2479);
#2479 = AXIS2_PLACEMENT_3D('',#2480,#2481,#2482);
#2480 = CARTESIAN_POINT('',(-6.374089254559,18.34318876197,73.0791));
#2481 = DIRECTION('',(0.,0.,1.));
#2482 = DIRECTION('',(-2.22044604925E-16,-1.,0.));
#2483 = ADVANCED_FACE('',(#2484,#2493),#2531,.T.);
#2484 = FACE_BOUND('',#2485,.F.);
#2485 = EDGE_LOOP('',(#2486,#2487,#2488,#2489,#2490,#2491,#2492));
#2486 = ORIENTED_EDGE('',*,*,#1880,.F.);
#2487 = ORIENTED_EDGE('',*,*,#2048,.F.);
#2488 = ORIENTED_EDGE('',*,*,#2020,.F.);
#2489 = ORIENTED_EDGE('',*,*,#1992,.F.);
#2490 = ORIENTED_EDGE('',*,*,#1964,.F.);
#2491 = ORIENTED_EDGE('',*,*,#1936,.F.);
#2492 = ORIENTED_EDGE('',*,*,#1908,.F.);
#2493 = FACE_BOUND('',#2494,.F.);
#2494 = EDGE_LOOP('',(#2495,#2506,#2515,#2524));
#2495 = ORIENTED_EDGE('',*,*,#2496,.F.);
#2496 = EDGE_CURVE('',#2497,#2499,#2501,.T.);
#2497 = VERTEX_POINT('',#2498);
#2498 = CARTESIAN_POINT('',(-3.478756705051,20.13718174945,73.0791));
#2499 = VERTEX_POINT('',#2500);
#2500 = CARTESIAN_POINT('',(-5.02101545112,19.518936613836,73.0791));
#2501 = B_SPLINE_CURVE_WITH_KNOTS('',3,(#2502,#2503,#2504,#2505),
  .UNSPECIFIED.,.F.,.F.,(4,4),(0.,1.),.PIECEWISE_BEZIER_KNOTS.);
#2502 = CARTESIAN_POINT('',(-3.478756705051,20.13718174945,73.0791));
#2503 = CARTESIAN_POINT('',(-3.478756705051,19.734534589465,73.0791));
#2504 = CARTESIAN_POINT('',(-4.019935704658,19.518936613836,73.0791));
#2505 = CARTESIAN_POINT('',(-5.02101545112,19.518936613836,73.0791));
#2506 = ORIENTED_EDGE('',*,*,#2507,.F.);
#2507 = EDGE_CURVE('',#2508,#2497,#2510,.T.);
#2508 = VERTEX_POINT('',#2509);
#2509 = CARTESIAN_POINT('',(-5.025695580837,20.764943148821,73.0791));
#2510 = B_SPLINE_CURVE_WITH_KNOTS('',3,(#2511,#2512,#2513,#2514),
  .UNSPECIFIED.,.F.,.F.,(4,4),(0.,1.),.PIECEWISE_BEZIER_KNOTS.);
#2511 = CARTESIAN_POINT('',(-5.025695580837,20.764943148821,73.0791));
#2512 = CARTESIAN_POINT('',(-4.005583306859,20.764943148821,73.0791));
#2513 = CARTESIAN_POINT('',(-3.478756705051,20.549345173192,73.0791));
#2514 = CARTESIAN_POINT('',(-3.478756705051,20.13718174945,73.0791));
#2515 = ORIENTED_EDGE('',*,*,#2516,.F.);
#2516 = EDGE_CURVE('',#2517,#2508,#2519,.T.);
#2517 = VERTEX_POINT('',#2518);
#2518 = CARTESIAN_POINT('',(-6.534413397268,20.142017883491,73.0791));
#2519 = B_SPLINE_CURVE_WITH_KNOTS('',3,(#2520,#2521,#2522,#2523),
  .UNSPECIFIED.,.F.,.F.,(4,4),(0.,1.),.PIECEWISE_BEZIER_KNOTS.);
#2520 = CARTESIAN_POINT('',(-6.534413397268,20.142017883491,73.0791));
#2521 = CARTESIAN_POINT('',(-6.534413397268,20.554025302909,73.0791));
#2522 = CARTESIAN_POINT('',(-6.021939193258,20.764943148821,73.0791));
#2523 = CARTESIAN_POINT('',(-5.025695580837,20.764943148821,73.0791));
#2524 = ORIENTED_EDGE('',*,*,#2525,.F.);
#2525 = EDGE_CURVE('',#2499,#2517,#2526,.T.);
#2526 = B_SPLINE_CURVE_WITH_KNOTS('',3,(#2527,#2528,#2529,#2530),
  .UNSPECIFIED.,.F.,.F.,(4,4),(0.,1.),.PIECEWISE_BEZIER_KNOTS.);
#2527 = CARTESIAN_POINT('',(-5.02101545112,19.518936613836,73.0791));
#2528 = CARTESIAN_POINT('',(-6.021939193258,19.518936613836,73.0791));
#2529 = CARTESIAN_POINT('',(-6.534413397268,19.729854459748,73.0791));
#2530 = CARTESIAN_POINT('',(-6.534413397268,20.142017883491,73.0791));
#2531 = PLANE('',#2532);
#2532 = AXIS2_PLACEMENT_3D('',#2533,#2534,#2535);
#2533 = CARTESIAN_POINT('',(-5.011377965837,20.144646244783,73.0791));
#2534 = DIRECTION('',(0.,0.,1.));
#2535 = DIRECTION('',(-2.22044604925E-16,-1.,0.));
#2536 = ADVANCED_FACE('',(#2537,#2540),#2551,.F.);
#2537 = FACE_BOUND('',#2538,.T.);
#2538 = EDGE_LOOP('',(#2539));
#2539 = ORIENTED_EDGE('',*,*,#2078,.T.);
#2540 = FACE_BOUND('',#2541,.F.);
#2541 = EDGE_LOOP('',(#2542));
#2542 = ORIENTED_EDGE('',*,*,#2543,.T.);
#2543 = EDGE_CURVE('',#2544,#2544,#2546,.T.);
#2544 = VERTEX_POINT('',#2545);
#2545 = CARTESIAN_POINT('',(-12.66901491063,9.70026,67.437));
#2546 = CIRCLE('',#2547,2.99974);
#2547 = AXIS2_PLACEMENT_3D('',#2548,#2549,#2550);
#2548 = CARTESIAN_POINT('',(-12.66901491063,12.7,67.437));
#2549 = DIRECTION('',(-1.,0.,0.));
#2550 = DIRECTION('',(0.,-1.,0.));
#2551 = PLANE('',#2552);
#2552 = AXIS2_PLACEMENT_3D('',#2553,#2554,#2555);
#2553 = CARTESIAN_POINT('',(-12.66901491063,5.196886969472E-15,67.437));
#2554 = DIRECTION('',(1.,0.,0.));
#2555 = DIRECTION('',(0.,0.,1.));
#2556 = ADVANCED_FACE('',(#2557),#2584,.T.);
#2557 = FACE_BOUND('',#2558,.T.);
#2558 = EDGE_LOOP('',(#2559,#2568,#2576,#2583));
#2559 = ORIENTED_EDGE('',*,*,#2560,.F.);
#2560 = EDGE_CURVE('',#2561,#2315,#2563,.T.);
#2561 = VERTEX_POINT('',#2562);
#2562 = CARTESIAN_POINT('',(10.033,-22.225,57.997046345453));
#2563 = CIRCLE('',#2564,9.525);
#2564 = AXIS2_PLACEMENT_3D('',#2565,#2566,#2567);
#2565 = CARTESIAN_POINT('',(8.763,-22.225,67.437));
#2566 = DIRECTION('',(0.,-1.,2.22044604925E-16));
#2567 = DIRECTION('',(1.,0.,0.));
#2568 = ORIENTED_EDGE('',*,*,#2569,.T.);
#2569 = EDGE_CURVE('',#2561,#2570,#2572,.T.);
#2570 = VERTEX_POINT('',#2571);
#2571 = CARTESIAN_POINT('',(10.033,22.225,57.997046345453));
#2572 = LINE('',#2573,#2574);
#2573 = CARTESIAN_POINT('',(10.033,-22.225,57.997046345453));
#2574 = VECTOR('',#2575,1.);
#2575 = DIRECTION('',(-0.,1.,-2.22044604925E-16));
#2576 = ORIENTED_EDGE('',*,*,#2577,.T.);
#2577 = EDGE_CURVE('',#2570,#2324,#2578,.T.);
#2578 = CIRCLE('',#2579,9.525);
#2579 = AXIS2_PLACEMENT_3D('',#2580,#2581,#2582);
#2580 = CARTESIAN_POINT('',(8.763,22.225,67.437));
#2581 = DIRECTION('',(0.,-1.,2.22044604925E-16));
#2582 = DIRECTION('',(1.,0.,0.));
#2583 = ORIENTED_EDGE('',*,*,#2331,.F.);
#2584 = CYLINDRICAL_SURFACE('',#2585,9.525);
#2585 = AXIS2_PLACEMENT_3D('',#2586,#2587,#2588);
#2586 = CARTESIAN_POINT('',(8.763,-22.225,67.437));
#2587 = DIRECTION('',(0.,-1.,2.22044604925E-16));
#2588 = DIRECTION('',(1.,0.,0.));
#2589 = ADVANCED_FACE('',(#2590),#2615,.F.);
#2590 = FACE_BOUND('',#2591,.F.);
#2591 = EDGE_LOOP('',(#2592,#2600,#2608,#2614));
#2592 = ORIENTED_EDGE('',*,*,#2593,.F.);
#2593 = EDGE_CURVE('',#2594,#2169,#2596,.T.);
#2594 = VERTEX_POINT('',#2595);
#2595 = CARTESIAN_POINT('',(7.493,-22.225,61.085730126975));
#2596 = LINE('',#2597,#2598);
#2597 = CARTESIAN_POINT('',(7.493,-22.225,61.085730126975));
#2598 = VECTOR('',#2599,1.);
#2599 = DIRECTION('',(0.,-2.22044604925E-16,-1.));
#2600 = ORIENTED_EDGE('',*,*,#2601,.T.);
#2601 = EDGE_CURVE('',#2594,#2602,#2604,.T.);
#2602 = VERTEX_POINT('',#2603);
#2603 = CARTESIAN_POINT('',(7.493,22.225,61.085730126975));
#2604 = LINE('',#2605,#2606);
#2605 = CARTESIAN_POINT('',(7.493,-22.225,61.085730126975));
#2606 = VECTOR('',#2607,1.);
#2607 = DIRECTION('',(-0.,1.,-2.22044604925E-16));
#2608 = ORIENTED_EDGE('',*,*,#2609,.T.);
#2609 = EDGE_CURVE('',#2602,#2179,#2610,.T.);
#2610 = LINE('',#2611,#2612);
#2611 = CARTESIAN_POINT('',(7.493,22.225,64.261365063487));
#2612 = VECTOR('',#2613,1.);
#2613 = DIRECTION('',(-0.,0.,-1.));
#2614 = ORIENTED_EDGE('',*,*,#2187,.F.);
#2615 = PLANE('',#2616);
#2616 = AXIS2_PLACEMENT_3D('',#2617,#2618,#2619);
#2617 = CARTESIAN_POINT('',(7.493,-22.225,61.085730126975));
#2618 = DIRECTION('',(-1.,-0.,0.));
#2619 = DIRECTION('',(0.,-2.22044604925E-16,-1.));
#2620 = ADVANCED_FACE('',(#2621),#2648,.F.);
#2621 = FACE_BOUND('',#2622,.F.);
#2622 = EDGE_LOOP('',(#2623,#2632,#2640,#2647));
#2623 = ORIENTED_EDGE('',*,*,#2624,.F.);
#2624 = EDGE_CURVE('',#2625,#2594,#2627,.T.);
#2625 = VERTEX_POINT('',#2626);
#2626 = CARTESIAN_POINT('',(10.033,-22.225,61.085730126975));
#2627 = CIRCLE('',#2628,6.477);
#2628 = AXIS2_PLACEMENT_3D('',#2629,#2630,#2631);
#2629 = CARTESIAN_POINT('',(8.763,-22.225,67.437));
#2630 = DIRECTION('',(0.,-1.,2.22044604925E-16));
#2631 = DIRECTION('',(1.,0.,0.));
#2632 = ORIENTED_EDGE('',*,*,#2633,.T.);
#2633 = EDGE_CURVE('',#2625,#2634,#2636,.T.);
#2634 = VERTEX_POINT('',#2635);
#2635 = CARTESIAN_POINT('',(10.033,22.225,61.085730126975));
#2636 = LINE('',#2637,#2638);
#2637 = CARTESIAN_POINT('',(10.033,-22.225,61.085730126975));
#2638 = VECTOR('',#2639,1.);
#2639 = DIRECTION('',(-0.,1.,-2.22044604925E-16));
#2640 = ORIENTED_EDGE('',*,*,#2641,.T.);
#2641 = EDGE_CURVE('',#2634,#2602,#2642,.T.);
#2642 = CIRCLE('',#2643,6.477);
#2643 = AXIS2_PLACEMENT_3D('',#2644,#2645,#2646);
#2644 = CARTESIAN_POINT('',(8.763,22.225,67.437));
#2645 = DIRECTION('',(0.,-1.,2.22044604925E-16));
#2646 = DIRECTION('',(1.,0.,0.));
#2647 = ORIENTED_EDGE('',*,*,#2601,.F.);
#2648 = CYLINDRICAL_SURFACE('',#2649,6.477);
#2649 = AXIS2_PLACEMENT_3D('',#2650,#2651,#2652);
#2650 = CARTESIAN_POINT('',(8.763,-22.225,67.437));
#2651 = DIRECTION('',(0.,-1.,2.22044604925E-16));
#2652 = DIRECTION('',(1.,0.,0.));
#2653 = ADVANCED_FACE('',(#2654),#2670,.F.);
#2654 = FACE_BOUND('',#2655,.F.);
#2655 = EDGE_LOOP('',(#2656,#2662,#2663,#2669));
#2656 = ORIENTED_EDGE('',*,*,#2657,.F.);
#2657 = EDGE_CURVE('',#2561,#2625,#2658,.T.);
#2658 = LINE('',#2659,#2660);
#2659 = CARTESIAN_POINT('',(10.033,-22.225,57.997046345453));
#2660 = VECTOR('',#2661,1.);
#2661 = DIRECTION('',(0.,2.22044604925E-16,1.));
#2662 = ORIENTED_EDGE('',*,*,#2569,.T.);
#2663 = ORIENTED_EDGE('',*,*,#2664,.T.);
#2664 = EDGE_CURVE('',#2570,#2634,#2665,.T.);
#2665 = LINE('',#2666,#2667);
#2666 = CARTESIAN_POINT('',(10.033,22.225,62.717023172726));
#2667 = VECTOR('',#2668,1.);
#2668 = DIRECTION('',(0.,-0.,1.));
#2669 = ORIENTED_EDGE('',*,*,#2633,.F.);
#2670 = PLANE('',#2671);
#2671 = AXIS2_PLACEMENT_3D('',#2672,#2673,#2674);
#2672 = CARTESIAN_POINT('',(10.033,-22.225,57.997046345453));
#2673 = DIRECTION('',(1.,0.,-0.));
#2674 = DIRECTION('',(0.,2.22044604925E-16,1.));
#2675 = ADVANCED_FACE('',(#2676,#2679),#2690,.F.);
#2676 = FACE_BOUND('',#2677,.T.);
#2677 = EDGE_LOOP('',(#2678));
#2678 = ORIENTED_EDGE('',*,*,#2379,.T.);
#2679 = FACE_BOUND('',#2680,.F.);
#2680 = EDGE_LOOP('',(#2681));
#2681 = ORIENTED_EDGE('',*,*,#2682,.T.);
#2682 = EDGE_CURVE('',#2683,#2683,#2685,.T.);
#2683 = VERTEX_POINT('',#2684);
#2684 = CARTESIAN_POINT('',(-12.66901491063,-15.69974,67.437));
#2685 = CIRCLE('',#2686,2.99974);
#2686 = AXIS2_PLACEMENT_3D('',#2687,#2688,#2689);
#2687 = CARTESIAN_POINT('',(-12.66901491063,-12.7,67.437));
#2688 = DIRECTION('',(-1.,0.,0.));
#2689 = DIRECTION('',(0.,-1.,0.));
#2690 = PLANE('',#2691);
#2691 = AXIS2_PLACEMENT_3D('',#2692,#2693,#2694);
#2692 = CARTESIAN_POINT('',(-12.66901491063,5.196886969472E-15,67.437));
#2693 = DIRECTION('',(1.,0.,0.));
#2694 = DIRECTION('',(0.,0.,1.));
#2695 = ADVANCED_FACE('',(#2696),#2722,.F.);
#2696 = FACE_BOUND('',#2697,.F.);
#2697 = EDGE_LOOP('',(#2698,#2706,#2707,#2715));
#2698 = ORIENTED_EDGE('',*,*,#2699,.T.);
#2699 = EDGE_CURVE('',#2700,#2497,#2702,.T.);
#2700 = VERTEX_POINT('',#2701);
#2701 = CARTESIAN_POINT('',(-3.478756705051,20.13718174945,74.0791));
#2702 = LINE('',#2703,#2704);
#2703 = CARTESIAN_POINT('',(-3.478756705051,20.13718174945,74.0791));
#2704 = VECTOR('',#2705,1.);
#2705 = DIRECTION('',(-0.,-0.,-1.));
#2706 = ORIENTED_EDGE('',*,*,#2496,.T.);
#2707 = ORIENTED_EDGE('',*,*,#2708,.F.);
#2708 = EDGE_CURVE('',#2709,#2499,#2711,.T.);
#2709 = VERTEX_POINT('',#2710);
#2710 = CARTESIAN_POINT('',(-5.02101545112,19.518936613836,74.0791));
#2711 = LINE('',#2712,#2713);
#2712 = CARTESIAN_POINT('',(-5.02101545112,19.518936613836,74.0791));
#2713 = VECTOR('',#2714,1.);
#2714 = DIRECTION('',(-0.,-0.,-1.));
#2715 = ORIENTED_EDGE('',*,*,#2716,.F.);
#2716 = EDGE_CURVE('',#2700,#2709,#2717,.T.);
#2717 = B_SPLINE_CURVE_WITH_KNOTS('',3,(#2718,#2719,#2720,#2721),
  .UNSPECIFIED.,.F.,.F.,(4,4),(0.,1.),.PIECEWISE_BEZIER_KNOTS.);
#2718 = CARTESIAN_POINT('',(-3.478756705051,20.13718174945,74.0791));
#2719 = CARTESIAN_POINT('',(-3.478756705051,19.734534589465,74.0791));
#2720 = CARTESIAN_POINT('',(-4.019935704658,19.518936613836,74.0791));
#2721 = CARTESIAN_POINT('',(-5.02101545112,19.518936613836,74.0791));
#2722 = SURFACE_OF_LINEAR_EXTRUSION('',#2723,#2728);
#2723 = B_SPLINE_CURVE_WITH_KNOTS('',3,(#2724,#2725,#2726,#2727),
  .UNSPECIFIED.,.F.,.F.,(4,4),(0.,1.),.PIECEWISE_BEZIER_KNOTS.);
#2724 = CARTESIAN_POINT('',(-3.478756705051,20.13718174945,74.0791));
#2725 = CARTESIAN_POINT('',(-3.478756705051,19.734534589465,74.0791));
#2726 = CARTESIAN_POINT('',(-4.019935704658,19.518936613836,74.0791));
#2727 = CARTESIAN_POINT('',(-5.02101545112,19.518936613836,74.0791));
#2728 = VECTOR('',#2729,1.);
#2729 = DIRECTION('',(0.,0.,1.));
#2730 = ADVANCED_FACE('',(#2731),#2750,.F.);
#2731 = FACE_BOUND('',#2732,.F.);
#2732 = EDGE_LOOP('',(#2733,#2741,#2742,#2743));
#2733 = ORIENTED_EDGE('',*,*,#2734,.T.);
#2734 = EDGE_CURVE('',#2735,#2508,#2737,.T.);
#2735 = VERTEX_POINT('',#2736);
#2736 = CARTESIAN_POINT('',(-5.025695580837,20.764943148821,74.0791));
#2737 = LINE('',#2738,#2739);
#2738 = CARTESIAN_POINT('',(-5.025695580837,20.764943148821,74.0791));
#2739 = VECTOR('',#2740,1.);
#2740 = DIRECTION('',(-0.,-0.,-1.));
#2741 = ORIENTED_EDGE('',*,*,#2507,.T.);
#2742 = ORIENTED_EDGE('',*,*,#2699,.F.);
#2743 = ORIENTED_EDGE('',*,*,#2744,.F.);
#2744 = EDGE_CURVE('',#2735,#2700,#2745,.T.);
#2745 = B_SPLINE_CURVE_WITH_KNOTS('',3,(#2746,#2747,#2748,#2749),
  .UNSPECIFIED.,.F.,.F.,(4,4),(0.,1.),.PIECEWISE_BEZIER_KNOTS.);
#2746 = CARTESIAN_POINT('',(-5.025695580837,20.764943148821,74.0791));
#2747 = CARTESIAN_POINT('',(-4.005583306859,20.764943148821,74.0791));
#2748 = CARTESIAN_POINT('',(-3.478756705051,20.549345173192,74.0791));
#2749 = CARTESIAN_POINT('',(-3.478756705051,20.13718174945,74.0791));
#2750 = SURFACE_OF_LINEAR_EXTRUSION('',#2751,#2756);
#2751 = B_SPLINE_CURVE_WITH_KNOTS('',3,(#2752,#2753,#2754,#2755),
  .UNSPECIFIED.,.F.,.F.,(4,4),(0.,1.),.PIECEWISE_BEZIER_KNOTS.);
#2752 = CARTESIAN_POINT('',(-5.025695580837,20.764943148821,74.0791));
#2753 = CARTESIAN_POINT('',(-4.005583306859,20.764943148821,74.0791));
#2754 = CARTESIAN_POINT('',(-3.478756705051,20.549345173192,74.0791));
#2755 = CARTESIAN_POINT('',(-3.478756705051,20.13718174945,74.0791));
#2756 = VECTOR('',#2757,1.);
#2757 = DIRECTION('',(0.,0.,1.));
#2758 = ADVANCED_FACE('',(#2759),#2778,.F.);
#2759 = FACE_BOUND('',#2760,.F.);
#2760 = EDGE_LOOP('',(#2761,#2769,#2770,#2771));
#2761 = ORIENTED_EDGE('',*,*,#2762,.T.);
#2762 = EDGE_CURVE('',#2763,#2517,#2765,.T.);
#2763 = VERTEX_POINT('',#2764);
#2764 = CARTESIAN_POINT('',(-6.534413397268,20.142017883491,74.0791));
#2765 = LINE('',#2766,#2767);
#2766 = CARTESIAN_POINT('',(-6.534413397268,20.142017883491,74.0791));
#2767 = VECTOR('',#2768,1.);
#2768 = DIRECTION('',(-0.,-0.,-1.));
#2769 = ORIENTED_EDGE('',*,*,#2516,.T.);
#2770 = ORIENTED_EDGE('',*,*,#2734,.F.);
#2771 = ORIENTED_EDGE('',*,*,#2772,.F.);
#2772 = EDGE_CURVE('',#2763,#2735,#2773,.T.);
#2773 = B_SPLINE_CURVE_WITH_KNOTS('',3,(#2774,#2775,#2776,#2777),
  .UNSPECIFIED.,.F.,.F.,(4,4),(0.,1.),.PIECEWISE_BEZIER_KNOTS.);
#2774 = CARTESIAN_POINT('',(-6.534413397268,20.142017883491,74.0791));
#2775 = CARTESIAN_POINT('',(-6.534413397268,20.554025302909,74.0791));
#2776 = CARTESIAN_POINT('',(-6.021939193258,20.764943148821,74.0791));
#2777 = CARTESIAN_POINT('',(-5.025695580837,20.764943148821,74.0791));
#2778 = SURFACE_OF_LINEAR_EXTRUSION('',#2779,#2784);
#2779 = B_SPLINE_CURVE_WITH_KNOTS('',3,(#2780,#2781,#2782,#2783),
  .UNSPECIFIED.,.F.,.F.,(4,4),(0.,1.),.PIECEWISE_BEZIER_KNOTS.);
#2780 = CARTESIAN_POINT('',(-6.534413397268,20.142017883491,74.0791));
#2781 = CARTESIAN_POINT('',(-6.534413397268,20.554025302909,74.0791));
#2782 = CARTESIAN_POINT('',(-6.021939193258,20.764943148821,74.0791));
#2783 = CARTESIAN_POINT('',(-5.025695580837,20.764943148821,74.0791));
#2784 = VECTOR('',#2785,1.);
#2785 = DIRECTION('',(0.,0.,1.));
#2786 = ADVANCED_FACE('',(#2787),#2799,.F.);
#2787 = FACE_BOUND('',#2788,.F.);
#2788 = EDGE_LOOP('',(#2789,#2790,#2791,#2792));
#2789 = ORIENTED_EDGE('',*,*,#2708,.T.);
#2790 = ORIENTED_EDGE('',*,*,#2525,.T.);
#2791 = ORIENTED_EDGE('',*,*,#2762,.F.);
#2792 = ORIENTED_EDGE('',*,*,#2793,.F.);
#2793 = EDGE_CURVE('',#2709,#2763,#2794,.T.);
#2794 = B_SPLINE_CURVE_WITH_KNOTS('',3,(#2795,#2796,#2797,#2798),
  .UNSPECIFIED.,.F.,.F.,(4,4),(0.,1.),.PIECEWISE_BEZIER_KNOTS.);
#2795 = CARTESIAN_POINT('',(-5.02101545112,19.518936613836,74.0791));
#2796 = CARTESIAN_POINT('',(-6.021939193258,19.518936613836,74.0791));
#2797 = CARTESIAN_POINT('',(-6.534413397268,19.729854459748,74.0791));
#2798 = CARTESIAN_POINT('',(-6.534413397268,20.142017883491,74.0791));
#2799 = SURFACE_OF_LINEAR_EXTRUSION('',#2800,#2805);
#2800 = B_SPLINE_CURVE_WITH_KNOTS('',3,(#2801,#2802,#2803,#2804),
  .UNSPECIFIED.,.F.,.F.,(4,4),(0.,1.),.PIECEWISE_BEZIER_KNOTS.);
#2801 = CARTESIAN_POINT('',(-5.02101545112,19.518936613836,74.0791));
#2802 = CARTESIAN_POINT('',(-6.021939193258,19.518936613836,74.0791));
#2803 = CARTESIAN_POINT('',(-6.534413397268,19.729854459748,74.0791));
#2804 = CARTESIAN_POINT('',(-6.534413397268,20.142017883491,74.0791));
#2805 = VECTOR('',#2806,1.);
#2806 = DIRECTION('',(0.,0.,1.));
#2807 = ADVANCED_FACE('',(#2808),#2827,.F.);
#2808 = FACE_BOUND('',#2809,.T.);
#2809 = EDGE_LOOP('',(#2810,#2818,#2819,#2820));
#2810 = ORIENTED_EDGE('',*,*,#2811,.T.);
#2811 = EDGE_CURVE('',#2812,#2544,#2814,.T.);
#2812 = VERTEX_POINT('',#2813);
#2813 = CARTESIAN_POINT('',(-7.589014910633,9.70026,67.437));
#2814 = LINE('',#2815,#2816);
#2815 = CARTESIAN_POINT('',(-7.589014910633,9.70026,67.437));
#2816 = VECTOR('',#2817,1.);
#2817 = DIRECTION('',(-1.,0.,0.));
#2818 = ORIENTED_EDGE('',*,*,#2543,.T.);
#2819 = ORIENTED_EDGE('',*,*,#2811,.F.);
#2820 = ORIENTED_EDGE('',*,*,#2821,.F.);
#2821 = EDGE_CURVE('',#2812,#2812,#2822,.T.);
#2822 = CIRCLE('',#2823,2.99974);
#2823 = AXIS2_PLACEMENT_3D('',#2824,#2825,#2826);
#2824 = CARTESIAN_POINT('',(-7.589014910633,12.7,67.437));
#2825 = DIRECTION('',(-1.,0.,0.));
#2826 = DIRECTION('',(0.,-1.,0.));
#2827 = CYLINDRICAL_SURFACE('',#2828,2.99974);
#2828 = AXIS2_PLACEMENT_3D('',#2829,#2830,#2831);
#2829 = CARTESIAN_POINT('',(-7.589014910633,12.7,67.437));
#2830 = DIRECTION('',(1.,0.,0.));
#2831 = DIRECTION('',(0.,-1.,0.));
#2832 = ADVANCED_FACE('',(#2833),#2852,.F.);
#2833 = FACE_BOUND('',#2834,.T.);
#2834 = EDGE_LOOP('',(#2835,#2843,#2844,#2845));
#2835 = ORIENTED_EDGE('',*,*,#2836,.T.);
#2836 = EDGE_CURVE('',#2837,#2683,#2839,.T.);
#2837 = VERTEX_POINT('',#2838);
#2838 = CARTESIAN_POINT('',(-7.589014910633,-15.69974,67.437));
#2839 = LINE('',#2840,#2841);
#2840 = CARTESIAN_POINT('',(-7.589014910633,-15.69974,67.437));
#2841 = VECTOR('',#2842,1.);
#2842 = DIRECTION('',(-1.,0.,0.));
#2843 = ORIENTED_EDGE('',*,*,#2682,.T.);
#2844 = ORIENTED_EDGE('',*,*,#2836,.F.);
#2845 = ORIENTED_EDGE('',*,*,#2846,.F.);
#2846 = EDGE_CURVE('',#2837,#2837,#2847,.T.);
#2847 = CIRCLE('',#2848,2.99974);
#2848 = AXIS2_PLACEMENT_3D('',#2849,#2850,#2851);
#2849 = CARTESIAN_POINT('',(-7.589014910633,-12.7,67.437));
#2850 = DIRECTION('',(-1.,0.,0.));
#2851 = DIRECTION('',(0.,-1.,0.));
#2852 = CYLINDRICAL_SURFACE('',#2853,2.99974);
#2853 = AXIS2_PLACEMENT_3D('',#2854,#2855,#2856);
#2854 = CARTESIAN_POINT('',(-7.589014910633,-12.7,67.437));
#2855 = DIRECTION('',(1.,0.,0.));
#2856 = DIRECTION('',(0.,-1.,0.));
#2857 = ADVANCED_FACE('',(#2858),#2864,.T.);
#2858 = FACE_BOUND('',#2859,.T.);
#2859 = EDGE_LOOP('',(#2860,#2861,#2862,#2863));
#2860 = ORIENTED_EDGE('',*,*,#2716,.F.);
#2861 = ORIENTED_EDGE('',*,*,#2744,.F.);
#2862 = ORIENTED_EDGE('',*,*,#2772,.F.);
#2863 = ORIENTED_EDGE('',*,*,#2793,.F.);
#2864 = PLANE('',#2865);
#2865 = AXIS2_PLACEMENT_3D('',#2866,#2867,#2868);
#2866 = CARTESIAN_POINT('',(-7.589014910633,22.225,74.0791));
#2867 = DIRECTION('',(0.,2.22044604925E-16,1.));
#2868 = DIRECTION('',(1.,0.,0.));
#2869 = ADVANCED_FACE('',(#2870),#2873,.F.);
#2870 = FACE_BOUND('',#2871,.F.);
#2871 = EDGE_LOOP('',(#2872));
#2872 = ORIENTED_EDGE('',*,*,#2821,.F.);
#2873 = PLANE('',#2874);
#2874 = AXIS2_PLACEMENT_3D('',#2875,#2876,#2877);
#2875 = CARTESIAN_POINT('',(-7.589014910633,22.225,74.0791));
#2876 = DIRECTION('',(1.,0.,0.));
#2877 = DIRECTION('',(0.,-2.22044604925E-16,-1.));
#2878 = ADVANCED_FACE('',(#2879),#2882,.F.);
#2879 = FACE_BOUND('',#2880,.F.);
#2880 = EDGE_LOOP('',(#2881));
#2881 = ORIENTED_EDGE('',*,*,#2846,.F.);
#2882 = PLANE('',#2883);
#2883 = AXIS2_PLACEMENT_3D('',#2884,#2885,#2886);
#2884 = CARTESIAN_POINT('',(-7.589014910633,22.225,74.0791));
#2885 = DIRECTION('',(1.,0.,0.));
#2886 = DIRECTION('',(0.,-2.22044604925E-16,-1.));
#2887 = ADVANCED_FACE('',(#2888),#2900,.T.);
#2888 = FACE_BOUND('',#2889,.T.);
#2889 = EDGE_LOOP('',(#2890,#2891,#2892,#2893,#2894,#2895,#2896,#2897,
    #2898,#2899));
#2890 = ORIENTED_EDGE('',*,*,#48,.F.);
#2891 = ORIENTED_EDGE('',*,*,#125,.T.);
#2892 = ORIENTED_EDGE('',*,*,#755,.F.);
#2893 = ORIENTED_EDGE('',*,*,#2323,.T.);
#2894 = ORIENTED_EDGE('',*,*,#2577,.F.);
#2895 = ORIENTED_EDGE('',*,*,#2664,.T.);
#2896 = ORIENTED_EDGE('',*,*,#2641,.T.);
#2897 = ORIENTED_EDGE('',*,*,#2609,.T.);
#2898 = ORIENTED_EDGE('',*,*,#2178,.F.);
#2899 = ORIENTED_EDGE('',*,*,#633,.F.);
#2900 = PLANE('',#2901);
#2901 = AXIS2_PLACEMENT_3D('',#2902,#2903,#2904);
#2902 = CARTESIAN_POINT('',(5.870975654245,22.225,67.154613929656));
#2903 = DIRECTION('',(0.,1.,0.));
#2904 = DIRECTION('',(0.,-0.,1.));
#2905 = ADVANCED_FACE('',(#2906),#2918,.T.);
#2906 = FACE_BOUND('',#2907,.T.);
#2907 = EDGE_LOOP('',(#2908,#2909,#2910,#2911,#2912,#2913,#2914,#2915,
    #2916,#2917));
#2908 = ORIENTED_EDGE('',*,*,#837,.T.);
#2909 = ORIENTED_EDGE('',*,*,#617,.T.);
#2910 = ORIENTED_EDGE('',*,*,#2168,.T.);
#2911 = ORIENTED_EDGE('',*,*,#2593,.F.);
#2912 = ORIENTED_EDGE('',*,*,#2624,.F.);
#2913 = ORIENTED_EDGE('',*,*,#2657,.F.);
#2914 = ORIENTED_EDGE('',*,*,#2560,.T.);
#2915 = ORIENTED_EDGE('',*,*,#2314,.F.);
#2916 = ORIENTED_EDGE('',*,*,#738,.T.);
#2917 = ORIENTED_EDGE('',*,*,#109,.F.);
#2918 = PLANE('',#2919);
#2919 = AXIS2_PLACEMENT_3D('',#2920,#2921,#2922);
#2920 = CARTESIAN_POINT('',(5.870975654245,-22.225,67.154613929656));
#2921 = DIRECTION('',(5.62536436968E-16,-1.,-0.));
#2922 = DIRECTION('',(-1.,-5.62536436968E-16,0.));
#2923 = ( GEOMETRIC_REPRESENTATION_CONTEXT(3) 
GLOBAL_UNCERTAINTY_ASSIGNED_CONTEXT((#2927)) 
GLOBAL_UNIT_ASSIGNED_CONTEXT((#2924,#2925,#2926)) REPRESENTATION_CONTEXT
('Context #1','3D Context with UNIT and UNCERTAINTY') );
#2924 = ( LENGTH_UNIT() NAMED_UNIT(*) SI_UNIT(.MILLI.,.METRE.) );
#2925 = ( NAMED_UNIT(*) PLANE_ANGLE_UNIT() SI_UNIT($,.RADIAN.) );
#2926 = ( NAMED_UNIT(*) SI_UNIT($,.STERADIAN.) SOLID_ANGLE_UNIT() );
#2927 = UNCERTAINTY_MEASURE_WITH_UNIT(LENGTH_MEASURE(1.E-05),#2924,
  'distance_accuracy_value','confusion accuracy');
#2928 = PRODUCT_RELATED_PRODUCT_CATEGORY('part',$,(#7));
#2929 = MECHANICAL_DESIGN_GEOMETRIC_PRESENTATION_REPRESENTATION('',(
    #2930),#2923);
#2930 = STYLED_ITEM('color',(#2931),#15);
#2931 = PRESENTATION_STYLE_ASSIGNMENT((#2932,#2938));
#2932 = SURFACE_STYLE_USAGE(.BOTH.,#2933);
#2933 = SURFACE_SIDE_STYLE('',(#2934));
#2934 = SURFACE_STYLE_FILL_AREA(#2935);
#2935 = FILL_AREA_STYLE('',(#2936));
#2936 = FILL_AREA_STYLE_COLOUR('',#2937);
#2937 = COLOUR_RGB('',0.678431390124,0.709803936702,0.741176476869);
#2938 = CURVE_STYLE('',#2939,POSITIVE_LENGTH_MEASURE(0.1),#2940);
#2939 = DRAUGHTING_PRE_DEFINED_CURVE_FONT('continuous');
#2940 = COLOUR_RGB('',9.803921802644E-02,9.803921802644E-02,
  9.803921802644E-02);
ENDSEC;
END-ISO-10303-21;
